timestamp,date,DEXUSEU,DEXJPUS,DEXUSUK,DEXCAUS,DEXSZUS,DEXSDUS,DEXUSEU_return,DEXJPUS_return,DEXUSUK_return,DEXCAUS_return,DEXSZUS_return,DEXSDUS_return,DXY_proxy,DEXUSEU_normalized,DEXJPUS_normalized,DEXUSUK_normalized,DEXCAUS_normalized,DEXSZUS_normalized,DEXSDUS_normalized,DXY_proxy_return,dayofweek,fed_funds_df_date,value,fed_funds_df_dayofweek,fred_df_date,CPIAUCSL,UNRATE,FEDFUNDS,DGS10,DGS2,TB3MS,T10Y2Y,INDPRO,RSXFSN,M2SL,GDPC1,PCEPI,UMCSENT,BAA10YM,PPIACO,fred_df_dayofweek,vix_daily_df_date,open,high,low,close,volume,symbol,return,vix_daily_df_dayofweek,fx_df_date,EUR_USD,GBP_USD,USD_JPY,USD_CAD,AUD_USD,NZD_USD,USD_CHF,fx_df_dayofweek
2020-07-10,2021-07-02,1.0860103896103894,138.36648351648353,1.2723084915084917,1.3387159840159841,0.9065211788211788,10.189976423576423,1.7420000000000074e-06,0.000282524,1.5157000000000018e-05,0.000107107,-0.000131059,0.00012570300000000004,90.46100674725275,91.66191675824176,81.37544374425573,92.22968404295705,92.36440729770229,101.95294091808192,84.4257861978022,-3.467600000000001e-05,4.033966033966034,2021-07-01,3.3587499999999997,4.15625,2021-07-02,302.7755117227319,3.8927624872579,3.581304791029561,3.5051348651348655,3.5293306693306694,3.61592252803262,-0.024195804195804214,102.57233200815496,589797.0968399593,21238.371967380222,22732.834846481874,119.76254026503567,65.20672782874617,1.8339653414882773,256.22076962283387,4.033966033966034,2020-07-10,30.86,30.91,27.13,27.29,0.0,VIX,-0.0673274094326726,6.0,2021-07-02,1.3055136886294159,1.5801088207870895,43769606179769.55,1.4065100494773115,0.8743551058358242,0.8313589939484075,1.0351913964153014,4.033966033966034
2020-07-13,2021-07-02,1.0860103896103894,138.36648351648353,1.2723084915084917,1.3387159840159841,0.9065211788211788,10.189976423576423,1.7420000000000074e-06,0.000282524,1.5157000000000018e-05,0.000107107,-0.000131059,0.00012570300000000004,90.46100674725275,91.66191675824176,81.37544374425573,92.22968404295705,92.36440729770229,101.95294091808192,84.4257861978022,-3.467600000000001e-05,4.033966033966034,2021-07-01,3.3587499999999997,4.15625,2021-07-02,302.7755117227319,3.8927624872579,3.581304791029561,3.5051348651348655,3.5293306693306694,3.61592252803262,-0.024195804195804214,102.57233200815496,589797.0968399593,21238.371967380222,22732.834846481874,119.76254026503567,65.20672782874617,1.8339653414882773,256.22076962283387,4.033966033966034,2020-07-13,27.85,32.45,26.87,32.19,0.0,VIX,0.1795529497984609,2.0,2021-07-02,1.3055136886294159,1.5801088207870895,43769606179769.55,1.4065100494773115,0.8743551058358242,0.8313589939484075,1.0351913964153014,4.033966033966034
2020-07-21,2021-07-02,1.0860103896103894,138.36648351648353,1.2723084915084917,1.3387159840159841,0.9065211788211788,10.189976423576423,1.7420000000000074e-06,0.000282524,1.5157000000000018e-05,0.000107107,-0.000131059,0.00012570300000000004,90.46100674725275,91.66191675824176,81.37544374425573,92.22968404295705,92.36440729770229,101.95294091808192,84.4257861978022,-3.467600000000001e-05,4.033966033966034,2021-07-01,3.3587499999999997,4.15625,2021-07-02,302.7755117227319,3.8927624872579,3.581304791029561,3.5051348651348655,3.5293306693306694,3.61592252803262,-0.024195804195804214,102.57233200815496,589797.0968399593,21238.371967380222,22732.834846481874,119.76254026503567,65.20672782874617,1.8339653414882773,256.22076962283387,4.033966033966034,2020-07-21,24.08,25.65,23.61,24.84,0.0,VIX,0.0155355682747342,3.0,2021-07-02,1.3055136886294159,1.5801088207870895,43769606179769.55,1.4065100494773115,0.8743551058358242,0.8313589939484075,1.0351913964153014,4.033966033966034
2020-07-23,2021-07-02,1.0860103896103894,138.36648351648353,1.2723084915084917,1.3387159840159841,0.9065211788211788,10.189976423576423,1.7420000000000074e-06,0.000282524,1.5157000000000018e-05,0.000107107,-0.000131059,0.00012570300000000004,90.46100674725275,91.66191675824176,81.37544374425573,92.22968404295705,92.36440729770229,101.95294091808192,84.4257861978022,-3.467600000000001e-05,4.033966033966034,2021-07-01,3.3587499999999997,4.15625,2021-07-02,302.7755117227319,3.8927624872579,3.581304791029561,3.5051348651348655,3.5293306693306694,3.61592252803262,-0.024195804195804214,102.57233200815496,589797.0968399593,21238.371967380222,22732.834846481874,119.76254026503567,65.20672782874617,1.8339653414882773,256.22076962283387,4.033966033966034,2020-07-23,23.97,26.95,23.6,26.08,0.0,VIX,0.0723684210526314,5.0,2021-07-02,1.3055136886294159,1.5801088207870895,43769606179769.55,1.4065100494773115,0.8743551058358242,0.8313589939484075,1.0351913964153014,4.033966033966034
2020-07-27,2021-07-02,1.0860103896103894,138.36648351648353,1.2723084915084917,1.3387159840159841,0.9065211788211788,10.189976423576423,1.7420000000000074e-06,0.000282524,1.5157000000000018e-05,0.000107107,-0.000131059,0.00012570300000000004,90.46100674725275,91.66191675824176,81.37544374425573,92.22968404295705,92.36440729770229,101.95294091808192,84.4257861978022,-3.467600000000001e-05,4.033966033966034,2021-07-01,3.3587499999999997,4.15625,2021-07-02,302.7755117227319,3.8927624872579,3.581304791029561,3.5051348651348655,3.5293306693306694,3.61592252803262,-0.024195804195804214,102.57233200815496,589797.0968399593,21238.371967380222,22732.834846481874,119.76254026503567,65.20672782874617,1.8339653414882773,256.22076962283387,4.033966033966034,2020-07-27,26.6,26.94,24.55,24.74,0.0,VIX,-0.0425696594427245,2.0,2021-07-02,1.3055136886294159,1.5801088207870895,43769606179769.55,1.4065100494773115,0.8743551058358242,0.8313589939484075,1.0351913964153014,4.033966033966034
2020-07-30,2021-07-02,1.0860103896103894,138.36648351648353,1.2723084915084917,1.3387159840159841,0.9065211788211788,10.189976423576423,1.7420000000000074e-06,0.000282524,1.5157000000000018e-05,0.000107107,-0.000131059,0.00012570300000000004,90.46100674725275,91.66191675824176,81.37544374425573,92.22968404295705,92.36440729770229,101.95294091808192,84.4257861978022,-3.467600000000001e-05,4.033966033966034,2021-07-01,3.3587499999999997,4.15625,2021-07-02,302.7755117227319,3.8927624872579,3.581304791029561,3.5051348651348655,3.5293306693306694,3.61592252803262,-0.024195804195804214,102.57233200815496,589797.0968399593,21238.371967380222,22732.834846481874,119.76254026503567,65.20672782874617,1.8339653414882773,256.22076962283387,4.033966033966034,2020-07-30,25.04,28.29,24.64,24.76,0.0,VIX,0.0273858921161824,5.0,2021-07-02,1.3055136886294159,1.5801088207870895,43769606179769.55,1.4065100494773115,0.8743551058358242,0.8313589939484075,1.0351913964153014,4.033966033966034
2020-08-04,2021-07-02,1.0860103896103894,138.36648351648353,1.2723084915084917,1.3387159840159841,0.9065211788211788,10.189976423576423,1.7420000000000074e-06,0.000282524,1.5157000000000018e-05,0.000107107,-0.000131059,0.00012570300000000004,90.46100674725275,91.66191675824176,81.37544374425573,92.22968404295705,92.36440729770229,101.95294091808192,84.4257861978022,-3.467600000000001e-05,4.033966033966034,2021-07-01,3.3587499999999997,4.15625,2021-07-02,302.7755117227319,3.8927624872579,3.581304791029561,3.5051348651348655,3.5293306693306694,3.61592252803262,-0.024195804195804214,102.57233200815496,589797.0968399593,21238.371967380222,22732.834846481874,119.76254026503567,65.20672782874617,1.8339653414882773,256.22076962283387,4.033966033966034,2020-08-04,24.01,24.76,22.92,23.76,0.0,VIX,-0.0214168039538714,3.0,2021-07-02,1.3055136886294159,1.5801088207870895,43769606179769.55,1.4065100494773115,0.8743551058358242,0.8313589939484075,1.0351913964153014,4.033966033966034
2020-08-14,2021-07-02,1.0860103896103894,138.36648351648353,1.2723084915084917,1.3387159840159841,0.9065211788211788,10.189976423576423,1.7420000000000074e-06,0.000282524,1.5157000000000018e-05,0.000107107,-0.000131059,0.00012570300000000004,90.46100674725275,91.66191675824176,81.37544374425573,92.22968404295705,92.36440729770229,101.95294091808192,84.4257861978022,-3.467600000000001e-05,4.033966033966034,2021-07-01,3.3587499999999997,4.15625,2021-07-02,302.7755117227319,3.8927624872579,3.581304791029561,3.5051348651348655,3.5293306693306694,3.61592252803262,-0.024195804195804214,102.57233200815496,589797.0968399593,21238.371967380222,22732.834846481874,119.76254026503567,65.20672782874617,1.8339653414882773,256.22076962283387,4.033966033966034,2020-08-14,22.27,23.55,21.79,22.05,0.0,VIX,-0.0036150022593763,6.0,2021-07-02,1.3055136886294159,1.5801088207870895,43769606179769.55,1.4065100494773115,0.8743551058358242,0.8313589939484075,1.0351913964153014,4.033966033966034
2020-08-24,2021-07-02,1.0860103896103894,138.36648351648353,1.2723084915084917,1.3387159840159841,0.9065211788211788,10.189976423576423,1.7420000000000074e-06,0.000282524,1.5157000000000018e-05,0.000107107,-0.000131059,0.00012570300000000004,90.46100674725275,91.66191675824176,81.37544374425573,92.22968404295705,92.36440729770229,101.95294091808192,84.4257861978022,-3.467600000000001e-05,4.033966033966034,2021-07-01,3.3587499999999997,4.15625,2021-07-02,302.7755117227319,3.8927624872579,3.581304791029561,3.5051348651348655,3.5293306693306694,3.61592252803262,-0.024195804195804214,102.57233200815496,589797.0968399593,21238.371967380222,22732.834846481874,119.76254026503567,65.20672782874617,1.8339653414882773,256.22076962283387,4.033966033966034,2020-08-24,22.87,23.18,21.25,22.37,0.0,VIX,-0.0075421472936999,2.0,2021-07-02,1.3055136886294159,1.5801088207870895,43769606179769.55,1.4065100494773115,0.8743551058358242,0.8313589939484075,1.0351913964153014,4.033966033966034
2020-08-25,2021-07-02,1.0860103896103894,138.36648351648353,1.2723084915084917,1.3387159840159841,0.9065211788211788,10.189976423576423,1.7420000000000074e-06,0.000282524,1.5157000000000018e-05,0.000107107,-0.000131059,0.00012570300000000004,90.46100674725275,91.66191675824176,81.37544374425573,92.22968404295705,92.36440729770229,101.95294091808192,84.4257861978022,-3.467600000000001e-05,4.033966033966034,2021-07-01,3.3587499999999997,4.15625,2021-07-02,302.7755117227319,3.8927624872579,3.581304791029561,3.5051348651348655,3.5293306693306694,3.61592252803262,-0.024195804195804214,102.57233200815496,589797.0968399593,21238.371967380222,22732.834846481874,119.76254026503567,65.20672782874617,1.8339653414882773,256.22076962283387,4.033966033966034,2020-08-25,22.16,23.43,21.53,22.03,0.0,VIX,-0.0151989271345551,3.0,2021-07-02,1.3055136886294159,1.5801088207870895,43769606179769.55,1.4065100494773115,0.8743551058358242,0.8313589939484075,1.0351913964153014,4.033966033966034
2020-09-14,2021-07-02,1.0860103896103894,138.36648351648353,1.2723084915084917,1.3387159840159841,0.9065211788211788,10.189976423576423,1.7420000000000074e-06,0.000282524,1.5157000000000018e-05,0.000107107,-0.000131059,0.00012570300000000004,90.46100674725275,91.66191675824176,81.37544374425573,92.22968404295705,92.36440729770229,101.95294091808192,84.4257861978022,-3.467600000000001e-05,4.033966033966034,2021-07-01,3.3587499999999997,4.15625,2021-07-02,302.7755117227319,3.8927624872579,3.581304791029561,3.5051348651348655,3.5293306693306694,3.61592252803262,-0.024195804195804214,102.57233200815496,589797.0968399593,21238.371967380222,22732.834846481874,119.76254026503567,65.20672782874617,1.8339653414882773,256.22076962283387,4.033966033966034,2020-09-14,25.86,26.79,25.38,25.85,0.0,VIX,-0.0379605508001488,2.0,2021-07-02,1.3055136886294159,1.5801088207870895,43769606179769.55,1.4065100494773115,0.8743551058358242,0.8313589939484075,1.0351913964153014,4.033966033966034
2020-09-22,2021-07-02,1.0860103896103894,138.36648351648353,1.2723084915084917,1.3387159840159841,0.9065211788211788,10.189976423576423,1.7420000000000074e-06,0.000282524,1.5157000000000018e-05,0.000107107,-0.000131059,0.00012570300000000004,90.46100674725275,91.66191675824176,81.37544374425573,92.22968404295705,92.36440729770229,101.95294091808192,84.4257861978022,-3.467600000000001e-05,4.033966033966034,2021-07-01,3.3587499999999997,4.15625,2021-07-02,302.7755117227319,3.8927624872579,3.581304791029561,3.5051348651348655,3.5293306693306694,3.61592252803262,-0.024195804195804214,102.57233200815496,589797.0968399593,21238.371967380222,22732.834846481874,119.76254026503567,65.20672782874617,1.8339653414882773,256.22076962283387,4.033966033966034,2020-09-22,28.61,28.78,26.48,26.86,0.0,VIX,-0.033117350611951,3.0,2021-07-02,1.3055136886294159,1.5801088207870895,43769606179769.55,1.4065100494773115,0.8743551058358242,0.8313589939484075,1.0351913964153014,4.033966033966034
2020-09-24,2021-07-02,1.0860103896103894,138.36648351648353,1.2723084915084917,1.3387159840159841,0.9065211788211788,10.189976423576423,1.7420000000000074e-06,0.000282524,1.5157000000000018e-05,0.000107107,-0.000131059,0.00012570300000000004,90.46100674725275,91.66191675824176,81.37544374425573,92.22968404295705,92.36440729770229,101.95294091808192,84.4257861978022,-3.467600000000001e-05,4.033966033966034,2021-07-01,3.3587499999999997,4.15625,2021-07-02,302.7755117227319,3.8927624872579,3.581304791029561,3.5051348651348655,3.5293306693306694,3.61592252803262,-0.024195804195804214,102.57233200815496,589797.0968399593,21238.371967380222,22732.834846481874,119.76254026503567,65.20672782874617,1.8339653414882773,256.22076962283387,4.033966033966034,2020-09-24,29.54,30.49,27.94,28.51,0.0,VIX,-0.0024492652204337,5.0,2021-07-02,1.3055136886294159,1.5801088207870895,43769606179769.55,1.4065100494773115,0.8743551058358242,0.8313589939484075,1.0351913964153014,4.033966033966034
2020-10-01,2021-07-02,1.0860103896103894,138.36648351648353,1.2723084915084917,1.3387159840159841,0.9065211788211788,10.189976423576423,1.7420000000000074e-06,0.000282524,1.5157000000000018e-05,0.000107107,-0.000131059,0.00012570300000000004,90.46100674725275,91.66191675824176,81.37544374425573,92.22968404295705,92.36440729770229,101.95294091808192,84.4257861978022,-3.467600000000001e-05,4.033966033966034,2021-07-01,3.3587499999999997,4.15625,2021-07-02,302.7755117227319,3.8927624872579,3.581304791029561,3.5051348651348655,3.5293306693306694,3.61592252803262,-0.024195804195804214,102.57233200815496,589797.0968399593,21238.371967380222,22732.834846481874,119.76254026503567,65.20672782874617,1.8339653414882773,256.22076962283387,4.033966033966034,2020-10-01,25.78,27.11,25.33,26.7,0.0,VIX,0.012514220705347,5.0,2021-07-02,1.3055136886294159,1.5801088207870895,43769606179769.55,1.4065100494773115,0.8743551058358242,0.8313589939484075,1.0351913964153014,4.033966033966034
2020-10-05,2021-07-02,1.0860103896103894,138.36648351648353,1.2723084915084917,1.3387159840159841,0.9065211788211788,10.189976423576423,1.7420000000000074e-06,0.000282524,1.5157000000000018e-05,0.000107107,-0.000131059,0.00012570300000000004,90.46100674725275,91.66191675824176,81.37544374425573,92.22968404295705,92.36440729770229,101.95294091808192,84.4257861978022,-3.467600000000001e-05,4.033966033966034,2021-07-01,3.3587499999999997,4.15625,2021-07-02,302.7755117227319,3.8927624872579,3.581304791029561,3.5051348651348655,3.5293306693306694,3.61592252803262,-0.024195804195804214,102.57233200815496,589797.0968399593,21238.371967380222,22732.834846481874,119.76254026503567,65.20672782874617,1.8339653414882773,256.22076962283387,4.033966033966034,2020-10-05,29.52,29.69,27.27,27.96,0.0,VIX,0.011943539630836,2.0,2021-07-02,1.3055136886294159,1.5801088207870895,43769606179769.55,1.4065100494773115,0.8743551058358242,0.8313589939484075,1.0351913964153014,4.033966033966034
2020-10-13,2021-07-02,1.0860103896103894,138.36648351648353,1.2723084915084917,1.3387159840159841,0.9065211788211788,10.189976423576423,1.7420000000000074e-06,0.000282524,1.5157000000000018e-05,0.000107107,-0.000131059,0.00012570300000000004,90.46100674725275,91.66191675824176,81.37544374425573,92.22968404295705,92.36440729770229,101.95294091808192,84.4257861978022,-3.467600000000001e-05,4.033966033966034,2021-07-01,3.3587499999999997,4.15625,2021-07-02,302.7755117227319,3.8927624872579,3.581304791029561,3.5051348651348655,3.5293306693306694,3.61592252803262,-0.024195804195804214,102.57233200815496,589797.0968399593,21238.371967380222,22732.834846481874,119.76254026503567,65.20672782874617,1.8339653414882773,256.22076962283387,4.033966033966034,2020-10-13,25.67,26.93,25.16,26.07,0.0,VIX,0.0398883127243716,3.0,2021-07-02,1.3055136886294159,1.5801088207870895,43769606179769.55,1.4065100494773115,0.8743551058358242,0.8313589939484075,1.0351913964153014,4.033966033966034
2020-10-23,2021-07-02,1.0860103896103894,138.36648351648353,1.2723084915084917,1.3387159840159841,0.9065211788211788,10.189976423576423,1.7420000000000074e-06,0.000282524,1.5157000000000018e-05,0.000107107,-0.000131059,0.00012570300000000004,90.46100674725275,91.66191675824176,81.37544374425573,92.22968404295705,92.36440729770229,101.95294091808192,84.4257861978022,-3.467600000000001e-05,4.033966033966034,2021-07-01,3.3587499999999997,4.15625,2021-07-02,302.7755117227319,3.8927624872579,3.581304791029561,3.5051348651348655,3.5293306693306694,3.61592252803262,-0.024195804195804214,102.57233200815496,589797.0968399593,21238.371967380222,22732.834846481874,119.76254026503567,65.20672782874617,1.8339653414882773,256.22076962283387,4.033966033966034,2020-10-23,28.47,28.67,27.26,27.55,0.0,VIX,-0.0199217360369974,6.0,2021-07-02,1.3055136886294159,1.5801088207870895,43769606179769.55,1.4065100494773115,0.8743551058358242,0.8313589939484075,1.0351913964153014,4.033966033966034
2020-11-03,2021-07-02,1.0860103896103894,138.36648351648353,1.2723084915084917,1.3387159840159841,0.9065211788211788,10.189976423576423,1.7420000000000074e-06,0.000282524,1.5157000000000018e-05,0.000107107,-0.000131059,0.00012570300000000004,90.46100674725275,91.66191675824176,81.37544374425573,92.22968404295705,92.36440729770229,101.95294091808192,84.4257861978022,-3.467600000000001e-05,4.033966033966034,2021-07-01,3.3587499999999997,4.15625,2021-07-02,302.7755117227319,3.8927624872579,3.581304791029561,3.5051348651348655,3.5293306693306694,3.61592252803262,-0.024195804195804214,102.57233200815496,589797.0968399593,21238.371967380222,22732.834846481874,119.76254026503567,65.20672782874617,1.8339653414882773,256.22076962283387,4.033966033966034,2020-11-03,36.44,36.44,34.19,35.55,0.0,VIX,-0.0425531914893618,3.0,2021-07-02,1.3055136886294159,1.5801088207870895,43769606179769.55,1.4065100494773115,0.8743551058358242,0.8313589939484075,1.0351913964153014,4.033966033966034
2020-11-09,2021-07-02,1.0860103896103894,138.36648351648353,1.2723084915084917,1.3387159840159841,0.9065211788211788,10.189976423576423,1.7420000000000074e-06,0.000282524,1.5157000000000018e-05,0.000107107,-0.000131059,0.00012570300000000004,90.46100674725275,91.66191675824176,81.37544374425573,92.22968404295705,92.36440729770229,101.95294091808192,84.4257861978022,-3.467600000000001e-05,4.033966033966034,2021-07-01,3.3587499999999997,4.15625,2021-07-02,302.7755117227319,3.8927624872579,3.581304791029561,3.5051348651348655,3.5293306693306694,3.61592252803262,-0.024195804195804214,102.57233200815496,589797.0968399593,21238.371967380222,22732.834846481874,119.76254026503567,65.20672782874617,1.8339653414882773,256.22076962283387,4.033966033966034,2020-11-09,24.8,25.82,22.41,25.75,0.0,VIX,0.0358004827031375,2.0,2021-07-02,1.3055136886294159,1.5801088207870895,43769606179769.55,1.4065100494773115,0.8743551058358242,0.8313589939484075,1.0351913964153014,4.033966033966034
2020-11-16,2021-07-02,1.0860103896103894,138.36648351648353,1.2723084915084917,1.3387159840159841,0.9065211788211788,10.189976423576423,1.7420000000000074e-06,0.000282524,1.5157000000000018e-05,0.000107107,-0.000131059,0.00012570300000000004,90.46100674725275,91.66191675824176,81.37544374425573,92.22968404295705,92.36440729770229,101.95294091808192,84.4257861978022,-3.467600000000001e-05,4.033966033966034,2021-07-01,3.3587499999999997,4.15625,2021-07-02,302.7755117227319,3.8927624872579,3.581304791029561,3.5051348651348655,3.5293306693306694,3.61592252803262,-0.024195804195804214,102.57233200815496,589797.0968399593,21238.371967380222,22732.834846481874,119.76254026503567,65.20672782874617,1.8339653414882773,256.22076962283387,4.033966033966034,2020-11-16,23.66,24.08,22.43,22.45,0.0,VIX,-0.0281385281385282,2.0,2021-07-02,1.3055136886294159,1.5801088207870895,43769606179769.55,1.4065100494773115,0.8743551058358242,0.8313589939484075,1.0351913964153014,4.033966033966034
2020-11-17,2021-07-02,1.0860103896103894,138.36648351648353,1.2723084915084917,1.3387159840159841,0.9065211788211788,10.189976423576423,1.7420000000000074e-06,0.000282524,1.5157000000000018e-05,0.000107107,-0.000131059,0.00012570300000000004,90.46100674725275,91.66191675824176,81.37544374425573,92.22968404295705,92.36440729770229,101.95294091808192,84.4257861978022,-3.467600000000001e-05,4.033966033966034,2021-07-01,3.3587499999999997,4.15625,2021-07-02,302.7755117227319,3.8927624872579,3.581304791029561,3.5051348651348655,3.5293306693306694,3.61592252803262,-0.024195804195804214,102.57233200815496,589797.0968399593,21238.371967380222,22732.834846481874,119.76254026503567,65.20672782874617,1.8339653414882773,256.22076962283387,4.033966033966034,2020-11-17,22.84,24.09,22.34,22.71,0.0,VIX,0.0115812917594655,3.0,2021-07-02,1.3055136886294159,1.5801088207870895,43769606179769.55,1.4065100494773115,0.8743551058358242,0.8313589939484075,1.0351913964153014,4.033966033966034
2020-11-19,2021-07-02,1.0860103896103894,138.36648351648353,1.2723084915084917,1.3387159840159841,0.9065211788211788,10.189976423576423,1.7420000000000074e-06,0.000282524,1.5157000000000018e-05,0.000107107,-0.000131059,0.00012570300000000004,90.46100674725275,91.66191675824176,81.37544374425573,92.22968404295705,92.36440729770229,101.95294091808192,84.4257861978022,-3.467600000000001e-05,4.033966033966034,2021-07-01,3.3587499999999997,4.15625,2021-07-02,302.7755117227319,3.8927624872579,3.581304791029561,3.5051348651348655,3.5293306693306694,3.61592252803262,-0.024195804195804214,102.57233200815496,589797.0968399593,21238.371967380222,22732.834846481874,119.76254026503567,65.20672782874617,1.8339653414882773,256.22076962283387,4.033966033966034,2020-11-19,23.62,24.52,22.56,23.11,0.0,VIX,-0.0306208053691274,5.0,2021-07-02,1.3055136886294159,1.5801088207870895,43769606179769.55,1.4065100494773115,0.8743551058358242,0.8313589939484075,1.0351913964153014,4.033966033966034
2020-11-20,2021-07-02,1.0860103896103894,138.36648351648353,1.2723084915084917,1.3387159840159841,0.9065211788211788,10.189976423576423,1.7420000000000074e-06,0.000282524,1.5157000000000018e-05,0.000107107,-0.000131059,0.00012570300000000004,90.46100674725275,91.66191675824176,81.37544374425573,92.22968404295705,92.36440729770229,101.95294091808192,84.4257861978022,-3.467600000000001e-05,4.033966033966034,2021-07-01,3.3587499999999997,4.15625,2021-07-02,302.7755117227319,3.8927624872579,3.581304791029561,3.5051348651348655,3.5293306693306694,3.61592252803262,-0.024195804195804214,102.57233200815496,589797.0968399593,21238.371967380222,22732.834846481874,119.76254026503567,65.20672782874617,1.8339653414882773,256.22076962283387,4.033966033966034,2020-11-20,23.43,23.73,22.13,23.7,0.0,VIX,0.0255300735612289,6.0,2021-07-02,1.3055136886294159,1.5801088207870895,43769606179769.55,1.4065100494773115,0.8743551058358242,0.8313589939484075,1.0351913964153014,4.033966033966034
2020-11-24,2021-07-02,1.0860103896103894,138.36648351648353,1.2723084915084917,1.3387159840159841,0.9065211788211788,10.189976423576423,1.7420000000000074e-06,0.000282524,1.5157000000000018e-05,0.000107107,-0.000131059,0.00012570300000000004,90.46100674725275,91.66191675824176,81.37544374425573,92.22968404295705,92.36440729770229,101.95294091808192,84.4257861978022,-3.467600000000001e-05,4.033966033966034,2021-07-01,3.3587499999999997,4.15625,2021-07-02,302.7755117227319,3.8927624872579,3.581304791029561,3.5051348651348655,3.5293306693306694,3.61592252803262,-0.024195804195804214,102.57233200815496,589797.0968399593,21238.371967380222,22732.834846481874,119.76254026503567,65.20672782874617,1.8339653414882773,256.22076962283387,4.033966033966034,2020-11-24,22.04,22.48,20.8,21.64,0.0,VIX,-0.0450132391879964,3.0,2021-07-02,1.3055136886294159,1.5801088207870895,43769606179769.55,1.4065100494773115,0.8743551058358242,0.8313589939484075,1.0351913964153014,4.033966033966034
2020-12-01,2021-07-02,1.0860103896103894,138.36648351648353,1.2723084915084917,1.3387159840159841,0.9065211788211788,10.189976423576423,1.7420000000000074e-06,0.000282524,1.5157000000000018e-05,0.000107107,-0.000131059,0.00012570300000000004,90.46100674725275,91.66191675824176,81.37544374425573,92.22968404295705,92.36440729770229,101.95294091808192,84.4257861978022,-3.467600000000001e-05,4.033966033966034,2021-07-01,3.3587499999999997,4.15625,2021-07-02,302.7755117227319,3.8927624872579,3.581304791029561,3.5051348651348655,3.5293306693306694,3.61592252803262,-0.024195804195804214,102.57233200815496,589797.0968399593,21238.371967380222,22732.834846481874,119.76254026503567,65.20672782874617,1.8339653414882773,256.22076962283387,4.033966033966034,2020-12-01,20.21,20.92,20.0,20.77,0.0,VIX,0.0097228974234322,3.0,2021-07-02,1.3055136886294159,1.5801088207870895,43769606179769.55,1.4065100494773115,0.8743551058358242,0.8313589939484075,1.0351913964153014,4.033966033966034
2020-12-11,2021-07-02,1.0860103896103894,138.36648351648353,1.2723084915084917,1.3387159840159841,0.9065211788211788,10.189976423576423,1.7420000000000074e-06,0.000282524,1.5157000000000018e-05,0.000107107,-0.000131059,0.00012570300000000004,90.46100674725275,91.66191675824176,81.37544374425573,92.22968404295705,92.36440729770229,101.95294091808192,84.4257861978022,-3.467600000000001e-05,4.033966033966034,2021-07-01,3.3587499999999997,4.15625,2021-07-02,302.7755117227319,3.8927624872579,3.581304791029561,3.5051348651348655,3.5293306693306694,3.61592252803262,-0.024195804195804214,102.57233200815496,589797.0968399593,21238.371967380222,22732.834846481874,119.76254026503567,65.20672782874617,1.8339653414882773,256.22076962283387,4.033966033966034,2020-12-11,22.49,25.14,22.48,23.31,0.0,VIX,0.0350799289520424,6.0,2021-07-02,1.3055136886294159,1.5801088207870895,43769606179769.55,1.4065100494773115,0.8743551058358242,0.8313589939484075,1.0351913964153014,4.033966033966034
2020-12-14,2021-07-02,1.0860103896103894,138.36648351648353,1.2723084915084917,1.3387159840159841,0.9065211788211788,10.189976423576423,1.7420000000000074e-06,0.000282524,1.5157000000000018e-05,0.000107107,-0.000131059,0.00012570300000000004,90.46100674725275,91.66191675824176,81.37544374425573,92.22968404295705,92.36440729770229,101.95294091808192,84.4257861978022,-3.467600000000001e-05,4.033966033966034,2021-07-01,3.3587499999999997,4.15625,2021-07-02,302.7755117227319,3.8927624872579,3.581304791029561,3.5051348651348655,3.5293306693306694,3.61592252803262,-0.024195804195804214,102.57233200815496,589797.0968399593,21238.371967380222,22732.834846481874,119.76254026503567,65.20672782874617,1.8339653414882773,256.22076962283387,4.033966033966034,2020-12-14,22.67,24.82,21.95,24.72,0.0,VIX,0.0604890604890604,2.0,2021-07-02,1.3055136886294159,1.5801088207870895,43769606179769.55,1.4065100494773115,0.8743551058358242,0.8313589939484075,1.0351913964153014,4.033966033966034
2020-12-15,2021-07-02,1.0860103896103894,138.36648351648353,1.2723084915084917,1.3387159840159841,0.9065211788211788,10.189976423576423,1.7420000000000074e-06,0.000282524,1.5157000000000018e-05,0.000107107,-0.000131059,0.00012570300000000004,90.46100674725275,91.66191675824176,81.37544374425573,92.22968404295705,92.36440729770229,101.95294091808192,84.4257861978022,-3.467600000000001e-05,4.033966033966034,2021-07-01,3.3587499999999997,4.15625,2021-07-02,302.7755117227319,3.8927624872579,3.581304791029561,3.5051348651348655,3.5293306693306694,3.61592252803262,-0.024195804195804214,102.57233200815496,589797.0968399593,21238.371967380222,22732.834846481874,119.76254026503567,65.20672782874617,1.8339653414882773,256.22076962283387,4.033966033966034,2020-12-15,24.0,24.07,22.73,22.89,0.0,VIX,-0.0740291262135921,3.0,2021-07-02,1.3055136886294159,1.5801088207870895,43769606179769.55,1.4065100494773115,0.8743551058358242,0.8313589939484075,1.0351913964153014,4.033966033966034
2020-12-24,2021-07-02,1.0860103896103894,138.36648351648353,1.2723084915084917,1.3387159840159841,0.9065211788211788,10.189976423576423,1.7420000000000074e-06,0.000282524,1.5157000000000018e-05,0.000107107,-0.000131059,0.00012570300000000004,90.46100674725275,91.66191675824176,81.37544374425573,92.22968404295705,92.36440729770229,101.95294091808192,84.4257861978022,-3.467600000000001e-05,4.033966033966034,2021-07-01,3.3587499999999997,4.15625,2021-07-02,302.7755117227319,3.8927624872579,3.581304791029561,3.5051348651348655,3.5293306693306694,3.61592252803262,-0.024195804195804214,102.57233200815496,589797.0968399593,21238.371967380222,22732.834846481874,119.76254026503567,65.20672782874617,1.8339653414882773,256.22076962283387,4.033966033966034,2020-12-24,22.47,22.83,21.39,21.53,0.0,VIX,-0.0763620763620762,5.0,2021-07-02,1.3055136886294159,1.5801088207870895,43769606179769.55,1.4065100494773115,0.8743551058358242,0.8313589939484075,1.0351913964153014,4.033966033966034
2020-12-29,2021-07-02,1.0860103896103894,138.36648351648353,1.2723084915084917,1.3387159840159841,0.9065211788211788,10.189976423576423,1.7420000000000074e-06,0.000282524,1.5157000000000018e-05,0.000107107,-0.000131059,0.00012570300000000004,90.46100674725275,91.66191675824176,81.37544374425573,92.22968404295705,92.36440729770229,101.95294091808192,84.4257861978022,-3.467600000000001e-05,4.033966033966034,2021-07-01,3.3587499999999997,4.15625,2021-07-02,302.7755117227319,3.8927624872579,3.581304791029561,3.5051348651348655,3.5293306693306694,3.61592252803262,-0.024195804195804214,102.57233200815496,589797.0968399593,21238.371967380222,22732.834846481874,119.76254026503567,65.20672782874617,1.8339653414882773,256.22076962283387,4.033966033966034,2020-12-29,21.61,23.72,20.99,23.08,0.0,VIX,0.0635944700460828,3.0,2021-07-02,1.3055136886294159,1.5801088207870895,43769606179769.55,1.4065100494773115,0.8743551058358242,0.8313589939484075,1.0351913964153014,4.033966033966034
2020-12-30,2021-07-02,1.0860103896103894,138.36648351648353,1.2723084915084917,1.3387159840159841,0.9065211788211788,10.189976423576423,1.7420000000000074e-06,0.000282524,1.5157000000000018e-05,0.000107107,-0.000131059,0.00012570300000000004,90.46100674725275,91.66191675824176,81.37544374425573,92.22968404295705,92.36440729770229,101.95294091808192,84.4257861978022,-3.467600000000001e-05,4.033966033966034,2021-07-01,3.3587499999999997,4.15625,2021-07-02,302.7755117227319,3.8927624872579,3.581304791029561,3.5051348651348655,3.5293306693306694,3.61592252803262,-0.024195804195804214,102.57233200815496,589797.0968399593,21238.371967380222,22732.834846481874,119.76254026503567,65.20672782874617,1.8339653414882773,256.22076962283387,4.033966033966034,2020-12-30,22.58,23.15,22.41,22.77,0.0,VIX,-0.0134315424610051,4.0,2021-07-02,1.3055136886294159,1.5801088207870895,43769606179769.55,1.4065100494773115,0.8743551058358242,0.8313589939484075,1.0351913964153014,4.033966033966034
2020-12-31,2021-07-02,1.0860103896103894,138.36648351648353,1.2723084915084917,1.3387159840159841,0.9065211788211788,10.189976423576423,1.7420000000000074e-06,0.000282524,1.5157000000000018e-05,0.000107107,-0.000131059,0.00012570300000000004,90.46100674725275,91.66191675824176,81.37544374425573,92.22968404295705,92.36440729770229,101.95294091808192,84.4257861978022,-3.467600000000001e-05,4.033966033966034,2021-07-01,3.3587499999999997,4.15625,2021-07-02,302.7755117227319,3.8927624872579,3.581304791029561,3.5051348651348655,3.5293306693306694,3.61592252803262,-0.024195804195804214,102.57233200815496,589797.0968399593,21238.371967380222,22732.834846481874,119.76254026503567,65.20672782874617,1.8339653414882773,256.22076962283387,4.033966033966034,2020-12-31,22.99,23.25,21.24,22.75,0.0,VIX,-0.0008783487044355,5.0,2021-07-02,1.3055136886294159,1.5801088207870895,43769606179769.55,1.4065100494773115,0.8743551058358242,0.8313589939484075,1.0351913964153014,4.033966033966034
2021-01-12,2021-07-02,1.0860103896103894,138.36648351648353,1.2723084915084917,1.3387159840159841,0.9065211788211788,10.189976423576423,1.7420000000000074e-06,0.000282524,1.5157000000000018e-05,0.000107107,-0.000131059,0.00012570300000000004,90.46100674725275,91.66191675824176,81.37544374425573,92.22968404295705,92.36440729770229,101.95294091808192,84.4257861978022,-3.467600000000001e-05,4.033966033966034,2021-07-01,3.3587499999999997,4.15625,2021-07-02,302.7755117227319,3.8927624872579,3.581304791029561,3.5051348651348655,3.5293306693306694,3.61592252803262,-0.024195804195804214,102.57233200815496,589797.0968399593,21238.371967380222,22732.834846481874,119.76254026503567,65.20672782874617,1.8339653414882773,256.22076962283387,4.033966033966034,2021-01-12,23.49,25.15,22.83,23.33,0.0,VIX,-0.0311461794019933,3.0,2021-07-02,1.3055136886294159,1.5801088207870895,43769606179769.55,1.4065100494773115,0.8743551058358242,0.8313589939484075,1.0351913964153014,4.033966033966034
2021-01-14,2021-07-02,1.0860103896103894,138.36648351648353,1.2723084915084917,1.3387159840159841,0.9065211788211788,10.189976423576423,1.7420000000000074e-06,0.000282524,1.5157000000000018e-05,0.000107107,-0.000131059,0.00012570300000000004,90.46100674725275,91.66191675824176,81.37544374425573,92.22968404295705,92.36440729770229,101.95294091808192,84.4257861978022,-3.467600000000001e-05,4.033966033966034,2021-07-01,3.3587499999999997,4.15625,2021-07-02,302.7755117227319,3.8927624872579,3.581304791029561,3.5051348651348655,3.5293306693306694,3.61592252803262,-0.024195804195804214,102.57233200815496,589797.0968399593,21238.371967380222,22732.834846481874,119.76254026503567,65.20672782874617,1.8339653414882773,256.22076962283387,4.033966033966034,2021-01-14,22.22,23.47,21.66,23.25,0.0,VIX,0.0468257541647905,5.0,2021-07-02,1.3055136886294159,1.5801088207870895,43769606179769.55,1.4065100494773115,0.8743551058358242,0.8313589939484075,1.0351913964153014,4.033966033966034
2021-01-21,2021-07-02,1.0860103896103894,138.36648351648353,1.2723084915084917,1.3387159840159841,0.9065211788211788,10.189976423576423,1.7420000000000074e-06,0.000282524,1.5157000000000018e-05,0.000107107,-0.000131059,0.00012570300000000004,90.46100674725275,91.66191675824176,81.37544374425573,92.22968404295705,92.36440729770229,101.95294091808192,84.4257861978022,-3.467600000000001e-05,4.033966033966034,2021-07-01,3.3587499999999997,4.15625,2021-07-02,302.7755117227319,3.8927624872579,3.581304791029561,3.5051348651348655,3.5293306693306694,3.61592252803262,-0.024195804195804214,102.57233200815496,589797.0968399593,21238.371967380222,22732.834846481874,119.76254026503567,65.20672782874617,1.8339653414882773,256.22076962283387,4.033966033966034,2021-01-21,21.34,22.22,21.09,21.32,0.0,VIX,-0.0120481927710842,5.0,2021-07-02,1.3055136886294159,1.5801088207870895,43769606179769.55,1.4065100494773115,0.8743551058358242,0.8313589939484075,1.0351913964153014,4.033966033966034
2021-01-22,2021-07-02,1.0860103896103894,138.36648351648353,1.2723084915084917,1.3387159840159841,0.9065211788211788,10.189976423576423,1.7420000000000074e-06,0.000282524,1.5157000000000018e-05,0.000107107,-0.000131059,0.00012570300000000004,90.46100674725275,91.66191675824176,81.37544374425573,92.22968404295705,92.36440729770229,101.95294091808192,84.4257861978022,-3.467600000000001e-05,4.033966033966034,2021-07-01,3.3587499999999997,4.15625,2021-07-02,302.7755117227319,3.8927624872579,3.581304791029561,3.5051348651348655,3.5293306693306694,3.61592252803262,-0.024195804195804214,102.57233200815496,589797.0968399593,21238.371967380222,22732.834846481874,119.76254026503567,65.20672782874617,1.8339653414882773,256.22076962283387,4.033966033966034,2021-01-22,22.24,23.73,21.27,21.91,0.0,VIX,0.0276735459662289,6.0,2021-07-02,1.3055136886294159,1.5801088207870895,43769606179769.55,1.4065100494773115,0.8743551058358242,0.8313589939484075,1.0351913964153014,4.033966033966034
2021-02-24,2021-07-02,1.0860103896103894,138.36648351648353,1.2723084915084917,1.3387159840159841,0.9065211788211788,10.189976423576423,1.7420000000000074e-06,0.000282524,1.5157000000000018e-05,0.000107107,-0.000131059,0.00012570300000000004,90.46100674725275,91.66191675824176,81.37544374425573,92.22968404295705,92.36440729770229,101.95294091808192,84.4257861978022,-3.467600000000001e-05,4.033966033966034,2021-07-01,3.3587499999999997,4.15625,2021-07-02,302.7755117227319,3.8927624872579,3.581304791029561,3.5051348651348655,3.5293306693306694,3.61592252803262,-0.024195804195804214,102.57233200815496,589797.0968399593,21238.371967380222,22732.834846481874,119.76254026503567,65.20672782874617,1.8339653414882773,256.22076962283387,4.033966033966034,2021-02-24,23.76,25.04,21.31,21.34,0.0,VIX,-0.0765902206836867,4.0,2021-07-02,1.3055136886294159,1.5801088207870895,43769606179769.55,1.4065100494773115,0.8743551058358242,0.8313589939484075,1.0351913964153014,4.033966033966034
2021-03-02,2021-07-02,1.0860103896103894,138.36648351648353,1.2723084915084917,1.3387159840159841,0.9065211788211788,10.189976423576423,1.7420000000000074e-06,0.000282524,1.5157000000000018e-05,0.000107107,-0.000131059,0.00012570300000000004,90.46100674725275,91.66191675824176,81.37544374425573,92.22968404295705,92.36440729770229,101.95294091808192,84.4257861978022,-3.467600000000001e-05,4.033966033966034,2021-07-01,3.3587499999999997,4.15625,2021-07-02,302.7755117227319,3.8927624872579,3.581304791029561,3.5051348651348655,3.5293306693306694,3.61592252803262,-0.024195804195804214,102.57233200815496,589797.0968399593,21238.371967380222,22732.834846481874,119.76254026503567,65.20672782874617,1.8339653414882773,256.22076962283387,4.033966033966034,2021-03-02,23.58,24.6,22.8,24.1,0.0,VIX,0.032119914346895,3.0,2021-07-02,1.3055136886294159,1.5801088207870895,43769606179769.55,1.4065100494773115,0.8743551058358242,0.8313589939484075,1.0351913964153014,4.033966033966034
2021-03-15,2021-07-02,1.0860103896103894,138.36648351648353,1.2723084915084917,1.3387159840159841,0.9065211788211788,10.189976423576423,1.7420000000000074e-06,0.000282524,1.5157000000000018e-05,0.000107107,-0.000131059,0.00012570300000000004,90.46100674725275,91.66191675824176,81.37544374425573,92.22968404295705,92.36440729770229,101.95294091808192,84.4257861978022,-3.467600000000001e-05,4.033966033966034,2021-07-01,3.3587499999999997,4.15625,2021-07-02,302.7755117227319,3.8927624872579,3.581304791029561,3.5051348651348655,3.5293306693306694,3.61592252803262,-0.024195804195804214,102.57233200815496,589797.0968399593,21238.371967380222,22732.834846481874,119.76254026503567,65.20672782874617,1.8339653414882773,256.22076962283387,4.033966033966034,2021-03-15,21.84,21.86,19.87,20.03,0.0,VIX,-0.0318994683421942,2.0,2021-07-02,1.3055136886294159,1.5801088207870895,43769606179769.55,1.4065100494773115,0.8743551058358242,0.8313589939484075,1.0351913964153014,4.033966033966034
2021-03-24,2021-07-02,1.0860103896103894,138.36648351648353,1.2723084915084917,1.3387159840159841,0.9065211788211788,10.189976423576423,1.7420000000000074e-06,0.000282524,1.5157000000000018e-05,0.000107107,-0.000131059,0.00012570300000000004,90.46100674725275,91.66191675824176,81.37544374425573,92.22968404295705,92.36440729770229,101.95294091808192,84.4257861978022,-3.467600000000001e-05,4.033966033966034,2021-07-01,3.3587499999999997,4.15625,2021-07-02,302.7755117227319,3.8927624872579,3.581304791029561,3.5051348651348655,3.5293306693306694,3.61592252803262,-0.024195804195804214,102.57233200815496,589797.0968399593,21238.371967380222,22732.834846481874,119.76254026503567,65.20672782874617,1.8339653414882773,256.22076962283387,4.033966033966034,2021-03-24,20.64,21.49,19.3,21.2,0.0,VIX,0.0443349753694579,4.0,2021-07-02,1.3055136886294159,1.5801088207870895,43769606179769.55,1.4065100494773115,0.8743551058358242,0.8313589939484075,1.0351913964153014,4.033966033966034
2021-03-31,2021-07-02,1.0860103896103894,138.36648351648353,1.2723084915084917,1.3387159840159841,0.9065211788211788,10.189976423576423,1.7420000000000074e-06,0.000282524,1.5157000000000018e-05,0.000107107,-0.000131059,0.00012570300000000004,90.46100674725275,91.66191675824176,81.37544374425573,92.22968404295705,92.36440729770229,101.95294091808192,84.4257861978022,-3.467600000000001e-05,4.033966033966034,2021-07-01,3.3587499999999997,4.15625,2021-07-02,302.7755117227319,3.8927624872579,3.581304791029561,3.5051348651348655,3.5293306693306694,3.61592252803262,-0.024195804195804214,102.57233200815496,589797.0968399593,21238.371967380222,22732.834846481874,119.76254026503567,65.20672782874617,1.8339653414882773,256.22076962283387,4.033966033966034,2021-03-31,19.8,20.11,18.85,19.4,0.0,VIX,-0.0107088220295767,4.0,2021-07-02,1.3055136886294159,1.5801088207870895,43769606179769.55,1.4065100494773115,0.8743551058358242,0.8313589939484075,1.0351913964153014,4.033966033966034
2021-04-01,2021-07-02,1.0860103896103894,138.36648351648353,1.2723084915084917,1.3387159840159841,0.9065211788211788,10.189976423576423,1.7420000000000074e-06,0.000282524,1.5157000000000018e-05,0.000107107,-0.000131059,0.00012570300000000004,90.46100674725275,91.66191675824176,81.37544374425573,92.22968404295705,92.36440729770229,101.95294091808192,84.4257861978022,-3.467600000000001e-05,4.033966033966034,2021-07-01,3.3587499999999997,4.15625,2021-07-02,302.7755117227319,3.8927624872579,3.581304791029561,3.5051348651348655,3.5293306693306694,3.61592252803262,-0.024195804195804214,102.57233200815496,589797.0968399593,21238.371967380222,22732.834846481874,119.76254026503567,65.20672782874617,1.8339653414882773,256.22076962283387,4.033966033966034,2021-04-01,18.6,18.64,17.29,17.33,0.0,VIX,-0.1067010309278351,5.0,2021-07-02,1.3055136886294159,1.5801088207870895,43769606179769.55,1.4065100494773115,0.8743551058358242,0.8313589939484075,1.0351913964153014,4.033966033966034
2021-04-07,2021-07-02,1.0860103896103894,138.36648351648353,1.2723084915084917,1.3387159840159841,0.9065211788211788,10.189976423576423,1.7420000000000074e-06,0.000282524,1.5157000000000018e-05,0.000107107,-0.000131059,0.00012570300000000004,90.46100674725275,91.66191675824176,81.37544374425573,92.22968404295705,92.36440729770229,101.95294091808192,84.4257861978022,-3.467600000000001e-05,4.033966033966034,2021-07-01,3.3587499999999997,4.15625,2021-07-02,302.7755117227319,3.8927624872579,3.581304791029561,3.5051348651348655,3.5293306693306694,3.61592252803262,-0.024195804195804214,102.57233200815496,589797.0968399593,21238.371967380222,22732.834846481874,119.76254026503567,65.20672782874617,1.8339653414882773,256.22076962283387,4.033966033966034,2021-04-07,17.99,18.17,16.87,17.16,0.0,VIX,-0.0529801324503311,4.0,2021-07-02,1.3055136886294159,1.5801088207870895,43769606179769.55,1.4065100494773115,0.8743551058358242,0.8313589939484075,1.0351913964153014,4.033966033966034
2021-04-16,2021-07-02,1.0860103896103894,138.36648351648353,1.2723084915084917,1.3387159840159841,0.9065211788211788,10.189976423576423,1.7420000000000074e-06,0.000282524,1.5157000000000018e-05,0.000107107,-0.000131059,0.00012570300000000004,90.46100674725275,91.66191675824176,81.37544374425573,92.22968404295705,92.36440729770229,101.95294091808192,84.4257861978022,-3.467600000000001e-05,4.033966033966034,2021-07-01,3.3587499999999997,4.15625,2021-07-02,302.7755117227319,3.8927624872579,3.581304791029561,3.5051348651348655,3.5293306693306694,3.61592252803262,-0.024195804195804214,102.57233200815496,589797.0968399593,21238.371967380222,22732.834846481874,119.76254026503567,65.20672782874617,1.8339653414882773,256.22076962283387,4.033966033966034,2021-04-16,16.65,16.88,16.05,16.25,0.0,VIX,-0.0193120096560048,6.0,2021-07-02,1.3055136886294159,1.5801088207870895,43769606179769.55,1.4065100494773115,0.8743551058358242,0.8313589939484075,1.0351913964153014,4.033966033966034
2021-04-19,2021-07-02,1.0860103896103894,138.36648351648353,1.2723084915084917,1.3387159840159841,0.9065211788211788,10.189976423576423,1.7420000000000074e-06,0.000282524,1.5157000000000018e-05,0.000107107,-0.000131059,0.00012570300000000004,90.46100674725275,91.66191675824176,81.37544374425573,92.22968404295705,92.36440729770229,101.95294091808192,84.4257861978022,-3.467600000000001e-05,4.033966033966034,2021-07-01,3.3587499999999997,4.15625,2021-07-02,302.7755117227319,3.8927624872579,3.581304791029561,3.5051348651348655,3.5293306693306694,3.61592252803262,-0.024195804195804214,102.57233200815496,589797.0968399593,21238.371967380222,22732.834846481874,119.76254026503567,65.20672782874617,1.8339653414882773,256.22076962283387,4.033966033966034,2021-04-19,17.04,18.61,16.78,17.29,0.0,VIX,0.064,2.0,2021-07-02,1.3055136886294159,1.5801088207870895,43769606179769.55,1.4065100494773115,0.8743551058358242,0.8313589939484075,1.0351913964153014,4.033966033966034
2021-04-20,2021-07-02,1.0860103896103894,138.36648351648353,1.2723084915084917,1.3387159840159841,0.9065211788211788,10.189976423576423,1.7420000000000074e-06,0.000282524,1.5157000000000018e-05,0.000107107,-0.000131059,0.00012570300000000004,90.46100674725275,91.66191675824176,81.37544374425573,92.22968404295705,92.36440729770229,101.95294091808192,84.4257861978022,-3.467600000000001e-05,4.033966033966034,2021-07-01,3.3587499999999997,4.15625,2021-07-02,302.7755117227319,3.8927624872579,3.581304791029561,3.5051348651348655,3.5293306693306694,3.61592252803262,-0.024195804195804214,102.57233200815496,589797.0968399593,21238.371967380222,22732.834846481874,119.76254026503567,65.20672782874617,1.8339653414882773,256.22076962283387,4.033966033966034,2021-04-20,17.36,19.7,17.24,18.68,0.0,VIX,0.0803932909196067,3.0,2021-07-02,1.3055136886294159,1.5801088207870895,43769606179769.55,1.4065100494773115,0.8743551058358242,0.8313589939484075,1.0351913964153014,4.033966033966034
2021-04-23,2021-07-02,1.0860103896103894,138.36648351648353,1.2723084915084917,1.3387159840159841,0.9065211788211788,10.189976423576423,1.7420000000000074e-06,0.000282524,1.5157000000000018e-05,0.000107107,-0.000131059,0.00012570300000000004,90.46100674725275,91.66191675824176,81.37544374425573,92.22968404295705,92.36440729770229,101.95294091808192,84.4257861978022,-3.467600000000001e-05,4.033966033966034,2021-07-01,3.3587499999999997,4.15625,2021-07-02,302.7755117227319,3.8927624872579,3.581304791029561,3.5051348651348655,3.5293306693306694,3.61592252803262,-0.024195804195804214,102.57233200815496,589797.0968399593,21238.371967380222,22732.834846481874,119.76254026503567,65.20672782874617,1.8339653414882773,256.22076962283387,4.033966033966034,2021-04-23,18.56,18.78,16.8,17.33,0.0,VIX,-0.0737573490112241,6.0,2021-07-02,1.3055136886294159,1.5801088207870895,43769606179769.55,1.4065100494773115,0.8743551058358242,0.8313589939484075,1.0351913964153014,4.033966033966034
2021-04-30,2021-07-02,1.0860103896103894,138.36648351648353,1.2723084915084917,1.3387159840159841,0.9065211788211788,10.189976423576423,1.7420000000000074e-06,0.000282524,1.5157000000000018e-05,0.000107107,-0.000131059,0.00012570300000000004,90.46100674725275,91.66191675824176,81.37544374425573,92.22968404295705,92.36440729770229,101.95294091808192,84.4257861978022,-3.467600000000001e-05,4.033966033966034,2021-07-01,3.3587499999999997,4.15625,2021-07-02,302.7755117227319,3.8927624872579,3.581304791029561,3.5051348651348655,3.5293306693306694,3.61592252803262,-0.024195804195804214,102.57233200815496,589797.0968399593,21238.371967380222,22732.834846481874,119.76254026503567,65.20672782874617,1.8339653414882773,256.22076962283387,4.033966033966034,2021-04-30,17.67,19.25,17.64,18.61,0.0,VIX,0.056785917092561,6.0,2021-07-02,1.3055136886294159,1.5801088207870895,43769606179769.55,1.4065100494773115,0.8743551058358242,0.8313589939484075,1.0351913964153014,4.033966033966034
2021-05-05,2021-07-02,1.0860103896103894,138.36648351648353,1.2723084915084917,1.3387159840159841,0.9065211788211788,10.189976423576423,1.7420000000000074e-06,0.000282524,1.5157000000000018e-05,0.000107107,-0.000131059,0.00012570300000000004,90.46100674725275,91.66191675824176,81.37544374425573,92.22968404295705,92.36440729770229,101.95294091808192,84.4257861978022,-3.467600000000001e-05,4.033966033966034,2021-07-01,3.3587499999999997,4.15625,2021-07-02,302.7755117227319,3.8927624872579,3.581304791029561,3.5051348651348655,3.5293306693306694,3.61592252803262,-0.024195804195804214,102.57233200815496,589797.0968399593,21238.371967380222,22732.834846481874,119.76254026503567,65.20672782874617,1.8339653414882773,256.22076962283387,4.033966033966034,2021-05-05,18.84,19.58,17.89,19.15,0.0,VIX,-0.0169404517453799,4.0,2021-07-02,1.3055136886294159,1.5801088207870895,43769606179769.55,1.4065100494773115,0.8743551058358242,0.8313589939484075,1.0351913964153014,4.033966033966034
2021-05-06,2021-07-02,1.0860103896103894,138.36648351648353,1.2723084915084917,1.3387159840159841,0.9065211788211788,10.189976423576423,1.7420000000000074e-06,0.000282524,1.5157000000000018e-05,0.000107107,-0.000131059,0.00012570300000000004,90.46100674725275,91.66191675824176,81.37544374425573,92.22968404295705,92.36440729770229,101.95294091808192,84.4257861978022,-3.467600000000001e-05,4.033966033966034,2021-07-01,3.3587499999999997,4.15625,2021-07-02,302.7755117227319,3.8927624872579,3.581304791029561,3.5051348651348655,3.5293306693306694,3.61592252803262,-0.024195804195804214,102.57233200815496,589797.0968399593,21238.371967380222,22732.834846481874,119.76254026503567,65.20672782874617,1.8339653414882773,256.22076962283387,4.033966033966034,2021-05-06,18.41,20.6,18.21,18.39,0.0,VIX,-0.0396866840731069,5.0,2021-07-02,1.3055136886294159,1.5801088207870895,43769606179769.55,1.4065100494773115,0.8743551058358242,0.8313589939484075,1.0351913964153014,4.033966033966034
2021-05-07,2021-07-02,1.0860103896103894,138.36648351648353,1.2723084915084917,1.3387159840159841,0.9065211788211788,10.189976423576423,1.7420000000000074e-06,0.000282524,1.5157000000000018e-05,0.000107107,-0.000131059,0.00012570300000000004,90.46100674725275,91.66191675824176,81.37544374425573,92.22968404295705,92.36440729770229,101.95294091808192,84.4257861978022,-3.467600000000001e-05,4.033966033966034,2021-07-01,3.3587499999999997,4.15625,2021-07-02,302.7755117227319,3.8927624872579,3.581304791029561,3.5051348651348655,3.5293306693306694,3.61592252803262,-0.024195804195804214,102.57233200815496,589797.0968399593,21238.371967380222,22732.834846481874,119.76254026503567,65.20672782874617,1.8339653414882773,256.22076962283387,4.033966033966034,2021-05-07,18.45,18.57,16.68,16.69,0.0,VIX,-0.0924415443175639,6.0,2021-07-02,1.3055136886294159,1.5801088207870895,43769606179769.55,1.4065100494773115,0.8743551058358242,0.8313589939484075,1.0351913964153014,4.033966033966034
2021-05-11,2021-07-02,1.0860103896103894,138.36648351648353,1.2723084915084917,1.3387159840159841,0.9065211788211788,10.189976423576423,1.7420000000000074e-06,0.000282524,1.5157000000000018e-05,0.000107107,-0.000131059,0.00012570300000000004,90.46100674725275,91.66191675824176,81.37544374425573,92.22968404295705,92.36440729770229,101.95294091808192,84.4257861978022,-3.467600000000001e-05,4.033966033966034,2021-07-01,3.3587499999999997,4.15625,2021-07-02,302.7755117227319,3.8927624872579,3.581304791029561,3.5051348651348655,3.5293306693306694,3.61592252803262,-0.024195804195804214,102.57233200815496,589797.0968399593,21238.371967380222,22732.834846481874,119.76254026503567,65.20672782874617,1.8339653414882773,256.22076962283387,4.033966033966034,2021-05-11,21.17,23.73,20.71,21.84,0.0,VIX,0.11088504577823,3.0,2021-07-02,1.3055136886294159,1.5801088207870895,43769606179769.55,1.4065100494773115,0.8743551058358242,0.8313589939484075,1.0351913964153014,4.033966033966034
2021-05-12,2021-07-02,1.0860103896103894,138.36648351648353,1.2723084915084917,1.3387159840159841,0.9065211788211788,10.189976423576423,1.7420000000000074e-06,0.000282524,1.5157000000000018e-05,0.000107107,-0.000131059,0.00012570300000000004,90.46100674725275,91.66191675824176,81.37544374425573,92.22968404295705,92.36440729770229,101.95294091808192,84.4257861978022,-3.467600000000001e-05,4.033966033966034,2021-07-01,3.3587499999999997,4.15625,2021-07-02,302.7755117227319,3.8927624872579,3.581304791029561,3.5051348651348655,3.5293306693306694,3.61592252803262,-0.024195804195804214,102.57233200815496,589797.0968399593,21238.371967380222,22732.834846481874,119.76254026503567,65.20672782874617,1.8339653414882773,256.22076962283387,4.033966033966034,2021-05-12,22.42,28.38,21.66,27.59,0.0,VIX,0.2632783882783882,4.0,2021-07-02,1.3055136886294159,1.5801088207870895,43769606179769.55,1.4065100494773115,0.8743551058358242,0.8313589939484075,1.0351913964153014,4.033966033966034
2021-05-21,2021-07-02,1.0860103896103894,138.36648351648353,1.2723084915084917,1.3387159840159841,0.9065211788211788,10.189976423576423,1.7420000000000074e-06,0.000282524,1.5157000000000018e-05,0.000107107,-0.000131059,0.00012570300000000004,90.46100674725275,91.66191675824176,81.37544374425573,92.22968404295705,92.36440729770229,101.95294091808192,84.4257861978022,-3.467600000000001e-05,4.033966033966034,2021-07-01,3.3587499999999997,4.15625,2021-07-02,302.7755117227319,3.8927624872579,3.581304791029561,3.5051348651348655,3.5293306693306694,3.61592252803262,-0.024195804195804214,102.57233200815496,589797.0968399593,21238.371967380222,22732.834846481874,119.76254026503567,65.20672782874617,1.8339653414882773,256.22076962283387,4.033966033966034,2021-05-21,20.42,20.89,19.53,20.15,0.0,VIX,-0.0251572327044026,6.0,2021-07-02,1.3055136886294159,1.5801088207870895,43769606179769.55,1.4065100494773115,0.8743551058358242,0.8313589939484075,1.0351913964153014,4.033966033966034
2021-05-26,2021-07-02,1.0860103896103894,138.36648351648353,1.2723084915084917,1.3387159840159841,0.9065211788211788,10.189976423576423,1.7420000000000074e-06,0.000282524,1.5157000000000018e-05,0.000107107,-0.000131059,0.00012570300000000004,90.46100674725275,91.66191675824176,81.37544374425573,92.22968404295705,92.36440729770229,101.95294091808192,84.4257861978022,-3.467600000000001e-05,4.033966033966034,2021-07-01,3.3587499999999997,4.15625,2021-07-02,302.7755117227319,3.8927624872579,3.581304791029561,3.5051348651348655,3.5293306693306694,3.61592252803262,-0.024195804195804214,102.57233200815496,589797.0968399593,21238.371967380222,22732.834846481874,119.76254026503567,65.20672782874617,1.8339653414882773,256.22076962283387,4.033966033966034,2021-05-26,18.37,18.92,17.35,17.36,0.0,VIX,-0.078556263269639,4.0,2021-07-02,1.3055136886294159,1.5801088207870895,43769606179769.55,1.4065100494773115,0.8743551058358242,0.8313589939484075,1.0351913964153014,4.033966033966034
2021-06-02,2021-07-02,1.0860103896103894,138.36648351648353,1.2723084915084917,1.3387159840159841,0.9065211788211788,10.189976423576423,1.7420000000000074e-06,0.000282524,1.5157000000000018e-05,0.000107107,-0.000131059,0.00012570300000000004,90.46100674725275,91.66191675824176,81.37544374425573,92.22968404295705,92.36440729770229,101.95294091808192,84.4257861978022,-3.467600000000001e-05,4.033966033966034,2021-07-01,3.3587499999999997,4.15625,2021-07-02,302.7755117227319,3.8927624872579,3.581304791029561,3.5051348651348655,3.5293306693306694,3.61592252803262,-0.024195804195804214,102.57233200815496,589797.0968399593,21238.371967380222,22732.834846481874,119.76254026503567,65.20672782874617,1.8339653414882773,256.22076962283387,4.033966033966034,2021-06-02,17.86,18.31,16.74,17.48,0.0,VIX,-0.0234636871508379,4.0,2021-07-02,1.3055136886294159,1.5801088207870895,43769606179769.55,1.4065100494773115,0.8743551058358242,0.8313589939484075,1.0351913964153014,4.033966033966034
2021-06-03,2021-07-02,1.0860103896103894,138.36648351648353,1.2723084915084917,1.3387159840159841,0.9065211788211788,10.189976423576423,1.7420000000000074e-06,0.000282524,1.5157000000000018e-05,0.000107107,-0.000131059,0.00012570300000000004,90.46100674725275,91.66191675824176,81.37544374425573,92.22968404295705,92.36440729770229,101.95294091808192,84.4257861978022,-3.467600000000001e-05,4.033966033966034,2021-07-01,3.3587499999999997,4.15625,2021-07-02,302.7755117227319,3.8927624872579,3.581304791029561,3.5051348651348655,3.5293306693306694,3.61592252803262,-0.024195804195804214,102.57233200815496,589797.0968399593,21238.371967380222,22732.834846481874,119.76254026503567,65.20672782874617,1.8339653414882773,256.22076962283387,4.033966033966034,2021-06-03,17.73,19.27,17.45,18.04,0.0,VIX,0.0320366132723111,5.0,2021-07-02,1.3055136886294159,1.5801088207870895,43769606179769.55,1.4065100494773115,0.8743551058358242,0.8313589939484075,1.0351913964153014,4.033966033966034
2021-06-04,2021-07-02,1.0860103896103894,138.36648351648353,1.2723084915084917,1.3387159840159841,0.9065211788211788,10.189976423576423,1.7420000000000074e-06,0.000282524,1.5157000000000018e-05,0.000107107,-0.000131059,0.00012570300000000004,90.46100674725275,91.66191675824176,81.37544374425573,92.22968404295705,92.36440729770229,101.95294091808192,84.4257861978022,-3.467600000000001e-05,4.033966033966034,2021-07-01,3.3587499999999997,4.15625,2021-07-02,302.7755117227319,3.8927624872579,3.581304791029561,3.5051348651348655,3.5293306693306694,3.61592252803262,-0.024195804195804214,102.57233200815496,589797.0968399593,21238.371967380222,22732.834846481874,119.76254026503567,65.20672782874617,1.8339653414882773,256.22076962283387,4.033966033966034,2021-06-04,18.09,18.42,16.18,16.42,0.0,VIX,-0.0898004434589798,6.0,2021-07-02,1.3055136886294159,1.5801088207870895,43769606179769.55,1.4065100494773115,0.8743551058358242,0.8313589939484075,1.0351913964153014,4.033966033966034
2021-06-10,2021-07-02,1.0860103896103894,138.36648351648353,1.2723084915084917,1.3387159840159841,0.9065211788211788,10.189976423576423,1.7420000000000074e-06,0.000282524,1.5157000000000018e-05,0.000107107,-0.000131059,0.00012570300000000004,90.46100674725275,91.66191675824176,81.37544374425573,92.22968404295705,92.36440729770229,101.95294091808192,84.4257861978022,-3.467600000000001e-05,4.033966033966034,2021-07-01,3.3587499999999997,4.15625,2021-07-02,302.7755117227319,3.8927624872579,3.581304791029561,3.5051348651348655,3.5293306693306694,3.61592252803262,-0.024195804195804214,102.57233200815496,589797.0968399593,21238.371967380222,22732.834846481874,119.76254026503567,65.20672782874617,1.8339653414882773,256.22076962283387,4.033966033966034,2021-06-10,18.18,18.29,16.01,16.1,0.0,VIX,-0.1000558971492453,5.0,2021-07-02,1.3055136886294159,1.5801088207870895,43769606179769.55,1.4065100494773115,0.8743551058358242,0.8313589939484075,1.0351913964153014,4.033966033966034
2021-06-16,2021-07-02,1.0860103896103894,138.36648351648353,1.2723084915084917,1.3387159840159841,0.9065211788211788,10.189976423576423,1.7420000000000074e-06,0.000282524,1.5157000000000018e-05,0.000107107,-0.000131059,0.00012570300000000004,90.46100674725275,91.66191675824176,81.37544374425573,92.22968404295705,92.36440729770229,101.95294091808192,84.4257861978022,-3.467600000000001e-05,4.033966033966034,2021-07-01,3.3587499999999997,4.15625,2021-07-02,302.7755117227319,3.8927624872579,3.581304791029561,3.5051348651348655,3.5293306693306694,3.61592252803262,-0.024195804195804214,102.57233200815496,589797.0968399593,21238.371967380222,22732.834846481874,119.76254026503567,65.20672782874617,1.8339653414882773,256.22076962283387,4.033966033966034,2021-06-16,16.99,19.11,16.42,18.15,0.0,VIX,0.0663924794359576,4.0,2021-07-02,1.3055136886294159,1.5801088207870895,43769606179769.55,1.4065100494773115,0.8743551058358242,0.8313589939484075,1.0351913964153014,4.033966033966034
2021-06-28,2021-07-02,1.0860103896103894,138.36648351648353,1.2723084915084917,1.3387159840159841,0.9065211788211788,10.189976423576423,1.7420000000000074e-06,0.000282524,1.5157000000000018e-05,0.000107107,-0.000131059,0.00012570300000000004,90.46100674725275,91.66191675824176,81.37544374425573,92.22968404295705,92.36440729770229,101.95294091808192,84.4257861978022,-3.467600000000001e-05,4.033966033966034,2021-07-01,3.3587499999999997,4.15625,2021-07-02,302.7755117227319,3.8927624872579,3.581304791029561,3.5051348651348655,3.5293306693306694,3.61592252803262,-0.024195804195804214,102.57233200815496,589797.0968399593,21238.371967380222,22732.834846481874,119.76254026503567,65.20672782874617,1.8339653414882773,256.22076962283387,4.033966033966034,2021-06-28,16.07,16.46,15.39,15.76,0.0,VIX,0.0089628681177977,2.0,2021-07-02,1.3055136886294159,1.5801088207870895,43769606179769.55,1.4065100494773115,0.8743551058358242,0.8313589939484075,1.0351913964153014,4.033966033966034
2021-07-02,2021-07-02,1.1848,111.28,1.3795,1.2346,0.9224,8.5561,1.7420000000000074e-06,0.000282524,1.5157000000000018e-05,0.000107107,-0.000131059,0.00012570300000000004,100.0,100.0,100.0,100.0,100.0,100.0,100.0,-3.467600000000001e-05,6.0,2021-07-01,3.3587499999999997,4.15625,2021-07-02,302.7755117227319,3.8927624872579,3.581304791029561,1.44,0.24,3.61592252803262,1.2,102.57233200815496,589797.0968399593,21238.371967380222,22732.834846481874,119.76254026503567,65.20672782874617,1.8339653414882773,256.22076962283387,6.0,2021-07-02,15.53,15.54,14.25,15.07,0.0,VIX,-0.026485788113695,6.0,2021-07-02,1.1829342557103784,1.3848066101651606,141.01093524471997,1.253730912977896,0.7529862141679742,0.7031363042509854,0.9227459519517316,6.0
2021-07-08,2021-07-08,1.184,109.82,1.3767,1.2533,0.9153,8.5879,0.003135,-0.007232,-0.001813,0.002159,-0.0107,-0.004428,99.994354,99.932478,101.329448,99.797028,98.507939,100.775702,99.629712,0.002969,5.0,2021-07-01,3.3587499999999997,4.15625,2021-07-08,302.7755117227319,3.8927624872579,3.581304791029561,1.3,0.19,3.61592252803262,1.11,102.57233200815496,589797.0968399593,21238.371967380222,22732.834846481874,119.76254026503567,65.20672782874617,1.8339653414882773,256.22076962283387,5.0,2021-07-08,17.74,21.29,17.74,19.0,0.0,VIX,0.1728395061728396,5.0,2021-07-08,1.2019182654706306,1.4159038312431178,679.073706884648,1.2778615779056477,0.7723191530400858,0.7234598819082997,0.9405061213385564,5.0
2021-07-14,2021-07-14,1.1826,110.03,1.3854,1.2521,0.9154,8.6245,0.0011,-0.00299,0.000506,0.000799,-0.001091,-0.000406,99.965477,99.814315,101.136054,100.427691,98.602348,100.764693,99.206911,0.00109,4.0,2021-07-01,3.3587499999999997,4.15625,2021-07-14,302.7755117227319,3.8927624872579,3.581304791029561,1.37,0.23,3.61592252803262,1.14,102.57233200815496,589797.0968399593,21238.371967380222,22732.834846481874,119.76254026503567,65.20672782874617,1.8339653414882773,256.22076962283387,4.0,2021-07-14,17.34,17.51,15.95,16.33,0.0,VIX,-0.0461448598130842,4.0,2021-07-14,1.203085436470085,1.4177135056626473,733.3339727940713,1.2792986431986288,0.7734248425379202,0.7246067213149406,0.9415638013941908,4.0
2021-07-19,2021-07-19,1.1804,109.45,1.369,1.2752,0.9179,8.6806,-0.000508,-0.006175,-0.006892,0.013189,-0.001414,0.000507,99.59059,99.628629,101.671996,99.238855,96.816186,100.490249,98.565767,-0.001393,2.0,2021-07-01,3.3587499999999997,4.15625,2021-07-19,302.7755117227319,3.8927624872579,3.581304791029561,1.19,0.21,3.61592252803262,0.98,102.57233200815496,589797.0968399593,21238.371967380222,22732.834846481874,119.76254026503567,65.20672782874617,1.8339653414882773,256.22076962283387,2.0,2021-07-19,19.61,25.09,19.27,22.5,0.0,VIX,0.2195121951219512,2.0,2021-07-19,1.174172987575551,1.3701522063720175,63.32223162575947,1.242452847794812,0.7438250781074971,0.6934695854393904,0.9144452959769817,2.0
2021-07-20,2021-07-20,1.1776,109.92,1.3615,1.2724,0.9218,8.7038,-0.002372,0.004294,-0.005478,-0.002196,0.004249,0.002673,99.323692,99.392302,101.237263,98.695179,97.029236,100.06509,98.30304,-0.00268,3.0,2021-07-01,3.3587499999999997,4.15625,2021-07-20,302.7755117227319,3.8927624872579,3.581304791029561,1.23,0.2,3.61592252803262,1.03,102.57233200815496,589797.0968399593,21238.371967380222,22732.834846481874,119.76254026503567,65.20672782874617,1.8339653414882773,256.22076962283387,3.0,2021-07-20,20.89,22.97,19.37,19.73,0.0,VIX,-0.123111111111111,3.0,2021-07-20,1.168893914601397,1.3615171850062404,40.21573877136437,1.2357441940056773,0.7384664677116555,0.6878488754190345,0.9095077267881784,3.0
2021-07-27,2021-07-27,1.1831,109.64,1.3884,1.2579,0.9135,8.6095,0.001778,-0.006074,0.003977,0.00311,-0.002403,-0.002202,100.038022,99.856516,101.495804,100.645161,98.147706,100.974275,99.379755,0.002239,3.0,2021-07-01,3.3587499999999997,4.15625,2021-07-27,302.7755117227319,3.8927624872579,3.581304791029561,1.25,0.2,3.61592252803262,1.05,102.57233200815496,589797.0968399593,21238.371967380222,22732.834846481874,119.76254026503567,65.20672782874617,1.8339653414882773,256.22076962283387,3.0,2021-07-27,18.62,20.44,18.25,19.36,0.0,VIX,0.1012514220705347,3.0,2021-07-27,1.15775213000929,1.3432550485766577,15.073536995130084,1.2215647759138302,0.7271325151317406,0.6759635045404153,0.8990716750725791,3.0
2021-07-29,2021-07-29,1.1886,109.53,1.3966,1.2439,0.9062,8.5532,0.00652,-0.004816,0.005906,-0.00987,-0.007883,-0.008152,100.547287,100.320729,101.597736,101.23958,99.252351,101.787685,100.033905,0.006647,5.0,2021-07-01,3.3587499999999997,4.15625,2021-07-29,302.7755117227319,3.8927624872579,3.581304791029561,1.28,0.2,3.61592252803262,1.08,102.57233200815496,589797.0968399593,21238.371967380222,22732.834846481874,119.76254026503567,65.20672782874617,1.8339653414882773,256.22076962283387,5.0,2021-07-29,17.91,18.01,17.19,17.7,0.0,VIX,-0.0333151283451665,5.0,2021-07-29,1.1533512204367096,1.3360756812474328,10.230371467776047,1.2159781902473104,0.7226856587294305,0.6713089130490874,0.8949599480220204,5.0
2021-08-02,2021-08-02,1.1873,109.22,1.3886,1.2501,0.9051,8.5835,0.000759,-0.004376,-0.001941,0.002808,-0.001104,-0.000896,100.399121,100.211006,101.886101,100.659659,98.760099,101.911391,99.680783,0.000634,2.0,2021-07-01,3.3587499999999997,4.15625,2021-08-02,272.752,5.1,0.09,1.2,0.17,0.05,1.03,100.0412,539655.0,20811.3,22732.834846481874,109.72,70.3,1.96,233.415,2.0,2021-08-02,18.16,19.87,17.99,19.46,0.0,VIX,0.0668859649122808,2.0,2021-08-02,1.1555760531121613,1.3396124517350485,12.238863471400157,1.2187603607930468,0.7248583301473246,0.6735683815193416,0.8970076255436825,2.0
2021-08-04,2021-08-04,1.1841,109.44,1.3912,1.2551,0.9061,8.604,-0.001518,0.003208,0.000503,8e-05,0.001547,-2.3e-05,100.188297,99.940918,101.681287,100.848133,98.366664,101.798918,99.443282,-0.001317,4.0,2021-07-01,3.3587499999999997,4.15625,2021-08-04,272.752,5.1,0.09,1.19,0.17,0.05,1.02,100.0412,539655.0,20811.3,22732.834846481874,109.72,70.3,1.96,233.415,4.0,2021-08-04,18.23,18.9,17.67,17.97,0.0,VIX,-0.003880266075388,4.0,2021-08-04,1.1494814264137478,1.3296953833134326,7.164084815450413,1.2110345284388853,0.7187219352947096,0.6671511486134004,0.8913214129310196,4.0
2021-08-05,2021-08-05,1.1838,109.75,1.3929,1.2487,0.907,8.6113,-0.000253,0.002833,0.001222,-0.005099,0.000993,0.000848,100.188018,99.915598,101.394077,100.971366,98.870826,101.697905,99.358982,-3e-06,5.0,2021-07-01,3.3587499999999997,4.15625,2021-08-05,272.752,5.1,0.09,1.23,0.21,0.05,1.02,100.0412,539655.0,20811.3,22732.834846481874,109.72,70.3,1.96,233.415,5.0,2021-08-05,17.73,17.84,17.23,17.28,0.0,VIX,-0.0383973288814689,5.0,2021-08-05,1.154257894818832,1.3374190649441826,10.809082682117054,1.2170674509912345,0.7234915701965905,0.6721311764676914,0.8957616439295484,5.0
2021-08-12,2021-08-12,1.1736,110.36,1.3833,1.2518,0.923,8.6851,-8.5e-05,-0.000996,-0.00238,0.0004,0.001628,-0.000667,99.411899,99.054693,100.833635,100.275462,98.625979,99.934995,98.514698,-0.000265,5.0,2021-07-01,3.3587499999999997,4.15625,2021-08-12,272.752,5.1,0.09,1.36,0.23,0.05,1.13,100.0412,539655.0,20811.3,22732.834846481874,109.72,70.3,1.96,233.415,5.0,2021-08-12,16.33,16.42,15.49,15.59,0.0,VIX,-0.0292652552926524,5.0,2021-08-12,1.136246009928349,1.3081679386147742,2.190335301497565,1.1942559184338415,0.7054117725988334,0.653245618243739,0.8789723559673073,5.0
2021-08-13,2021-08-13,1.1796,109.75,1.3857,1.2512,0.9162,8.6348,0.005112,-0.005527,0.001735,-0.000479,-0.007367,-0.005792,99.855625,99.561107,101.394077,100.449438,98.673274,100.676708,99.088572,0.004464,6.0,2021-07-01,3.3587499999999997,4.15625,2021-08-13,272.752,5.1,0.09,1.29,0.23,0.05,1.06,100.0412,539655.0,20811.3,22732.834846481874,109.72,70.3,1.96,233.415,6.0,2021-08-13,15.68,15.72,15.19,15.45,0.0,VIX,-0.0089801154586273,6.0,2021-08-13,1.1356277752342228,1.3071537855609432,2.067343577189657,1.1934680898670555,0.7047833926528083,0.6525882327719168,0.878392514142153,6.0
2021-08-17,2021-08-17,1.1714,109.59,1.3739,1.2622,0.9144,8.7448,-0.005265,0.00302,-0.007943,0.004137,0.002302,0.011252,99.251848,98.869007,101.542112,99.594056,97.813342,100.874891,97.842146,-0.005306,3.0,2021-07-01,3.3587499999999997,4.15625,2021-08-17,272.752,5.1,0.09,1.26,0.23,0.05,1.03,100.0412,539655.0,20811.3,22732.834846481874,109.72,70.3,1.96,233.415,3.0,2021-08-17,17.31,19.56,16.71,17.91,0.0,VIX,0.1110421836228288,3.0,2021-08-17,1.119095782928208,1.280521340160585,0.4706437297450565,1.1726178637934943,0.688383161535579,0.6355185861094825,0.863046747752012,3.0
2021-08-23,2021-08-23,1.1732,109.78,1.3717,1.2666,0.9137,8.719,0.003593,9.1e-05,0.006752,-0.014549,-0.00425,-0.011104,99.280499,99.020932,101.366369,99.434578,97.473551,100.952172,98.131666,0.004783,2.0,2021-07-01,3.3587499999999997,4.15625,2021-08-23,272.752,5.1,0.09,1.25,0.23,0.05,1.02,100.0412,539655.0,20811.3,22732.834846481874,109.72,70.3,1.96,233.415,2.0,2021-08-23,18.83,18.95,16.95,17.15,0.0,VIX,-0.0759698275862069,2.0,2021-08-23,1.1131834301812569,1.2709564093131722,0.2715633275462056,1.165140129909073,0.682489940008266,0.6293850930543369,0.8575431356130776,2.0
2021-08-24,2021-08-24,1.1746,109.68,1.3716,1.2615,0.913,8.6957,0.001193,-0.000911,-7.3e-05,-0.004027,-0.000766,-0.002672,99.409958,99.139095,101.458789,99.427329,97.867618,101.029573,98.394609,0.001304,3.0,2021-07-01,3.3587499999999997,4.15625,2021-08-24,272.752,5.1,0.09,1.29,0.24,0.05,1.05,100.0412,539655.0,20811.3,22732.834846481874,109.72,70.3,1.96,233.415,3.0,2021-08-24,16.96,17.51,16.94,17.22,0.0,VIX,0.0040816326530612,3.0,2021-08-24,1.1166311354161798,1.2764533601638626,0.368731043070055,1.1694638678517577,0.6858611402867516,0.6328809786508578,0.8607254067388938,3.0
2021-08-27,2021-08-27,1.1794,109.84,1.3769,1.2613,0.9122,8.6404,0.002806,-0.002271,0.004157,-0.00324,-0.005668,-0.00831,99.699984,99.544227,101.310998,99.811526,97.883136,101.118176,99.024351,0.00327,6.0,2021-07-01,3.3587499999999997,4.15625,2021-08-27,272.752,5.1,0.09,1.31,0.22,0.05,1.09,100.0412,539655.0,20811.3,22732.834846481874,109.72,70.3,1.96,233.415,6.0,2021-08-27,17.95,18.22,16.11,16.39,0.0,VIX,-0.1300424628450105,6.0,2021-08-27,1.123033515217754,1.2866588581952114,0.6465823241764569,1.177490825466284,0.6921215955017153,0.6393754928717491,0.8666332475431849,6.0
2021-09-02,2021-09-02,1.1858,110.01,1.3825,1.2559,0.9159,8.5802,0.000675,-0.000182,0.002538,-0.004439,0.001531,-0.002372,100.090915,100.084402,101.154441,100.21747,98.304005,100.709684,99.719121,0.001157,5.0,2021-07-01,3.3587499999999997,4.15625,2021-09-02,273.942,4.7,0.08,1.29,0.2,0.04,1.09,98.9955,518687.0,20978.9,22732.834846481874,110.047,72.8,1.86,235.678,5.0,2021-09-02,16.27,16.98,15.73,16.41,0.0,VIX,0.0186219739292365,5.0,2021-09-02,1.1189263422455415,1.2799714396192394,0.439271849391991,1.172277298756113,0.6879918714245298,0.6350690304878437,0.8627960918844992,5.0
2021-09-15,2021-09-15,1.1811,109.4,1.3837,1.2653,0.9196,8.583,-0.001099,-0.002371,-0.000794,-0.00079,0.000326,-0.000116,99.867068,99.687711,101.718464,100.304458,97.573698,100.30448,99.68659,-0.000336,4.0,2021-07-01,3.3587499999999997,4.15625,2021-09-15,273.942,4.7,0.08,1.31,0.21,0.04,1.1,98.9955,518687.0,20978.9,22732.834846481874,110.047,72.8,1.86,235.678,4.0,2021-09-15,19.3,20.27,18.01,18.18,0.0,VIX,-0.0657759506680371,4.0,2021-09-15,1.1377657900454,1.3100125003218888,2.232914754760355,1.1958965740630547,0.7064319962362026,0.6542140737909321,0.8801798785104084,4.0
2021-09-20,2021-09-20,1.1729,109.47,1.3656,1.2818,0.9277,8.6964,-0.000426,-0.004275,-0.007197,0.00628,-0.00333,0.002848,99.103014,98.995611,101.653421,98.992389,96.317678,99.428695,98.386689,-0.001063,2.0,2021-07-01,3.3587499999999997,4.15625,2021-09-20,273.942,4.7,0.08,1.31,0.23,0.04,1.08,98.9955,518687.0,20978.9,22732.834846481874,110.047,72.8,1.86,235.678,2.0,2021-09-20,24.25,28.79,23.9,25.71,0.0,VIX,0.2354637193656896,2.0,2021-09-20,1.1247932680079376,1.2890616487980613,0.6975072265251682,1.179512816460215,0.6935181236404715,0.6407616952346112,0.8681214329147184,2.0
2021-09-22,2021-09-22,1.1739,109.59,1.3669,1.2733,0.9223,8.648,0.001279,0.002378,0.000439,-0.004379,-0.001299,-0.002928,99.250301,99.080014,101.542112,99.086626,96.960653,100.010842,98.937327,0.001016,4.0,2021-07-01,3.3587499999999997,4.15625,2021-09-22,273.942,4.7,0.08,1.32,0.25,0.04,1.07,98.9955,518687.0,20978.9,22732.834846481874,110.047,72.8,1.86,235.678,4.0,2021-09-22,22.72,23.4,20.75,20.87,0.0,VIX,-0.1432676518883414,4.0,2021-09-22,1.1352379437658615,1.3058152742449076,1.746002491445693,1.1926521282227878,0.7038219462374459,0.6514760652670761,0.8777919663719719,4.0
2021-09-27,2021-09-27,1.1702,110.97,1.3712,1.2643,0.9256,8.7049,-0.00111,0.002258,0.002266,-0.002289,0.001082,0.005429,98.958593,98.767725,100.279355,99.398333,97.650874,99.654278,98.290618,-0.000739,2.0,2021-07-01,3.3587499999999997,4.15625,2021-09-27,273.942,4.7,0.08,1.48,0.31,0.04,1.17,98.9955,518687.0,20978.9,22732.834846481874,110.047,72.8,1.86,235.678,2.0,2021-09-27,17.78,19.32,17.74,18.76,0.0,VIX,0.0569014084507042,2.0,2021-09-27,1.1321181931861428,1.3007056903116,1.303841644782132,1.1886797685756203,0.7006583676261392,0.6481688942591487,0.8748683096716569,2.0
2021-09-28,2021-09-28,1.1681,111.33,1.3537,1.2692,0.9282,8.7313,-0.001795,0.003244,-0.012763,0.003876,0.002809,0.003033,98.6046,98.590479,99.955088,98.129757,97.273873,99.375135,97.993426,-0.003577,3.0,2021-07-01,3.3587499999999997,4.15625,2021-09-28,273.942,4.7,0.08,1.54,0.31,0.04,1.23,98.9955,518687.0,20978.9,22732.834846481874,110.047,72.8,1.86,235.678,3.0,2021-09-28,19.74,24.82,19.71,23.25,0.0,VIX,0.2393390191897653,3.0,2021-09-28,1.1291617855138458,1.2959352366248744,1.0004690166328198,1.1849477518268192,0.697718919169428,0.6451078101382366,0.872121545344539,3.0
2021-10-01,2021-10-01,1.1598,110.97,1.3572,1.2657,0.9297,8.7524,0.001814,-0.004753,0.007572,-0.001263,-0.004497,-0.000879,98.284166,97.889939,100.279355,98.383472,97.542862,99.2148,97.757187,0.002916,6.0,2021-10-01,0.08,6.0,2021-10-01,276.528,4.5,0.08,1.48,0.27,0.05,1.21,100.3542,542452.0,21142.9,21960.388,110.741,71.7,1.77,240.465,6.0,2021-10-01,24.78,24.89,20.64,21.15,0.0,VIX,-0.0859982713915299,6.0,2021-10-01,1.1382278052706711,1.310472194655106,2.203541556912586,1.1963492089234806,0.7066604051284492,0.6544075559068289,0.8805130177676818,6.0
2021-10-05,2021-10-05,1.1609,111.39,1.364,1.2562,0.9271,8.7286,-0.001119,0.004056,0.002794,-0.000716,0.002487,0.000367,98.433219,97.982782,99.901248,98.876404,98.280529,99.493043,98.023738,-0.000909,3.0,2021-07-01,3.3587499999999997,4.15625,2021-10-05,276.528,4.5,0.08,1.54,0.28,0.05,1.26,100.3542,542452.0,21142.9,21960.388,110.741,71.7,1.77,240.465,3.0,2021-10-05,22.92,23.17,20.62,21.3,0.0,VIX,-0.0722996515679442,3.0,2021-10-05,1.1220773748572626,1.2844442310093749,0.5207592978274443,1.1759760992417048,0.6906294813296289,0.6377193194575357,0.8655184090418947,3.0
2021-10-13,2021-10-13,1.1568,113.49,1.3645,1.2448,0.926,8.7127,0.002339,-0.001759,0.00294,0.000724,-0.004515,-0.006715,98.080477,97.636732,98.052692,98.91265,99.180591,99.611231,98.202624,0.002316,4.0,2021-07-01,3.3587499999999997,4.15625,2021-10-13,276.528,4.5,0.08,1.56,0.37,0.05,1.19,100.3542,542452.0,21142.9,21960.388,110.741,71.7,1.77,240.465,4.0,2021-10-13,20.14,20.23,18.44,18.64,0.0,VIX,-0.0609571788413099,4.0,2021-10-13,1.107590749283148,1.2611511333123135,0.1382283281218535,1.1577177537658236,0.6763082407279373,0.6228404699173232,0.8520802667716463,4.0
2021-10-15,2021-10-15,1.1594,114.31,1.3756,1.2387,0.9241,8.6173,0.000259,0.006339,0.005262,0.002022,0.000975,-0.00205,98.304451,97.856178,97.349313,99.717289,99.669008,99.816037,99.289801,-0.000209,6.0,2021-07-01,3.3587499999999997,4.15625,2021-10-15,276.528,4.5,0.08,1.59,0.41,0.05,1.18,100.3542,542452.0,21142.9,21960.388,110.741,71.7,1.77,240.465,6.0,2021-10-15,16.64,16.85,15.72,16.3,0.0,VIX,-0.0332147093712928,6.0,2021-10-15,1.1090113768069707,1.2633819831003097,0.1560782404774675,1.1594841237843654,0.677669056592038,0.6242452286007567,0.8533803151052929,6.0
2021-10-29,2021-10-29,1.1552,114.03,1.3686,1.2397,0.9165,8.593,-0.011382,0.005733,-0.008548,0.003968,0.004604,0.007173,98.106665,97.501688,97.588354,99.209859,99.58861,100.643753,99.570581,-0.009161,6.0,2021-07-01,3.3587499999999997,4.15625,2021-10-29,276.528,4.5,0.08,1.55,0.48,0.05,1.07,100.3542,542452.0,21142.9,21960.388,110.741,71.7,1.77,240.465,6.0,2021-10-29,17.4,18.06,16.13,16.26,0.0,VIX,-0.0163339382940108,6.0,2021-10-29,1.129819485797084,1.2964455926927627,0.955406790908511,1.1855261673414998,0.6979278852148181,0.6452401822225566,0.8725472591633439,6.0
2021-11-04,2021-11-04,1.1546,113.63,1.3494,1.2462,0.9127,8.5814,-0.00328,-0.00377,-0.01208,0.003705,0.000658,0.002699,97.932059,97.451047,97.931884,97.81805,99.06917,101.062781,99.705176,-0.003297,5.0,2021-07-01,3.3587499999999997,4.15625,2021-11-04,278.824,4.2,0.08,1.53,0.41,0.05,1.12,101.2684,563029.0,21317.4,21960.388,111.51,67.4,1.72,243.287,5.0,2021-11-04,15.06,16.14,14.73,15.44,0.0,VIX,0.0225165562913907,5.0,2021-11-04,1.145179413881189,1.3210800298392769,3.6129915116348577,1.204843935885504,0.7130837876101178,0.6610078198113502,0.8867651368117309,5.0
2021-11-11,2021-11-11,1.1517,113.89,1.347,1.2447,0.9164,8.6679,0.0,0.0,0.0,0.0,0.0,0.0,97.69435,97.20628,97.708315,97.644074,99.188559,100.654736,98.710184,0.0,5.0,2021-07-01,3.3587499999999997,4.15625,2021-11-11,278.824,4.2,0.08,1.56,0.51,0.05,1.05,101.2684,563029.0,21317.4,21960.388,111.51,67.4,1.72,243.287,5.0,2021-11-11,18.34,18.39,17.27,17.66,0.0,VIX,-0.0571276027762946,5.0,2021-11-11,1.1199386856879952,1.2803738457207707,0.379934191801782,1.1729918281971004,0.6880051758607092,0.6348939904679374,0.8633219855530658,5.0
2021-11-12,2021-11-12,1.1443,113.9,1.3412,1.2558,0.9211,8.7501,-0.006425,8.8e-05,-0.004306,0.008918,0.005129,0.009483,97.146175,96.581702,97.699737,97.223632,98.311833,100.141136,97.782882,-0.005611,6.0,2021-07-01,3.3587499999999997,4.15625,2021-11-12,278.824,4.2,0.08,1.58,0.53,0.05,1.05,101.2684,563029.0,21317.4,21960.388,111.51,67.4,1.72,243.287,6.0,2021-11-12,17.49,17.69,16.15,16.29,0.0,VIX,-0.0775764439411099,6.0,2021-11-12,1.122631958628207,1.2846691825997307,0.4814624602644609,1.176369673307061,0.6906402672493334,0.6376275676740374,0.8658080795539969,6.0
2021-11-15,2021-11-15,1.1421,113.96,1.3444,1.2515,0.9217,8.7707,-0.001923,0.000527,0.002386,-0.003424,0.000651,0.002354,97.078575,96.396016,97.648298,97.4556,98.64962,100.075947,97.553217,-0.000696,2.0,2021-07-01,3.3587499999999997,4.15625,2021-11-15,278.824,4.2,0.08,1.63,0.53,0.05,1.1,101.2684,563029.0,21317.4,21960.388,111.51,67.4,1.72,243.287,2.0,2021-11-15,17.03,17.46,16.49,16.49,0.0,VIX,0.0122774708410067,2.0,2021-11-15,1.121889309235066,1.283427212241257,0.44610692914307,1.1754119252597697,0.6898672014225486,0.6368165646527192,0.8651031769911904,2.0
2021-11-16,2021-11-16,1.1333,114.62,1.3429,1.2562,0.9298,8.8675,-0.007705,0.005792,-0.001116,0.003755,0.008788,0.011037,96.451648,95.653275,97.086023,97.346865,98.280529,99.20413,96.4883,-0.006458,3.0,2021-07-01,3.3587499999999997,4.15625,2021-11-16,278.824,4.2,0.08,1.63,0.54,0.05,1.09,101.2684,563029.0,21317.4,21960.388,111.51,67.4,1.72,243.287,3.0,2021-11-16,16.86,17.08,16.03,16.37,0.0,VIX,-0.0072771376591872,3.0,2021-11-16,1.1201222490239555,1.2805806004893203,0.3797685191995717,1.173182665056986,0.688115440797532,0.6349949736567632,0.8634624414819417,3.0
2021-11-18,2021-11-18,1.1358,114.22,1.3489,1.2629,0.926,8.8889,0.00318,-0.000962,7.4e-05,0.002779,-0.0028,0.003318,96.628636,95.864281,97.42602,97.781805,97.759126,99.611231,96.256005,0.001664,5.0,2021-07-01,3.3587499999999997,4.15625,2021-11-18,278.824,4.2,0.08,1.59,0.52,0.05,1.07,101.2684,563029.0,21317.4,21960.388,111.51,67.4,1.72,243.287,5.0,2021-11-18,16.81,18.15,16.38,17.59,0.0,VIX,0.0280537697253069,5.0,2021-11-18,1.1178632780806848,1.276931737800702,0.308263932134331,1.1703281512100745,0.6858684324411553,0.6326573348592556,0.8613615192906148,5.0
2021-11-22,2021-11-22,1.126,114.69,1.3412,1.2684,0.93,8.967,-0.005125,0.007732,-0.004601,0.004196,0.004103,0.005968,95.942271,95.037137,97.026768,97.223632,97.335225,99.182796,95.417642,-0.005321,2.0,2021-07-01,3.3587499999999997,4.15625,2021-11-22,278.824,4.2,0.08,1.63,0.63,0.05,1.0,101.2684,563029.0,21317.4,21960.388,111.51,67.4,1.72,243.287,2.0,2021-11-22,18.2,19.59,17.35,19.17,0.0,VIX,0.0703517587939699,2.0,2021-11-22,1.1186401593829651,1.2781047998600077,0.3260233344584852,1.1712723802737903,0.6865752329291646,0.6333800786644914,0.8620564718815099,2.0
2021-11-29,2021-11-29,1.1261,113.75,1.3291,1.2792,0.925,9.1032,-0.003628,0.002556,-0.002327,0.002822,0.001733,-0.000735,95.836358,95.045577,97.828571,96.346502,96.513446,99.718919,93.990025,-0.002998,2.0,2021-07-01,3.3587499999999997,4.15625,2021-11-29,278.824,4.2,0.08,1.52,0.51,0.05,1.01,101.2684,563029.0,21317.4,21960.388,111.51,67.4,1.72,243.287,2.0,2021-11-29,25.31,25.69,21.71,22.96,0.0,VIX,-0.2074559889540903,2.0,2021-11-29,1.1164123944360471,1.27442145011336,0.2608813238195846,1.1684182375194962,0.6842911473991065,0.6309912985063343,0.8599558228143492,2.0
2021-12-02,2021-12-02,1.1306,113.1,1.3305,1.2814,0.9205,9.0464,-0.001501,0.002482,-0.000225,0.002817,0.001088,-0.003459,96.170926,95.425388,98.390805,96.447988,96.347745,100.20641,94.580164,-0.001384,5.0,2021-07-01,3.3587499999999997,4.15625,2021-12-02,280.806,3.9,0.08,1.44,0.63,0.06,0.81,101.1948,613925.0,21471.6,21960.388,112.221,70.6,1.84,241.338,5.0,2021-12-02,29.44,30.68,27.15,27.95,0.0,VIX,-0.1018637532133677,5.0,2021-12-02,1.1159607377783158,1.2736477438880702,0.2480192018282967,1.167827207802974,0.6838064228768838,0.6304804441787617,0.859520824942989,5.0
2021-12-03,2021-12-03,1.1308,112.88,1.3234,1.2833,0.9185,9.1426,0.000177,-0.001945,-0.005336,0.001483,-0.002173,0.010634,96.098558,95.442269,98.582566,95.933309,96.205096,100.424605,93.584976,-0.000752,6.0,2021-07-01,3.3587499999999997,4.15625,2021-12-03,280.806,3.9,0.08,1.35,0.6,0.06,0.75,101.1948,613925.0,21471.6,21960.388,112.221,70.6,1.84,241.338,6.0,2021-12-03,26.95,35.32,25.89,30.67,0.0,VIX,0.0973166368515205,6.0,2021-12-03,1.1176352116899746,1.2763067051156889,0.287170580696559,1.1699223279747877,0.6854348403891231,0.6321671147690259,0.8610628333894438,6.0
2021-12-09,2021-12-09,1.1285,113.53,1.3188,1.2698,0.926,9.0788,-0.003972,-0.002636,-0.003626,0.003556,0.004665,0.003493,95.961716,95.248143,98.018145,95.599855,97.22791,99.611231,94.242631,-0.002983,5.0,2021-07-01,3.3587499999999997,4.15625,2021-12-09,280.806,3.9,0.08,1.49,0.7,0.06,0.79,101.1948,613925.0,21471.6,21960.388,112.221,70.6,1.84,241.338,5.0,2021-12-09,20.31,22.12,19.94,21.58,0.0,VIX,0.0844221105527638,5.0,2021-12-09,1.11851073565085,1.2776024487966222,0.3043543256354791,1.1709744318120312,0.6862101890895868,0.6329555156811264,0.8618371818136551,5.0
2021-12-15,2021-12-15,1.1261,113.83,1.3214,1.2916,0.9258,9.1237,-0.000533,0.00176,-0.000832,0.004511,0.002382,-0.002296,95.664294,95.045577,97.759817,95.788329,95.586869,99.63275,93.77884,-0.001053,4.0,2021-07-01,3.3587499999999997,4.15625,2021-12-15,280.806,3.9,0.08,1.47,0.69,0.06,0.78,101.1948,613925.0,21471.6,21960.388,112.221,70.6,1.84,241.338,4.0,2021-12-15,21.6,23.47,19.02,19.29,0.0,VIX,-0.1187756966651439,4.0,2021-12-15,1.137483218148614,1.3079377799958147,1.6035962635426972,1.194800807573555,0.7048419846386851,0.6523055081152817,0.8793733943741365,4.0
2021-12-17,2021-12-17,1.1277,113.56,1.3269,1.283,0.9226,9.0966,-0.00283,-0.000968,-0.004203,0.004541,0.001194,0.005094,95.903615,95.180621,97.992251,96.187024,96.227592,99.978322,94.05822,-0.002654,6.0,2021-07-01,3.3587499999999997,4.15625,2021-12-17,280.806,3.9,0.08,1.41,0.66,0.06,0.75,101.1948,613925.0,21471.6,21960.388,112.221,70.6,1.84,241.338,6.0,2021-12-17,20.7,23.26,20.49,21.57,0.0,VIX,0.0486144871171609,6.0,2021-12-17,1.1469922986200038,1.3232350028577171,3.662035667243779,1.2067802872386184,0.714264157442112,0.6621179072299328,0.8881902914076233,6.0
2021-12-21,2021-12-21,1.1272,114.11,1.3253,1.2927,0.9242,9.1477,-0.002301,0.005818,0.002345,-0.001082,0.004565,0.000952,95.707265,95.13842,97.519937,96.07104,95.505531,99.805237,93.532801,-0.001956,3.0,2021-07-01,3.3587499999999997,4.15625,2021-12-21,280.806,3.9,0.08,1.48,0.7,0.06,0.78,101.1948,613925.0,21471.6,21960.388,112.221,70.6,1.84,241.338,3.0,2021-12-21,22.28,22.68,20.9,21.01,0.0,VIX,-0.0813292522955837,3.0,2021-12-21,1.1326933278741953,1.300127480960548,1.0305306397268317,1.1887173632629695,0.7000134320822462,0.6472639339405828,0.8748959793615455,3.0
2021-12-28,2021-12-28,1.1314,114.75,1.3432,1.2814,0.9167,9.0503,-0.001324,-0.000871,-0.000446,0.001328,-0.000872,-0.005582,96.140206,95.49291,96.976035,97.368612,96.347745,100.621796,94.539408,-0.00055,3.0,2021-07-01,3.3587499999999997,4.15625,2021-12-28,280.806,3.9,0.08,1.49,0.74,0.06,0.75,101.1948,613925.0,21471.6,21960.388,112.221,70.6,1.84,241.338,3.0,2021-12-28,17.78,18.47,17.51,17.54,0.0,VIX,-0.0079185520361991,3.0,2021-12-28,1.1637779630873513,1.3502230156635766,15.087233911959313,1.227912114496533,0.730898099695428,0.6794582222464327,0.9037433162694484,3.0
2021-12-31,2021-12-31,1.1318,115.17,1.35,1.2777,0.9146,9.0498,0.0,0.0,0.0,0.0,0.0,0.0,96.204141,95.526671,96.622384,97.861544,96.626751,100.852832,94.544631,0.0,6.0,2021-07-01,3.3587499999999997,4.15625,2021-12-31,280.806,3.9,0.08,1.52,0.73,0.06,0.79,101.1948,613925.0,21471.6,21960.388,112.221,70.6,1.84,241.338,6.0,2021-12-31,17.63,18.27,16.99,17.22,0.0,VIX,-0.0063473744950951,6.0,2021-12-31,1.1563420710223264,1.3381058485359536,7.867651199692153,1.2184784818319905,0.7233961238941005,0.6716089662584677,0.896800162628345,6.0
2022-01-03,2022-01-03,1.129,115.27,1.3469,1.2757,0.9188,9.1206,-0.002474,0.000868,-0.002296,-0.001565,0.004592,0.007823,95.99624,95.290344,96.538562,97.636825,96.778239,100.391815,93.810714,-0.002161,2.0,2021-07-01,3.3587499999999997,4.15625,2022-01-03,282.542,4.0,0.08,1.63,0.78,0.15,0.85,101.2146,505782.0,21586.8,21903.85,112.776,67.2,1.82,246.453,2.0,2022-01-03,17.6,18.54,16.56,16.6,0.0,VIX,-0.0360046457607431,2.0,2022-01-03,1.1620999354894033,1.3473882788396248,12.798994350712409,1.225737822252432,0.7291234168467744,0.6775852250482368,0.90214303717779,2.0
2022-01-04,2022-01-04,1.1296,116.12,1.3544,1.2697,0.9154,9.0867,0.000531,0.007374,0.005568,-0.004703,-0.0037,-0.003717,96.06374,95.340986,95.831898,98.1805,97.235567,100.764693,94.160696,0.000703,3.0,2021-07-01,3.3587499999999997,4.15625,2022-01-04,282.542,4.0,0.08,1.66,0.77,0.15,0.89,101.2146,505782.0,21586.8,21903.85,112.776,67.2,1.82,246.453,3.0,2022-01-04,16.57,17.81,16.34,16.91,0.0,VIX,0.0186746987951806,3.0,2022-01-04,1.1648925329177102,1.351905074877479,16.216340460248873,1.2292649422198156,0.7319139154819453,0.6805004391158791,0.9047389974737844,3.0
2022-01-07,2022-01-07,1.1358,115.61,1.3583,1.2643,0.9191,9.0604,0.00451,-0.001468,0.00325,-0.006444,-0.000544,-0.007851,96.490964,95.864281,96.254649,98.463211,97.650874,100.359047,94.434021,0.004116,6.0,2021-07-01,3.3587499999999997,4.15625,2022-01-07,282.542,4.0,0.08,1.76,0.87,0.15,0.89,101.2146,505782.0,21586.8,21903.85,112.776,67.2,1.82,246.453,6.0,2022-01-07,19.85,20.8,18.57,18.76,0.0,VIX,-0.0433452320244771,6.0,2022-01-07,1.1509163584550022,1.329197593124367,4.801298720078688,1.2115633314066605,0.7178704477287869,0.6658205635398009,0.8917106119153022,6.0
2022-01-11,2022-01-11,1.1363,115.38,1.3622,1.2598,0.9237,9.0515,0.00309,0.002084,0.004054,-0.006389,-0.001621,-0.005767,96.592659,95.906482,96.446525,98.745922,97.999682,99.859262,94.526874,0.002865,3.0,2021-07-01,3.3587499999999997,4.15625,2022-01-11,282.542,4.0,0.08,1.75,0.9,0.15,0.85,101.2146,505782.0,21586.8,21903.85,112.776,67.2,1.82,246.453,3.0,2022-01-11,19.62,21.0,18.2,18.41,0.0,VIX,-0.0510309278350514,3.0,2022-01-11,1.147499944377857,1.3236050075133652,3.518876680315105,1.2072160575748416,0.7144056871320924,0.6621951634488281,0.8885110183750835,3.0
2022-01-13,2022-01-13,1.1464,114.06,1.3724,1.2482,0.9102,8.9203,0.002887,-0.005926,0.001898,-0.00152,-0.003503,-0.003597,97.518056,96.758947,97.562686,99.485321,98.910431,101.340365,95.917178,0.003111,5.0,2021-07-01,3.3587499999999997,4.15625,2022-01-13,282.542,4.0,0.08,1.7,0.91,0.15,0.79,101.2146,505782.0,21586.8,21903.85,112.776,67.2,1.82,246.453,5.0,2022-01-13,18.06,20.61,17.45,20.31,0.0,VIX,0.1526674233825198,5.0,2022-01-13,1.1507870354802423,1.328880089320191,4.652752349089095,1.211350557863951,0.7176535686199492,0.6655773017850404,0.8915540105878679,5.0
2022-01-26,2022-01-26,1.1279,114.33,1.3516,1.2597,0.9213,9.2624,-0.000355,0.003952,0.001556,-0.003165,0.002067,-0.002627,96.132986,95.197502,97.332284,97.977528,98.007462,100.119397,92.374547,-0.000236,4.0,2021-07-01,3.3587499999999997,4.15625,2022-01-26,282.542,4.0,0.08,1.85,1.13,0.15,0.72,101.2146,505782.0,21586.8,21903.85,112.776,67.2,1.82,246.453,4.0,2022-01-26,29.35,33.04,26.9,31.96,0.0,VIX,0.0256739409499358,4.0,2022-01-26,1.1539980659048643,1.3338383537780718,5.884687912052178,1.215300305864638,0.7206690957109952,0.6686874861818729,0.8944610251163736,4.0
2022-01-27,2022-01-27,1.1141,115.47,1.3385,1.2709,0.9318,9.3789,-0.012235,0.009971,-0.009692,0.008891,0.011397,0.012578,95.050992,94.032748,96.371352,97.027909,97.143756,98.9912,91.227116,-0.011255,5.0,2021-07-01,3.3587499999999997,4.15625,2022-01-27,282.542,4.0,0.08,1.81,1.18,0.15,0.63,101.2146,505782.0,21586.8,21903.85,112.776,67.2,1.82,246.453,5.0,2022-01-27,32.19,33.0,28.42,30.49,0.0,VIX,-0.0459949937421777,5.0,2022-01-27,1.1764837771684549,1.3703468417916422,40.396915943819,1.2437631608212172,0.7432525721004966,0.6923041548155073,0.915409686364416,5.0
2022-02-10,2022-02-10,1.1487,115.84,1.3636,1.2647,0.923,9.1924,0.004547,0.003465,0.00709,-0.002209,-0.000325,0.011109,97.062806,96.953072,96.063536,98.847408,97.619989,99.934995,93.077977,0.002766,5.0,2021-07-01,3.3587499999999997,4.15625,2022-02-10,284.525,3.8,0.08,2.03,1.61,0.33,0.42,101.8458,496221.0,21685.0,21903.85,113.489,62.8,2.04,252.66,5.0,2022-02-10,20.37,24.77,20.18,23.91,0.0,VIX,0.1978957915831662,5.0,2022-02-10,1.1880612475767227,1.388998826586778,102.6069955665546,1.2583452691274857,0.7547741897447375,0.7043472154489719,0.9261421180778296,5.0
2022-02-14,2022-02-14,1.1306,115.72,1.3516,1.2732,0.9265,9.3785,-0.008593,-0.001639,-0.00625,0.004259,0.00108,0.012983,95.942422,95.425388,96.163152,97.977528,96.968269,99.557474,91.231007,-0.006416,2.0,2021-07-01,3.3587499999999997,4.15625,2022-02-14,284.525,3.8,0.08,1.98,1.58,0.33,0.4,101.8458,496221.0,21685.0,21903.85,113.489,62.8,2.04,252.66,2.0,2022-02-14,29.17,32.04,28.33,28.33,0.0,VIX,0.0354532163742689,2.0,2022-02-14,1.185869791496963,1.3853378691300444,84.16835854961991,1.2555263225069322,0.7524864665366187,0.7019340024607228,0.924067373365102,2.0
2022-02-15,2022-02-15,1.1363,115.64,1.3539,1.2742,0.9258,9.2674,0.005042,-0.000691,0.001702,0.000785,-0.000756,-0.011846,96.29014,95.906482,96.229678,98.144255,96.892168,99.63275,92.324708,0.003624,3.0,2021-07-01,3.3587499999999997,4.15625,2022-02-15,284.525,3.8,0.08,2.05,1.58,0.33,0.47,101.8458,496221.0,21685.0,21903.85,113.489,62.8,2.04,252.66,3.0,2022-02-15,28.09,28.09,25.33,25.7,0.0,VIX,-0.0928344511118954,3.0,2022-02-15,1.1816762467413344,1.378465498996173,58.862322336050624,1.2501918673047658,0.748218144583946,0.6974533593308514,0.9201412143363076,3.0
2022-03-03,2022-03-03,1.1053,115.67,1.3326,1.2675,0.9204,9.7703,-0.004414,0.000692,-0.002918,0.001422,-0.001302,0.008953,94.463976,93.290007,96.20472,96.600217,97.404339,100.217297,87.572541,-0.003395,5.0,2021-07-01,3.3587499999999997,4.15625,2022-03-03,287.467,3.7,0.2,1.86,1.53,0.44,0.33,102.6732,584512.0,21721.5,21903.85,114.489,59.4,2.16,260.014,5.0,2022-03-03,30.52,32.01,29.31,30.48,0.0,VIX,-0.0084580351333766,5.0,2022-03-03,1.1820393213658429,1.378758523375319,57.51702221636881,1.2505168075039723,0.7483417769576325,0.6975355896594605,0.9203803703229236,5.0
2022-03-16,2022-03-16,1.0996,118.48,1.3096,1.2742,0.9414,9.4655,0.002005,0.002454,0.002373,-0.004998,-0.000106,-0.015651,93.669499,92.808913,93.923025,94.932947,96.892168,97.981729,90.392478,0.002206,4.0,2021-07-01,3.3587499999999997,4.15625,2022-03-16,287.467,3.7,0.2,2.19,1.95,0.44,0.24,102.6732,584512.0,21721.5,21903.85,114.489,59.4,2.16,260.014,4.0,2022-03-16,29.02,29.8,26.29,26.67,0.0,VIX,-0.1059336238685885,4.0,2022-03-16,1.194894082836527,1.3995484245078171,162.3852262401032,1.2667419008989975,0.7612035880543775,0.7109979088574175,0.9323220390616624,4.0
2022-03-22,2022-03-22,1.1022,120.66,1.3258,1.2604,0.9325,9.4184,-0.002353,0.012673,0.004318,0.001908,0.002365,-0.002151,93.854054,93.028359,92.22609,96.107285,97.953031,98.91689,90.844517,-0.002693,3.0,2021-07-01,3.3587499999999997,4.15625,2022-03-22,287.467,3.7,0.2,2.38,2.18,0.44,0.2,102.6732,584512.0,21721.5,21903.85,114.489,59.4,2.16,260.014,3.0,2022-03-22,24.02,24.02,22.7,22.94,0.0,VIX,-0.0250743731406715,3.0,2022-03-22,1.1712753572909944,1.3608615233910468,21.614118411384133,1.2367044878839553,0.7371825341497136,0.6857893534423095,0.9102145030825912,3.0
2022-03-28,2022-03-28,1.0977,123.25,1.3091,1.255,0.9344,9.5146,-0.000728,0.010412,-0.007731,0.003037,0.003868,0.009175,93.220183,92.648548,90.288032,94.896702,98.374502,98.715753,89.926008,-0.003531,2.0,2021-07-01,3.3587499999999997,4.15625,2022-03-28,287.467,3.7,0.2,2.46,2.35,0.44,0.11,102.6732,584512.0,21721.5,21903.85,114.489,59.4,2.16,260.014,2.0,2022-03-28,22.14,23.33,19.54,19.63,0.0,VIX,-0.0567035079288803,2.0,2022-03-28,1.1621366150586567,1.345909803155561,9.67802658985329,1.2250844760665145,0.7279121688471621,0.6760776867472008,0.9016621743849548,2.0
2022-03-30,2022-03-30,1.1163,121.97,1.3149,1.2495,0.9233,9.2552,0.005313,-0.00522,0.001829,-0.001439,-0.007524,-0.004025,94.491317,94.218433,91.23555,95.317144,98.807523,99.902524,92.446409,0.004549,4.0,2021-07-01,3.3587499999999997,4.15625,2022-03-30,287.467,3.7,0.2,2.35,2.31,0.44,0.04,102.6732,584512.0,21721.5,21903.85,114.489,59.4,2.16,260.014,4.0,2022-03-30,19.38,20.51,18.72,19.33,0.0,VIX,0.0227513227513227,4.0,2022-03-30,1.1622470658832849,1.3460522872693963,9.70490633854872,1.2252075392785553,0.7279931681903135,0.6761565769096597,0.9017527489090168,4.0
2022-04-01,2022-04-01,1.1043,122.6,1.3114,1.2507,0.9256,9.3575,-0.004507,0.009552,-0.002889,0.002003,0.004885,0.001134,93.753963,93.205604,90.766721,95.063429,98.712721,99.654278,91.435747,-0.004604,6.0,2022-04-01,0.33,6.0,2022-04-01,288.582,3.7,0.33,2.39,2.44,0.76,-0.05,102.9024,582200.0,21749.9,21919.222,114.845,65.2,1.91,265.31,6.0,2022-04-01,20.62,20.86,19.41,19.63,0.0,VIX,-0.0452334630350194,6.0,2022-04-01,1.1691654715169684,1.357246256347689,17.45101744551542,1.2339477854154604,0.7349091008629001,0.6833814694998867,0.9081855700657788,6.0
2022-04-05,2022-04-05,1.0921,123.48,1.3101,1.2452,0.9292,9.4169,-0.006459,0.006357,-0.001144,-0.003122,0.003889,0.000818,93.063217,92.175895,90.119857,94.969192,99.148731,99.268188,90.858988,-0.004545,3.0,2021-07-01,3.3587499999999997,4.15625,2022-04-05,288.582,3.7,0.33,2.54,2.51,0.76,0.03,102.9024,582200.0,21749.9,21919.222,114.845,65.2,1.91,265.31,3.0,2022-04-05,18.79,21.57,18.55,21.03,0.0,VIX,0.1324717285945074,3.0,2022-04-05,1.1639546315768574,1.3487117275614082,11.014942234994365,1.2273178751035794,0.7296159372449171,0.6778351554738373,0.9033059560762344,3.0
2022-04-07,2022-04-07,1.09,123.8,1.306,1.2592,0.9332,9.4576,-0.001191,0.000808,-0.001682,0.007199,0.000751,0.004514,92.762021,91.99865,89.886914,94.671983,98.046379,98.842692,90.467983,-0.001895,5.0,2021-07-01,3.3587499999999997,4.15625,2022-04-07,288.582,3.7,0.33,2.66,2.47,0.76,0.19,102.9024,582200.0,21749.9,21919.222,114.845,65.2,1.91,265.31,5.0,2022-04-07,21.97,23.82,21.12,21.55,0.0,VIX,-0.0248868778280543,5.0,2022-04-07,1.16219887846384,1.3458277635602578,9.408042993724909,1.2250799546697506,0.7278261183179315,0.6759590533342954,0.9016588466369364,5.0
2022-04-08,2022-04-08,1.0874,124.31,1.3032,1.2577,0.9333,9.4339,-0.002385,0.00412,-0.002144,-0.001191,0.000107,-0.002506,92.581118,91.779203,89.51814,94.469011,98.163314,98.832101,90.695259,-0.00195,6.0,2021-07-01,3.3587499999999997,4.15625,2022-04-08,288.582,3.7,0.33,2.72,2.53,0.76,0.19,102.9024,582200.0,21749.9,21919.222,114.845,65.2,1.91,265.31,6.0,2022-04-08,21.25,22.34,20.28,21.16,0.0,VIX,-0.0180974477958236,6.0,2022-04-08,1.162898241160596,1.346943394608467,9.957814543390906,1.2259563159770153,0.7285121477024662,0.6766730039773566,0.9023038485590832,6.0
2022-04-14,2022-04-14,1.0796,125.92,1.3052,1.2628,0.9426,9.5322,-0.007173,0.003267,-0.00153,0.00262,0.009748,0.003865,91.953044,91.120864,88.373571,94.613991,97.766867,97.856991,89.759971,-0.005494,5.0,2021-07-01,3.3587499999999997,4.15625,2022-04-14,288.582,3.7,0.33,2.83,2.47,0.76,0.36,102.9024,582200.0,21749.9,21919.222,114.845,65.2,1.91,265.31,5.0,2022-04-14,21.72,22.7,20.85,22.7,0.0,VIX,0.0403299725022914,5.0,2022-04-14,1.16919652029846,1.3570568358611317,16.748484943238925,1.23387805941017,0.7347455017424613,0.6831725915746877,0.9081342517258852,5.0
2022-04-21,2022-04-21,1.0839,128.62,1.3042,1.2526,0.9533,9.4918,-0.001658,0.006731,-0.000996,0.002882,0.006759,0.0057,91.950118,91.483795,86.518426,94.541501,98.562989,96.758628,90.142017,-0.0027,5.0,2021-07-01,3.3587499999999997,4.15625,2022-04-21,288.582,3.7,0.33,2.9,2.68,0.76,0.22,102.9024,582200.0,21749.9,21919.222,114.845,65.2,1.91,265.31,5.0,2022-04-21,20.24,23.28,19.81,22.68,0.0,VIX,0.1161417322834645,5.0,2022-04-21,1.1683392897679337,1.3555350710724383,15.201704977570822,1.2327338914898165,0.7337790094029207,0.6821414020350219,0.9072921441365048,5.0
2022-04-25,2022-04-25,1.0703,127.66,1.2698,1.2775,0.9585,9.7392,-0.008063,-0.008697,-0.011675,0.00464,-0.000209,0.020517,90.79079,90.335922,87.169043,92.047843,96.641879,96.233698,87.852185,-0.006185,2.0,2021-07-01,3.3587499999999997,4.15625,2022-04-25,288.582,3.7,0.33,2.81,2.63,0.76,0.18,102.9024,582200.0,21749.9,21919.222,114.845,65.2,1.91,265.31,2.0,2022-04-25,30.04,31.6,26.8,27.02,0.0,VIX,-0.0421836228287841,2.0,2022-04-25,1.173598087686932,1.3640105059822452,23.50107574714148,1.2393615556588014,0.7390103382777389,0.6876032363482605,0.9121701049648778,2.0
2022-04-26,2022-04-26,1.0661,127.37,1.2617,1.2796,0.961,9.7993,-0.003924,-0.002272,-0.006379,0.001644,0.002608,0.006171,90.497647,89.981431,87.367512,91.460674,96.483276,95.983351,87.31338,-0.003229,3.0,2021-07-01,3.3587499999999997,4.15625,2022-04-26,288.582,3.7,0.33,2.77,2.54,0.76,0.23,102.9024,582200.0,21749.9,21919.222,114.845,65.2,1.91,265.31,3.0,2022-04-26,27.38,33.81,27.06,33.52,0.0,VIX,0.2405625462620282,3.0,2022-04-26,1.1784177153903042,1.3718405248821268,35.28688081210755,1.2454632334206193,0.7438569894191651,0.6926755652668981,0.9166609397975758,3.0
2022-04-27,2022-04-27,1.0549,128.44,1.2547,1.283,0.9695,9.849,-0.010506,0.008401,-0.005548,0.002657,0.008845,0.005072,89.721713,89.036124,86.639676,90.953244,96.227592,95.141826,86.872779,-0.008574,4.0,2021-07-01,3.3587499999999997,4.15625,2022-04-27,288.582,3.7,0.33,2.82,2.58,0.76,0.24,102.9024,582200.0,21749.9,21919.222,114.845,65.2,1.91,265.31,4.0,2022-04-27,31.11,32.77,29.82,31.6,0.0,VIX,-0.0572792362768497,4.0,2022-04-27,1.1821735719358442,1.3779469574241363,48.34484790627039,1.2502197042689225,0.7476386844195664,0.6966355427684938,0.9201617023419268,4.0
2022-04-28,2022-04-28,1.05,130.94,1.2443,1.2831,0.9724,9.8478,-0.004645,0.019464,-0.008289,7.8e-05,0.002991,-0.000122,89.15836,88.622552,84.98549,90.199348,96.220092,94.858083,86.883365,-0.006279,5.0,2021-07-01,3.3587499999999997,4.15625,2022-04-28,288.582,3.7,0.33,2.85,2.63,0.76,0.22,102.9024,582200.0,21749.9,21919.222,114.845,65.2,1.91,265.31,5.0,2022-04-28,29.91,32.0,28.0,29.99,0.0,VIX,-0.0509493670886076,5.0,2022-04-28,1.1773236504268862,1.3700205021780294,31.941181806906265,1.244058874171942,0.742722024925889,0.6914808209052322,0.9156273313905494,5.0
2022-04-29,2022-04-29,1.0537,129.84,1.2565,1.2802,0.9723,9.8011,0.003524,-0.008401,0.009805,-0.00226,-0.000103,-0.004742,89.578972,88.934841,85.705484,91.083726,96.438057,94.867839,87.297344,0.004718,6.0,2021-07-01,3.3587499999999997,4.15625,2022-04-29,288.582,3.7,0.33,2.89,2.7,0.76,0.19,102.9024,582200.0,21749.9,21919.222,114.845,65.2,1.91,265.31,6.0,2022-04-29,28.97,34.34,28.54,33.4,0.0,VIX,0.1137045681893964,6.0,2022-04-29,1.1740705988238709,1.364705191002325,24.139261270804933,1.2399266491343646,0.7394261346332511,0.6880267901495593,0.9125860137628924,6.0
2022-05-02,2022-05-02,1.0521,130.18,1.2523,1.2884,0.977,9.8905,-0.001518,0.002619,-0.003343,0.006405,0.004834,0.009121,89.329089,88.799797,85.481641,90.779268,95.824278,94.411464,86.508266,-0.00279,2.0,2021-07-01,3.3587499999999997,4.15625,2022-05-02,291.299,3.6,0.77,2.99,2.73,0.98,0.26,102.9659,601192.0,21690.1,21919.222,115.542,58.4,2.22,273.251,2.0,2022-05-02,33.35,36.64,31.74,32.34,0.0,VIX,-0.0317365269461076,2.0,2022-05-02,1.1820646793075886,1.3776756057484532,47.10234196681796,1.2500390227800031,0.7474522781367132,0.6964253496925438,0.9200287207660824,2.0
2022-05-04,2022-05-04,1.0539,129.97,1.2487,1.2817,0.9829,9.8618,0.000665,-0.000922,-0.001839,-0.001558,0.004497,0.000781,89.440081,88.951722,85.619758,90.518304,96.325193,93.844745,86.760024,0.00023,4.0,2021-07-01,3.3587499999999997,4.15625,2022-05-04,291.299,3.6,0.77,2.93,2.66,0.98,0.27,102.9659,601192.0,21690.1,21919.222,115.542,58.4,2.22,273.251,4.0,2022-05-04,29.12,29.42,24.94,25.42,0.0,VIX,-0.1309401709401708,4.0,2022-05-04,1.1904192786571115,1.3912890094137629,94.62170065689124,1.2606313963827345,0.75589190297051,0.7052719828994346,0.9278247077376928,4.0
2022-05-05,2022-05-05,1.0507,130.41,1.2334,1.2849,0.9874,9.9672,-0.003036,0.003385,-0.012253,0.002497,0.004578,0.010688,89.03748,88.681634,85.33088,89.409206,96.085298,93.417055,85.842564,-0.004501,5.0,2021-07-01,3.3587499999999997,4.15625,2022-05-05,291.299,3.6,0.77,3.05,2.71,0.98,0.34,102.9659,601192.0,21690.1,21919.222,115.542,58.4,2.22,273.251,5.0,2022-05-05,25.97,33.2,25.78,31.2,0.0,VIX,0.2273800157356411,5.0,2022-05-05,1.1869437351416992,1.3855866903515908,70.39590822366367,1.2562075055691382,0.7523486146499274,0.7015508382852439,0.9245687240988858,5.0
2022-05-19,2022-05-19,1.0587,127.62,1.2504,1.2821,0.9729,9.9099,0.008862,-0.004679,0.008712,-0.001324,-0.017471,-0.009307,89.916824,89.356853,87.196364,90.641537,96.295141,94.809333,86.338914,0.007911,5.0,2021-07-01,3.3587499999999997,4.15625,2022-05-19,291.299,3.6,0.77,2.84,2.63,0.98,0.21,102.9659,601192.0,21690.1,21919.222,115.542,58.4,2.22,273.251,5.0,2022-05-19,31.24,33.11,29.06,29.35,0.0,VIX,-0.0520025839793281,5.0,2022-05-19,1.220308795693891,1.4401458892649388,1074.109004290102,1.298576626180035,0.7862460928961802,0.7371656858608251,0.955752396868506,5.0
2022-05-26,2022-05-26,1.0725,127.23,1.2582,1.2788,0.9595,9.8743,0.006286,-0.000628,0.003429,-0.003817,-0.004358,-0.001254,90.774711,90.521607,87.463649,91.206959,96.543635,96.133403,86.650193,0.004687,5.0,2021-07-01,3.3587499999999997,4.15625,2022-05-26,291.299,3.6,0.77,2.75,2.46,0.98,0.29,102.9659,601192.0,21690.1,21919.222,115.542,58.4,2.22,273.251,5.0,2022-05-26,28.42,28.46,27.11,27.5,0.0,VIX,-0.0306661966866408,5.0,2022-05-26,1.2305745095051284,1.4569968011455598,2424.575383348145,1.3116341715223203,0.7967417542024487,0.7482231761835466,0.9653627502404278,5.0
2022-06-09,2022-06-09,1.0656,134.06,1.2511,1.2651,0.9778,9.8777,-0.007821,0.0,-0.003663,0.010141,0.002872,0.009897,89.80111,89.93923,83.007609,90.69228,97.589123,94.33422,86.620367,-0.00646,5.0,2021-07-01,3.3587499999999997,4.15625,2022-06-09,295.072,3.6,1.21,3.04,2.83,1.49,0.21,102.8224,594419.0,21642.6,21919.222,116.631,50.0,2.13,280.251,5.0,2022-06-09,24.29,26.24,23.82,26.09,0.0,VIX,0.08889816360601,5.0,2022-06-09,1.2208270538524149,1.440590856083365,1044.2361727221898,1.299052985874778,0.7864435334668843,0.7373081549064618,0.9561029976038364,5.0
2022-06-16,2022-06-16,1.0531,131.65,1.2341,1.2925,0.9663,10.1781,0.013766,-0.02119,0.023555,-0.00347,-0.035725,-0.007479,88.998203,88.8842,84.527155,89.459949,95.520309,95.456897,84.063823,0.015554,5.0,2021-07-01,3.3587499999999997,4.15625,2022-06-16,295.072,3.6,1.21,3.28,3.14,1.49,0.14,102.8224,594419.0,21642.6,21919.222,116.631,50.0,2.13,280.251,5.0,2022-06-16,30.35,34.82,30.35,32.95,0.0,VIX,0.1124240378122891,5.0,2022-06-16,1.193750008909232,1.3959255644261483,108.26624003899526,1.2644955068025645,0.7586130943706315,0.7079995934855529,0.9306686930066872,5.0
2022-06-30,2022-06-30,1.0469,135.69,1.2162,1.2871,0.955,10.24,-0.000764,-0.005934,0.000905,0.000778,0.000943,0.003941,88.255892,88.360905,82.010465,88.162378,95.921063,96.586387,83.555664,0.000146,5.0,2021-07-01,3.3587499999999997,4.15625,2022-06-30,295.072,3.6,1.21,2.98,2.92,1.49,0.06,102.8224,594419.0,21642.6,21919.222,116.631,50.0,2.13,280.251,5.0,2022-06-30,29.42,30.22,28.28,28.71,0.0,VIX,0.01953125,5.0,2022-06-30,1.212342511248617,1.4261864932000905,484.42630710546814,1.2880427954557383,0.7773837337321572,0.7276946443215679,0.9479994974554234,5.0
2022-07-15,2022-07-15,1.0089,138.57,1.1857,1.3041,0.9776,10.4818,0.006083,-0.002663,0.002537,-0.004504,-0.005392,-0.008129,85.638453,85.153612,80.305983,85.951432,94.670654,94.353519,81.628155,0.005123,6.0,2021-07-01,3.3587499999999997,4.15625,2022-07-15,294.94,3.5,1.68,2.93,3.13,2.23,-0.2,103.0505,584625.0,21641.9,22066.784,116.662,51.5,2.31,272.274,6.0,2022-07-15,26.72,26.72,24.13,24.23,0.0,VIX,-0.0821969696969696,6.0,2022-07-15,1.258772192444866,1.5029283494338823,19746.3554570908,1.3473243990111992,0.8253107121325071,0.7783076286598298,0.9916307576722426,6.0
2022-07-20,2022-07-20,1.0217,138.16,1.1989,1.2875,0.9721,10.2195,-0.002051,0.001595,-0.002745,-0.000931,0.003924,0.000509,86.625302,86.233964,80.544296,86.9083,95.891262,94.887357,83.723274,-0.001787,4.0,2021-07-01,3.3587499999999997,4.15625,2022-07-20,294.94,3.5,1.68,3.04,3.25,2.23,-0.21,103.0505,584625.0,21641.9,22066.784,116.662,51.5,2.31,272.274,4.0,2022-07-20,24.23,24.73,23.4,23.88,0.0,VIX,-0.0253061224489796,4.0,2022-07-20,1.2285338054395307,1.452528666779932,1706.7775746674113,1.308535104238764,0.7937379591040252,0.7448763536540298,0.9630818367197304,4.0
2022-07-26,2022-07-26,1.0116,136.62,1.2036,1.2891,0.9634,10.3258,-0.009304,-0.000731,-0.000498,0.003581,-0.001761,0.012582,86.282119,85.381499,81.452203,87.249003,95.772244,95.744239,82.861376,-0.006081,3.0,2021-07-01,3.3587499999999997,4.15625,2022-07-26,294.94,3.5,1.68,2.81,3.02,2.23,-0.21,103.0505,584625.0,21641.9,22066.784,116.662,51.5,2.31,272.274,3.0,2022-07-26,23.95,25.31,23.82,24.69,0.0,VIX,0.0569349315068494,3.0,2022-07-26,1.2410265670433729,1.47312919953058,4600.5006638699615,1.3244648116502145,0.8065928260470943,0.7584421692838009,0.974806101374558,3.0
2022-07-29,2022-07-29,1.0202,133.25,1.2183,1.2801,0.9513,10.1871,0.003837,-0.008925,0.004701,-0.002649,-0.005748,-0.005846,87.25968,86.10736,83.512195,88.314607,96.44559,96.962052,83.989555,0.004652,6.0,2021-07-01,3.3587499999999997,4.15625,2022-07-29,294.94,3.5,1.68,2.67,2.89,2.23,-0.22,103.0505,584625.0,21641.9,22066.784,116.662,51.5,2.31,272.274,6.0,2022-07-29,22.13,22.16,21.21,21.33,0.0,VIX,-0.044782803403493,6.0,2022-07-29,1.230483573954331,1.4555789364726803,1940.4167227729367,1.310947372969541,0.7956084199970223,0.7468228179057291,0.964857266505582,6.0
2022-08-25,2022-08-25,0.9959,136.83,1.1803,1.2944,0.9648,10.5966,-0.000803,-0.000657,8.5e-05,-0.001928,-0.001656,-0.000792,85.171233,84.056381,81.327194,85.559986,95.380099,95.605307,80.743823,-6.6e-05,5.0,2021-07-01,3.3587499999999997,4.15625,2022-08-25,295.162,3.6,2.33,3.03,3.35,2.63,-0.32,103.1703,597265.0,21607.0,22066.784,117.002,58.2,2.25,269.546,5.0,2022-08-25,22.41,23.13,21.77,21.78,0.0,VIX,-0.0455740578439964,5.0,2022-08-25,1.2476644972846882,1.483566880297196,7089.835777862577,1.332698593858264,0.8130091304304965,0.7651354360133745,0.9808661650796824,5.0
2022-09-06,2022-09-06,0.9914,142.95,1.1549,1.3122,0.9839,10.7938,-0.011565,0.020853,-0.002849,0.002521,0.003877,0.008813,84.01332,83.67657,77.8454,83.718739,94.086267,93.749365,79.268654,-0.010333,3.0,2021-07-01,3.3587499999999997,4.15625,2022-09-06,296.421,3.5,2.56,3.33,3.5,3.13,-0.17,103.5326,562463.0,21521.3,22066.784,117.377,58.6,2.17,267.898,3.0,2022-09-06,25.46,27.8,25.33,26.91,0.0,VIX,0.0353982300884956,3.0,2022-09-06,1.262932520794741,1.5087995067841455,22979.04598933561,1.3521824849736284,0.828783057349628,0.7818164333016376,0.9952063089405904,3.0
2022-09-14,2022-09-14,0.9993,142.93,1.1564,1.3156,0.9612,10.6881,-0.0004,-0.009494,0.003297,0.002515,0.000416,0.003794,84.502308,84.343349,77.856293,83.827474,93.843113,95.963379,80.052582,0.000926,4.0,2021-07-01,3.3587499999999997,4.15625,2022-09-14,296.421,3.5,2.56,3.41,3.78,3.13,-0.37,103.5326,562463.0,21521.3,22066.784,117.377,58.6,2.17,267.898,4.0,2022-09-14,26.73,27.56,26.16,26.16,0.0,VIX,-0.0407040704070407,4.0,2022-09-14,1.2665278679187677,1.5146515738997623,29723.568463753683,1.3567293229121256,0.8324254950334544,0.7856563143085677,0.9985527816633244,4.0
2022-09-15,2022-09-15,0.9991,143.57,1.1472,1.3204,0.9607,10.7288,-0.0002,0.004478,-0.007956,0.003649,-0.00052,0.003808,84.324021,84.326469,77.509229,83.160565,93.501969,96.013324,79.7489,-0.00211,5.0,2021-07-01,3.3587499999999997,4.15625,2022-09-15,296.421,3.5,2.56,3.45,3.87,3.13,-0.42,103.5326,562463.0,21521.3,22066.784,117.377,58.6,2.17,267.898,5.0,2022-09-15,26.1,26.93,25.42,26.27,0.0,VIX,0.0042048929663607,5.0,2022-09-15,1.2690054860211524,1.518780753183714,36017.57439712331,1.3599055881508884,0.8350154573438122,0.7884035020007104,1.000890512879054,5.0
2022-09-26,2022-09-26,0.9623,144.45,1.0703,1.3745,0.9924,11.3341,-0.009878,0.00887,-0.019962,0.012076,0.011002,0.006679,81.18319,81.220459,77.037037,77.586082,89.821753,92.946393,75.489893,-0.011017,2.0,2021-07-01,3.3587499999999997,4.15625,2022-09-26,296.421,3.5,2.56,3.88,4.27,3.13,-0.39,103.5326,562463.0,21521.3,22066.784,117.377,58.6,2.17,267.898,2.0,2022-09-26,31.74,32.88,29.83,32.26,0.0,VIX,0.0782085561497325,2.0,2022-09-26,1.243857756537875,1.4765910760606489,4689.868738634222,1.3275318371014215,0.8085160343279766,0.7602766187716927,0.9770634321066464,2.0
2022-10-07,2022-10-07,0.9785,145.19,1.1116,1.3692,0.9914,11.1736,-0.002142,0.001725,-0.001527,-0.002913,0.001515,0.00577,82.354192,82.587779,76.644397,80.57992,90.169442,93.040145,76.574246,-0.00163,6.0,2021-07-01,3.3587499999999997,4.15625,2022-10-07,297.979,3.6,3.08,3.89,4.3,3.72,-0.41,103.4442,581106.0,21424.5,22249.459,117.891,59.9,2.28,265.061,6.0,2022-10-07,30.37,32.02,29.88,31.36,0.0,VIX,0.0275229357798165,6.0,2022-10-07,1.223358329526615,1.4424190104673011,857.7909539837325,1.301223885280673,0.7871254455403456,0.7376512222196145,0.9577007795665752,6.0
2022-10-11,2022-10-11,0.9757,145.55,1.1168,1.3737,0.994,11.2669,-0.002862,0.00248,0.004678,0.003287,0.002623,0.00835,82.17487,82.351452,76.454827,80.956868,89.874063,92.796781,75.940143,-0.002177,3.0,2021-07-01,3.3587499999999997,4.15625,2022-10-11,297.979,3.6,3.08,3.93,4.3,3.72,-0.37,103.4442,581106.0,21424.5,22249.459,117.891,59.9,2.28,265.061,3.0,2022-10-11,33.56,34.43,32.45,33.63,0.0,VIX,0.0363636363636363,3.0,2022-10-11,1.2265557187899918,1.4476209389925578,1098.7416716544117,1.3052705372111642,0.7903551381954586,0.7410445291843752,0.9606791153874168,3.0
2022-10-19,2022-10-19,0.978,149.77,1.1232,1.3783,1.0039,11.2058,-0.0063,0.003619,-0.006633,-0.000508,0.007729,0.007743,82.00607,82.545577,74.300594,81.420805,89.574113,91.881662,76.354209,-0.005445,4.0,2021-07-01,3.3587499999999997,4.15625,2022-10-19,297.979,3.6,3.08,4.14,4.55,3.72,-0.41,103.4442,581106.0,21424.5,22249.459,117.891,59.9,2.28,265.061,4.0,2022-10-19,30.94,31.9,30.76,30.76,0.0,VIX,0.0085245901639345,4.0,2022-10-19,1.218153598571197,1.4336010071074587,537.8748876715758,1.294477902323894,0.7815829149022495,0.7317730596747032,0.952735736110386,4.0
2022-10-20,2022-10-20,0.9823,149.82,1.1288,1.3715,1.0003,11.2037,0.004397,0.000334,0.004986,-0.004934,-0.003586,-0.000187,82.312973,82.908508,74.275798,81.826749,90.018228,92.212336,76.368521,0.003742,5.0,2021-07-01,3.3587499999999997,4.15625,2022-10-20,297.979,3.6,3.08,4.24,4.62,3.72,-0.38,103.4442,581106.0,21424.5,22249.459,117.891,59.9,2.28,265.061,5.0,2022-10-20,31.3,31.32,29.76,29.98,0.0,VIX,-0.0253576072821847,5.0,2022-10-20,1.2166790766043534,1.431152700672242,474.91790286629265,1.2925890517618102,0.7800538404533204,0.7301595736188152,0.9513455420966924,5.0
2022-10-25,2022-10-25,0.9959,147.85,1.1469,1.3616,0.9961,10.9841,0.008608,-0.006117,0.015405,-0.006421,-0.004597,-0.017803,83.402563,84.056381,75.265472,83.138818,90.672738,92.601144,77.895321,0.009105,3.0,2021-07-01,3.3587499999999997,4.15625,2022-10-25,297.979,3.6,3.08,4.1,4.42,3.72,-0.32,103.4442,581106.0,21424.5,22249.459,117.891,59.9,2.28,265.061,3.0,2022-10-25,29.8,30.0,28.22,28.46,0.0,VIX,-0.0465661641541038,3.0,2022-10-25,1.247431649879057,1.4819496813344455,5667.393146311532,1.331847728665869,0.8117558827103133,0.7636107454765172,0.9802399282980796,3.0
2022-10-26,2022-10-26,1.0068,146.5,1.1615,1.3551,0.9865,10.8661,0.010945,-0.009131,0.01273,-0.004774,-0.009638,-0.010743,84.260292,84.976367,75.959044,84.197173,91.107667,93.502281,78.741223,0.010284,4.0,2021-07-01,3.3587499999999997,4.15625,2022-10-26,297.979,3.6,3.08,4.04,4.39,3.72,-0.35,103.4442,581106.0,21424.5,22249.459,117.891,59.9,2.28,265.061,4.0,2022-10-26,28.44,28.52,27.27,27.28,0.0,VIX,-0.0414617006324665,4.0,2022-10-26,1.2415282069272957,1.4721203558956686,3514.836536550192,1.3242787817762238,0.8056015978757869,0.7570976872810972,0.9746691833873008,4.0
2022-10-27,2022-10-27,0.9985,146.02,1.1574,1.3532,0.9899,10.935,-0.008244,-0.003276,-0.00353,-0.001402,0.003447,0.006341,83.834613,84.275827,76.208739,83.899964,91.23559,93.181129,78.245085,-0.005052,5.0,2021-07-01,3.3587499999999997,4.15625,2022-10-27,297.979,3.6,3.08,3.96,4.3,3.72,-0.34,103.4442,581106.0,21424.5,22249.459,117.891,59.9,2.28,265.061,5.0,2022-10-27,27.51,27.67,26.94,27.39,0.0,VIX,0.004032258064516,5.0,2022-10-27,1.2316377707451402,1.455708387960728,1574.2891703630814,1.311620385277541,0.7953416293345612,0.7462556709923237,0.9653526035642702,5.0
2022-11-07,2022-11-07,0.9997,146.64,1.1463,1.3497,0.9906,10.8605,0.010308,-0.00394,0.016314,-0.002292,-0.007514,-0.029047,83.795081,84.37711,75.886525,83.095324,91.472179,93.115284,78.781824,0.010073,2.0,2021-07-01,3.3587499999999997,4.15625,2022-11-07,298.708,3.6,3.78,4.22,4.72,4.15,-0.5,103.1058,588876.0,21357.6,22249.459,118.221,56.7,2.18,263.157,2.0,2022-11-07,25.67,25.67,24.34,24.35,0.0,VIX,-0.0081466395112016,2.0,2022-11-07,1.2293512317649653,1.4517091247885283,1259.8156362592742,1.3086010360913345,0.7928025840481117,0.7435413181925775,0.9631303625632222,2.0
2022-11-17,2022-11-17,1.0341,140.45,1.1812,1.3343,0.954,10.6457,-0.005195,0.006161,-0.006477,0.0,0.010058,0.01617,86.514817,87.280554,79.231043,85.625227,92.527917,96.687631,80.371418,-0.005574,5.0,2021-07-01,3.3587499999999997,4.15625,2022-11-17,298.708,3.6,3.78,3.77,4.43,4.15,-0.66,103.1058,588876.0,21357.6,22249.459,118.221,56.7,2.18,263.157,5.0,2022-11-17,24.05,25.18,23.81,23.93,0.0,VIX,-0.0074657818332641,5.0,2022-11-17,1.2333161728550754,1.4580700299750038,1680.88236397538,1.313578014788901,0.7967351894912631,0.7476601173435774,0.9667934188846308,5.0
2022-11-18,2022-11-18,1.0349,140.03,1.1902,1.3379,0.9522,10.6108,0.000774,-0.00299,0.007619,0.002698,-0.001887,-0.003278,86.658692,87.348076,79.468685,86.277637,92.278945,96.870405,80.635767,0.001663,6.0,2021-07-01,3.3587499999999997,4.15625,2022-11-18,298.708,3.6,3.78,3.82,4.51,4.15,-0.69,103.1058,588876.0,21357.6,22249.459,118.221,56.7,2.18,263.157,6.0,2022-11-18,24.03,24.12,22.98,23.12,0.0,VIX,-0.0338487254492269,6.0,2022-11-18,1.229352237668556,1.4514936888658525,1214.1346224286892,1.308504468594907,0.7926257865870526,0.7433200409463167,0.9630592888858516,6.0
2022-11-21,2022-11-21,1.0238,141.95,1.1785,1.3483,0.9586,10.7235,-0.010726,0.013711,-0.00983,0.007773,0.006721,0.010621,85.748296,86.411209,78.393801,85.429503,91.567159,96.22366,79.788315,-0.010506,2.0,2021-07-01,3.3587499999999997,4.15625,2022-11-21,298.708,3.6,3.78,3.83,4.48,4.15,-0.65,103.1058,588876.0,21357.6,22249.459,118.221,56.7,2.18,263.157,2.0,2022-11-21,24.05,24.12,22.3,22.36,0.0,VIX,-0.0328719723183391,2.0,2022-11-21,1.2175879550189457,1.432026476250008,459.4976326178208,1.293466429417428,0.7804768704383631,0.7305057293699504,0.9519912920512272,2.0
2022-12-02,2022-12-02,1.0521,134.89,1.2292,1.3448,0.9369,10.3455,0.002191,-0.004869,0.003265,0.001564,-0.000853,0.000348,88.343853,88.799797,82.496849,89.104748,91.805473,98.452343,82.703591,0.002152,6.0,2021-07-01,3.3587499999999997,4.15625,2022-12-02,298.808,3.5,4.1,3.51,4.28,4.25,-0.77,101.8266,637438.0,21219.2,22249.459,118.403,59.8,1.97,257.897,6.0,2022-12-02,20.42,20.96,18.95,19.06,0.0,VIX,-0.0393145161290323,6.0,2022-12-02,1.2064819849411106,1.4135617757722376,177.11584610344846,1.2792260163299127,0.7689452278739708,0.7183409402663088,0.9415103480188156,6.0
2022-12-05,2022-12-05,1.0494,136.55,1.2169,1.3571,0.9421,10.4059,-0.002566,0.012306,-0.010007,0.009146,0.00555,0.005838,87.85465,88.571911,81.493958,88.213121,90.973399,97.908927,82.223546,-0.005537,2.0,2021-07-01,3.3587499999999997,4.15625,2022-12-05,298.808,3.5,4.1,3.6,4.41,4.25,-0.81,101.8266,637438.0,21219.2,22249.459,118.403,59.8,1.97,257.897,2.0,2022-12-05,20.3,21.29,19.78,20.75,0.0,VIX,0.0886673662119623,2.0,2022-12-05,1.204346812820509,1.410003190291976,146.8742832676,1.2764837710091337,0.7667221265129054,0.7159958374104666,0.9394920554627222,2.0
2022-12-08,2022-12-08,1.0552,136.45,1.2235,1.3574,0.9358,10.3435,0.004474,-0.000879,0.003362,-0.004839,-0.004574,-0.003305,88.244411,89.061445,81.553683,88.691555,90.953293,98.56807,82.719582,0.003883,5.0,2021-07-01,3.3587499999999997,4.15625,2022-12-08,298.808,3.5,4.1,3.48,4.31,4.25,-0.83,101.8266,637438.0,21219.2,22249.459,118.403,59.8,1.97,257.897,5.0,2022-12-08,22.81,23.28,22.06,22.29,0.0,VIX,-0.0171957671957672,5.0,2022-12-08,1.199329806431047,1.4017296645453712,95.7783677399866,1.2700795164928351,0.7615715650968724,0.7105780306556213,0.9347785241387268,5.0
2022-12-20,2022-12-20,1.0635,131.08,1.2146,1.3618,0.9259,10.4182,0.001035,-0.042303,-0.002791,-0.001466,-0.00473,0.004377,89.011817,89.761985,84.894721,88.046394,90.659421,99.621989,82.126471,0.00595,3.0,2021-07-01,3.3587499999999997,4.15625,2022-12-20,298.808,3.5,4.1,3.69,4.25,4.25,-0.56,101.8266,637438.0,21219.2,22249.459,118.403,59.8,1.97,257.897,3.0,2022-12-20,23.17,23.39,21.35,21.48,0.0,VIX,-0.0419268510258697,3.0,2022-12-20,1.1539625916748757,1.327846129080675,1.9455421514380395,1.212548747324734,0.7158291834345154,0.6627132409607742,0.8924358780310043,3.0
2022-12-22,2022-12-22,1.0588,132.34,1.2032,1.3653,0.931,10.4728,-0.001038,-0.000151,-0.003313,0.002276,0.003557,0.004229,88.516279,89.365294,84.086444,87.220007,90.427012,99.076262,81.698304,-0.001491,5.0,2021-07-01,3.3587499999999997,4.15625,2022-12-22,298.808,3.5,4.1,3.67,4.24,4.25,-0.57,101.8266,637438.0,21219.2,22249.459,118.403,59.8,1.97,257.897,5.0,2022-12-22,20.08,24.3,20.01,21.97,0.0,VIX,0.094668659691081,5.0,2022-12-22,1.157634175506594,1.333728387918663,2.655086655549215,1.217163256347937,0.7194474213172126,0.666477243379242,0.8958321566720819,5.0
2022-12-23,2022-12-23,1.0621,132.78,1.2054,1.3587,0.9335,10.5236,0.003117,0.003325,0.001828,-0.004834,0.002685,0.004851,88.67165,89.643822,83.807802,87.379485,90.866269,98.810927,81.303926,0.001755,6.0,2021-07-01,3.3587499999999997,4.15625,2022-12-23,298.808,3.5,4.1,3.75,4.31,4.25,-0.56,101.8266,637438.0,21219.2,22249.459,118.403,59.8,1.97,257.897,6.0,2022-12-23,22.17,22.64,20.78,20.87,0.0,VIX,-0.0500682749203458,6.0,2022-12-23,1.1543390738557464,1.3283984808171694,1.9898621172211155,1.212998739523053,0.7161590667038633,0.6630483802385966,0.8927670722889671,6.0
2022-12-27,2022-12-27,1.0654,133.43,1.2032,1.3504,0.9285,10.4486,0.003107,0.004895,-0.001825,-0.006109,-0.005356,-0.007127,88.85207,89.92235,83.399535,87.220007,91.424763,99.343026,81.887526,0.002035,3.0,2021-07-01,3.3587499999999997,4.15625,2022-12-27,298.808,3.5,4.1,3.84,4.32,4.25,-0.48,101.8266,637438.0,21219.2,22249.459,118.403,59.8,1.97,257.897,3.0,2022-12-27,21.67,22.8,21.59,21.65,0.0,VIX,0.037374221370388,3.0,2022-12-27,1.1642192631459585,1.34427056518766,4.603792122899321,1.2254347770739258,0.7259325679258207,0.6732253675584836,0.9019199959264094,3.0
2022-12-30,2022-12-30,1.0698,131.81,1.2077,1.3532,0.9241,10.4167,0.002812,-0.010138,0.00141,-0.001034,0.000866,-0.00311,89.254546,90.29372,84.42455,87.546212,91.23559,99.816037,82.138297,0.003295,6.0,2021-07-01,3.3587499999999997,4.15625,2022-12-30,298.808,3.5,4.1,3.88,4.41,4.25,-0.53,101.8266,637438.0,21219.2,22249.459,118.403,59.8,1.97,257.897,6.0,2022-12-30,21.83,22.4,21.59,21.67,0.0,VIX,0.0107276119402985,6.0,2022-12-30,1.1487740557525952,1.31931575301798,1.198713017277551,1.205927362950676,0.7105415027602427,0.6571806262197795,0.8875625391316976,6.0
2023-01-03,2023-01-03,1.0559,130.83,1.197,1.3664,0.9368,10.5603,-0.012993,-0.007435,-0.00886,0.009755,0.013743,0.013786,88.396659,89.120527,85.056944,86.770569,90.354215,98.462852,81.021372,-0.009612,3.0,2021-07-01,3.3587499999999997,4.15625,2023-01-03,300.456,3.5,4.33,3.79,4.4,4.54,-0.61,102.7476,535580.0,21205.4,22403.435,119.007,64.9,1.97,260.227,3.0,2023-01-03,23.09,23.76,22.73,22.9,0.0,VIX,0.0567604983848637,3.0,2023-01-03,1.146925429645456,1.3162728323366075,1.0067597462848237,1.2035662917893166,0.7086551096040631,0.6552069986460117,0.885824790756937,3.0
2023-01-06,2023-01-06,1.0619,132.21,1.2064,1.3452,0.9293,10.5487,0.009219,-0.010182,0.013611,-0.009353,-0.007582,-0.013928,88.810628,89.626941,84.169125,87.451975,91.778174,99.257506,81.110469,0.010014,6.0,2021-07-01,3.3587499999999997,4.15625,2023-01-06,300.456,3.5,4.33,3.55,4.24,4.54,-0.69,102.7476,535580.0,21205.4,22403.435,119.007,64.9,1.97,260.227,6.0,2023-01-06,22.69,22.9,21.0,21.13,0.0,VIX,-0.0592163846838825,6.0,2023-01-06,1.154329230482965,1.328129792978657,1.896673965819142,1.2128708887567905,0.7159448499085789,0.6627858368428652,0.8926729741249979,6.0
2023-01-09,2023-01-09,1.0759,131.58,1.2206,1.3372,0.918,10.3592,0.013184,-0.004765,0.011771,-0.005947,-0.01216,-0.017964,89.824819,90.808575,84.572123,88.481334,92.327251,100.479303,82.594216,0.01142,2.0,2021-07-01,3.3587499999999997,4.15625,2023-01-09,300.456,3.5,4.33,3.53,4.19,4.54,-0.66,102.7476,535580.0,21205.4,22403.435,119.007,64.9,1.97,260.227,2.0,2023-01-09,21.75,21.98,21.27,21.97,0.0,VIX,0.039753904401325,2.0,2023-01-09,1.1512081904249067,1.3230512071416556,1.4322741779519934,1.208912110510596,0.7128065505146465,0.6595098867623492,0.8897593133357987,2.0
2023-01-10,2023-01-10,1.0737,132.25,1.2155,1.3433,0.9225,10.435,-0.002045,0.005092,-0.004178,0.004562,0.004902,0.007317,89.534603,90.62289,84.143667,88.111635,91.907988,99.98916,81.99425,-0.003231,3.0,2021-07-01,3.3587499999999997,4.15625,2023-01-10,300.456,3.5,4.33,3.61,4.24,4.54,-0.63,102.7476,535580.0,21205.4,22403.435,119.007,64.9,1.97,260.227,3.0,2023-01-10,22.22,22.46,20.58,20.58,0.0,VIX,-0.0632680928538916,3.0,2023-01-10,1.1487601045713396,1.3190960255596245,1.15375104414372,1.2058196152116885,0.7103683163351009,0.656969720653577,0.8874832367958028,3.0
2023-01-18,2023-01-18,1.0827,128.45,1.2369,1.3436,0.914,10.2991,0.00315,0.002106,0.008562,0.004185,-0.008139,-0.010035,90.572338,91.382512,86.632931,89.662921,91.887467,100.919037,83.076191,0.002886,4.0,2021-07-01,3.3587499999999997,4.15625,2023-01-18,300.456,3.5,4.33,3.37,4.06,4.54,-0.69,102.7476,535580.0,21205.4,22403.435,119.007,64.9,1.97,260.227,4.0,2023-01-18,19.28,20.58,18.78,20.34,0.0,VIX,0.0506198347107438,4.0,2023-01-18,1.1703929297741702,1.3538559468133229,7.255297229746229,1.2330524186926346,0.7317731628292772,0.6792585266989448,0.907526580157779,4.0
2023-01-19,2023-01-19,1.081,128.48,1.2366,1.3494,0.9162,10.3498,-0.00157,0.000234,-0.000243,0.004317,0.002407,0.004923,90.422595,91.239028,86.612702,89.641174,91.492515,100.676708,82.66923,-0.001653,5.0,2021-07-01,3.3587499999999997,4.15625,2023-01-19,300.456,3.5,4.33,3.39,4.09,4.54,-0.7,102.7476,535580.0,21205.4,22403.435,119.007,64.9,1.97,260.227,5.0,2023-01-19,20.43,21.71,20.17,20.52,0.0,VIX,0.0088495575221239,5.0,2023-01-19,1.1585658426225312,1.334723156226852,2.618766950318306,1.218106957757231,0.719962821083238,0.666935054094866,0.8965267209093221,5.0
2023-01-24,2023-01-24,1.0873,130.07,1.2323,1.3369,0.923,10.2091,0.000736,-0.004744,-0.0038,-0.001121,-0.000108,-0.002891,90.646786,91.770763,85.553932,89.329467,92.347969,99.934995,83.808563,0.000812,3.0,2021-07-01,3.3587499999999997,4.15625,2023-01-24,300.456,3.5,4.33,3.46,4.12,4.54,-0.66,102.7476,535580.0,21205.4,22403.435,119.007,64.9,1.97,260.227,3.0,2023-01-24,19.89,20.47,18.91,19.2,0.0,VIX,-0.0307925290257445,3.0,2023-01-24,1.149900216029138,1.3206778096642466,1.215439229827809,1.2071409542469649,0.7112935668683995,0.6578933257060665,0.8884557423257662,3.0
2023-01-31,2023-01-31,1.0858,130.17,1.2324,1.3333,0.9186,10.4656,-0.000828,-0.001304,-0.00396,-0.001273,-0.004875,0.008091,90.519439,91.644159,85.488208,89.336716,92.597315,100.413673,81.75451,-0.000776,3.0,2021-07-01,3.3587499999999997,4.15625,2023-01-31,300.456,3.5,4.33,3.52,4.21,4.54,-0.69,102.7476,535580.0,21205.4,22403.435,119.007,64.9,1.97,260.227,3.0,2023-01-31,20.12,20.7,19.13,19.4,0.0,VIX,-0.0270812437311936,3.0,2023-01-31,1.140176478851881,1.3049450919015595,0.5078032358437237,1.1948451472168506,0.7015941450440891,0.6477900508053918,0.8794060283516022,3.0
2023-02-01,2023-02-01,1.0917,129.27,1.2308,1.3335,0.9147,10.4293,0.005434,-0.006914,-0.001298,0.00015,-0.004246,-0.003469,90.899515,92.142134,86.083391,89.220732,92.583427,100.841806,82.039063,0.004199,4.0,2023-02-01,4.57,4.0,2023-02-01,301.476,3.6,4.57,3.39,4.09,4.65,-0.7,102.8003,516582.0,21185.4,22403.435,119.401,66.9,1.84,258.669,4.0,2023-02-01,19.62,20.04,17.7,17.87,0.0,VIX,-0.0788659793814431,4.0,2023-02-01,1.1467545441654683,1.315479494152606,0.8996493295970459,1.2031138943842004,0.7080672809034639,0.6545149487577776,0.8854918262667715,4.0
2023-02-02,2023-02-02,1.0918,128.45,1.226,1.3317,0.912,10.356,9.2e-05,-0.006343,-0.0039,-0.00135,-0.002952,-0.007028,90.984231,92.150574,86.632931,88.87278,92.708568,101.140351,82.619737,0.000932,5.0,2021-07-01,3.3587499999999997,4.15625,2023-02-02,301.476,3.6,4.57,3.4,4.09,4.65,-0.69,102.8003,516582.0,21185.4,22403.435,119.401,66.9,1.84,258.669,5.0,2023-02-02,17.74,19.25,17.06,18.73,0.0,VIX,0.0481253497481812,5.0,2023-02-02,1.1487360944271476,1.3186450060911403,1.0655935510722858,1.2056008540560086,0.7100114384836836,0.656534263276173,0.8873222285852225,5.0
2023-02-08,2023-02-08,1.0734,131.27,1.2093,1.343,0.9198,10.582,0.002709,-0.000761,0.006659,-0.000744,-0.004438,-0.002442,89.516563,90.597569,84.771844,87.662196,91.928518,100.28267,80.855226,0.002793,4.0,2021-07-01,3.3587499999999997,4.15625,2023-02-08,301.476,3.6,4.57,3.63,4.45,4.65,-0.82,102.8003,516582.0,21185.4,22403.435,119.401,66.9,1.84,258.669,4.0,2023-02-08,18.88,20.12,18.55,19.63,0.0,VIX,0.0519828510182207,4.0,2023-02-08,1.1631836786882024,1.3418121230173403,3.6444019855304393,1.2237690677420467,0.7242642596865263,0.671362373328834,0.9006940338581465,4.0
2023-02-13,2023-02-13,1.0718,132.71,1.2136,1.3348,0.9207,10.3819,0.004499,0.009202,0.006218,-0.001123,-0.004218,-0.007533,89.464088,90.462525,83.852008,87.973904,92.493257,100.184642,82.413624,0.002733,2.0,2021-07-01,3.3587499999999997,4.15625,2023-02-13,301.476,3.6,4.57,3.72,4.52,4.65,-0.8,102.8003,516582.0,21185.4,22403.435,119.401,66.9,1.84,258.669,2.0,2023-02-13,21.66,21.69,20.33,20.34,0.0,VIX,-0.0092547491475889,2.0,2023-02-13,1.1559497850643172,1.3300535416352417,1.9203749355355304,1.21460065897659,0.7169978263914858,0.6637754011561303,0.8939460850067701,2.0
2023-03-01,2023-03-01,1.0674,135.82,1.2034,1.3597,0.9387,10.4252,0.006791,-0.001984,-0.004879,-0.001395,0.001173,-0.000901,88.663392,90.091155,81.931969,87.234505,90.799441,98.263556,82.071327,0.003756,4.0,2023-03-01,4.65,4.0,2023-03-01,301.643,3.5,4.65,4.01,4.89,4.69,-0.88,102.8143,589560.0,20876.9,22403.435,119.553,62.0,2.05,257.062,4.0,2023-03-01,20.39,21.32,20.22,20.58,0.0,VIX,-0.0057971014492753,4.0,2023-03-01,1.170285947145913,1.352909910013862,6.24173547783074,1.2325651953956498,0.7310396948019762,0.6783715727309094,0.9071679838111982,4.0
2023-03-20,2023-03-20,1.0722,131.59,1.2257,1.3686,0.9267,10.3763,0.007044,-0.003182,0.009554,-0.004872,-0.001831,-0.011461,89.455621,90.496286,84.565696,88.851033,90.208973,99.535988,82.458102,0.006611,2.0,2021-07-01,3.3587499999999997,4.15625,2023-03-20,301.643,3.5,4.65,3.47,3.92,4.69,-0.45,102.8143,589560.0,20876.9,22403.435,119.553,62.0,2.05,257.062,2.0,2023-03-20,27.77,28.91,24.0,24.15,0.0,VIX,-0.0533124264994121,2.0,2023-03-20,1.2102488777830935,1.4176612404804902,168.19307963875264,1.283077955100521,0.7710898593007649,0.7202646779362304,0.9443453749539834,2.0
2023-04-04,2023-04-04,1.0951,131.6,1.2498,1.3454,0.9071,10.2847,0.005509,-0.005667,0.007659,0.001414,-0.006462,-0.009257,91.025769,92.429102,84.559271,90.598043,91.764531,101.686694,83.192509,0.005335,3.0,2021-07-01,3.3587499999999997,4.15625,2023-04-04,302.858,3.4,4.83,3.35,3.84,4.92,-0.49,103.2241,574331.0,20730.0,22539.418,119.97,63.7,2.07,256.908,3.0,2023-04-04,18.79,20.03,18.58,19.0,0.0,VIX,0.0242587601078165,3.0,2023-04-04,1.1943548131487869,1.3913809087483442,42.633822997839744,1.2627552076147412,0.7547202721709918,0.7030408990186846,0.9293878328044496,3.0
2023-04-05,2023-04-05,1.0918,131.11,1.2469,1.3453,0.905,10.3858,-0.003013,-0.003723,-0.00232,-7.4e-05,-0.002315,0.00983,90.858402,92.150574,84.875296,90.387822,91.771352,101.922652,82.382676,-0.001839,4.0,2021-07-01,3.3587499999999997,4.15625,2023-04-05,302.858,3.4,4.83,3.3,3.79,4.92,-0.49,103.2241,574331.0,20730.0,22539.418,119.97,63.7,2.07,256.908,4.0,2023-04-05,19.42,20.08,19.0,19.08,0.0,VIX,0.0042105263157894,4.0,2023-04-05,1.192846142600796,1.3889020800217238,37.44548792782373,1.2608327921162787,0.753180148206702,0.7014241275710479,0.9279729349975812,4.0
2023-04-06,2023-04-06,1.0927,131.67,1.2456,1.3472,0.904,10.4192,0.000824,0.004271,-0.001043,0.001412,-0.001105,0.003216,90.823039,92.226536,84.514316,90.293585,91.641924,102.035398,82.118589,-0.000389,5.0,2021-07-01,3.3587499999999997,4.15625,2023-04-06,302.858,3.4,4.83,3.3,3.82,4.92,-0.52,103.2241,574331.0,20730.0,22539.418,119.97,63.7,2.07,256.908,5.0,2023-04-06,19.3,19.88,18.35,18.4,0.0,VIX,-0.0356394129979035,5.0,2023-04-06,1.1839548990411235,1.374411382973018,17.660821895821535,1.2495551169477508,0.7442025829574419,0.69202247968181,0.9196725660735446,5.0
2023-04-13,2023-04-13,1.1054,132.37,1.2531,1.3344,0.8874,10.2609,0.006098,-0.006604,0.004811,-0.007881,-0.010482,-0.007256,91.646291,93.298447,84.067387,90.83726,92.520983,103.944106,83.385473,0.006413,5.0,2021-07-01,3.3587499999999997,4.15625,2023-04-13,302.858,3.4,4.83,3.45,3.96,4.92,-0.51,103.2241,574331.0,20730.0,22539.418,119.97,63.7,2.07,256.908,5.0,2023-04-13,18.83,19.06,17.77,17.8,0.0,VIX,-0.0675746464117338,5.0,2023-04-13,1.1785929079119064,1.3655749465741216,10.955882871853987,1.2427081543620258,0.7387117999584053,0.6862607047672571,0.9146332016104508,5.0
2023-04-17,2023-04-17,1.0915,134.51,1.2359,1.3403,0.8994,10.3748,-0.00592,0.005757,-0.004671,0.001794,0.004355,0.00387,90.514824,92.125253,82.729909,89.590431,92.113706,102.55726,82.470024,-0.005224,2.0,2021-07-01,3.3587499999999997,4.15625,2023-04-17,302.858,3.4,4.83,3.6,4.18,4.92,-0.58,103.2241,574331.0,20730.0,22539.418,119.97,63.7,2.07,256.908,2.0,2023-04-17,17.58,17.79,16.9,16.95,0.0,VIX,-0.0070298769771529,2.0,2023-04-17,1.1925332060278335,1.388165484054512,35.03220002451296,1.2603330569546876,0.752679797891462,0.7008642004563873,0.92760512991865,2.0
2023-04-18,2023-04-18,1.0958,134.11,1.2419,1.3391,0.898,10.3199,0.00394,-0.002974,0.004855,-0.000895,-0.001557,-0.005292,90.840883,92.488184,82.976661,90.025372,92.196251,102.717149,82.908749,0.003602,3.0,2021-07-01,3.3587499999999997,4.15625,2023-04-18,302.858,3.4,4.83,3.58,4.19,4.92,-0.61,103.2241,574331.0,20730.0,22539.418,119.97,63.7,2.07,256.908,3.0,2023-04-18,16.94,17.34,16.58,16.83,0.0,VIX,-0.0070796460176991,3.0,2023-04-18,1.192926905525069,1.3887882430215013,36.086211762374774,1.260823801500924,0.7530620590286801,0.7012616725565401,0.92796631790468,3.0
2023-04-28,2023-04-28,1.104,135.99,1.2582,1.3552,0.8911,10.246,0.002088,0.014548,0.008901,-0.004335,-0.005136,-0.006034,91.178209,93.180284,81.829546,91.206959,91.100945,103.512513,83.506734,0.001339,6.0,2021-07-01,3.3587499999999997,4.15625,2023-04-28,302.858,3.4,4.83,3.44,4.04,4.92,-0.6,103.2241,574331.0,20730.0,22539.418,119.97,63.7,2.07,256.908,6.0,2023-04-28,17.21,17.65,15.72,15.78,0.0,VIX,-0.073399882560188,6.0,2023-04-28,1.1799261439474025,1.3674591764934496,11.66342358979497,1.2442683754219566,0.7398229175941482,0.6873782568844191,0.91578152431056,6.0
2023-05-02,2023-05-02,1.0997,136.46,1.2475,1.3627,0.8931,10.3093,0.002461,-0.00648,-0.001601,0.006351,-0.003348,-0.001956,90.763022,92.817353,81.547706,90.431316,90.599545,103.280708,82.993996,0.001686,3.0,2021-07-01,3.3587499999999997,4.15625,2023-05-02,303.316,3.6,5.06,3.44,3.97,5.14,-0.53,102.9809,615939.0,20801.3,22539.418,120.14,59.0,2.2,253.67,3.0,2023-05-02,16.27,19.81,16.26,17.78,0.0,VIX,0.1057213930348259,3.0,2023-05-02,1.1782562280410334,1.364676267506128,9.98785770217196,1.2421217247300012,0.7380881349053702,0.6855535884693683,0.9142015894012808,3.0
2023-05-05,2023-05-05,1.1026,134.85,1.265,1.3419,0.8913,10.1593,0.001544,0.008149,0.005564,-0.011127,0.005868,-0.009863,91.374149,93.06212,82.52132,91.699891,92.003875,103.489285,84.219385,0.00173,6.0,2021-07-01,3.3587499999999997,4.15625,2023-05-05,303.316,3.6,5.06,3.44,3.92,5.14,-0.48,102.9809,615939.0,20801.3,22539.418,120.14,59.0,2.2,253.67,6.0,2023-05-05,19.5,19.63,16.69,17.19,0.0,VIX,-0.1443504230960676,6.0,2023-05-05,1.171503048200229,1.3536833125647487,5.564881996327839,1.2335584006932914,0.7312864707535041,0.6784418066650467,0.9078989829102626,6.0
2023-05-12,2023-05-12,1.0856,135.63,1.2464,1.354,0.8971,10.3826,-0.005497,0.008701,-0.00296,0.00393,0.00201,0.00447,90.147707,91.627279,82.046745,90.351577,91.181684,102.820198,82.408067,-0.005255,6.0,2021-07-01,3.3587499999999997,4.15625,2023-05-12,303.316,3.6,5.06,3.46,3.98,5.14,-0.52,102.9809,615939.0,20801.3,22539.418,120.14,59.0,2.2,253.67,6.0,2023-05-12,16.83,17.92,16.38,17.03,0.0,VIX,0.0059066745422327,6.0,2023-05-12,1.1734948039700217,1.3567773633974165,6.4417041982468195,1.2360167216504254,0.7331721095676845,0.6803899372079306,0.9097083071347132,6.0
2023-05-15,2023-05-15,1.0874,136.07,1.2526,1.3482,0.8949,10.3516,0.001658,0.003244,0.004974,-0.004284,-0.002452,-0.002986,90.307777,91.779203,81.781436,90.801015,91.57395,103.072969,82.654855,0.001776,2.0,2021-07-01,3.3587499999999997,4.15625,2023-05-15,303.316,3.6,5.06,3.5,3.99,5.14,-0.49,102.9809,615939.0,20801.3,22539.418,120.14,59.0,2.2,253.67,2.0,2023-05-15,17.44,18.16,17.08,17.12,0.0,VIX,0.0052847915443334,2.0,2023-05-15,1.1681587369259707,1.3480929629613054,4.042830707884821,1.2292502852901894,0.7278007004353466,0.6747761070395043,0.9047282099735796,2.0
2023-05-25,2023-05-25,1.0725,139.81,1.2325,1.3636,0.906,10.8258,-0.003067,0.004815,-0.003477,0.003459,0.000221,0.010001,88.82085,90.521607,79.593734,89.343965,90.539748,101.810155,79.034344,-0.003502,5.0,2021-07-01,3.3587499999999997,4.15625,2023-05-25,303.316,3.6,5.06,3.83,4.5,5.14,-0.67,102.9809,615939.0,20801.3,22539.418,120.14,59.0,2.2,253.67,5.0,2023-05-25,19.54,19.95,18.7,19.14,0.0,VIX,-0.0444333499750374,5.0,2023-05-25,1.1699450685298567,1.3507962542311225,4.5544114145995245,1.2314226162539268,0.7294334470843745,0.6764506192567997,0.90632704556289,5.0
2023-06-07,2023-06-07,1.0702,139.98,1.2451,1.3363,0.9089,10.889,0.000655,0.00222,0.002657,-0.002984,0.001432,-0.001284,88.94194,90.327481,79.497071,90.25734,92.389434,101.485312,78.575627,0.000704,4.0,2021-07-01,3.3587499999999997,4.15625,2023-06-07,304.099,3.6,5.08,3.79,4.56,5.16,-0.77,102.3809,597476.0,20782.8,22539.418,120.435,64.2,2.0,253.86,4.0,2023-06-07,14.14,14.29,13.77,13.94,0.0,VIX,-0.001432664756447,4.0,2023-06-07,1.1598389482453568,1.3342530071640202,1.8308613815918515,1.218561368025084,0.7191874141514392,0.6657337378132436,0.8968611668664619,4.0
2023-06-09,2023-06-09,1.0749,139.35,1.2579,1.3342,0.9026,10.8247,-0.002876,0.003746,0.00255,-0.00284,0.002555,0.001508,89.388068,90.724173,79.856476,91.185212,92.534852,102.193663,79.042375,-0.001723,6.0,2021-07-01,3.3587499999999997,4.15625,2023-06-09,304.099,3.6,5.08,3.75,4.59,5.16,-0.84,102.3809,597476.0,20782.8,22539.418,120.435,64.2,2.0,253.86,6.0,2023-06-09,13.78,14.14,13.5,13.83,0.0,VIX,0.0131868131868131,6.0,2023-06-09,1.162672184107509,1.338781838591086,2.321090114224247,1.2221176422134818,0.7219709356976063,0.6686274719833608,0.8994785846691227,6.0
2023-06-26,2023-06-26,1.091,143.55,1.2724,1.3145,0.8946,10.7107,0.002113,-0.0016,0.001811,-0.003865,-0.003675,-0.002997,90.172538,92.083052,77.520028,92.236318,93.921643,103.107534,79.883668,0.002281,2.0,2021-07-01,3.3587499999999997,4.15625,2023-06-26,304.099,3.6,5.08,3.72,4.65,5.16,-0.93,102.3809,597476.0,20782.8,22539.418,120.435,64.2,2.0,253.86,2.0,2023-06-26,14.43,14.71,13.78,14.25,0.0,VIX,0.0602678571428572,2.0,2023-06-26,1.155554278879513,1.3270146763870128,1.1861907021211855,1.213004757495969,0.7146642397810998,0.6609718694717741,0.8927715015170332,2.0
2023-07-14,2023-07-14,1.1237,138.74,1.3113,1.3204,0.8616,10.2318,0.003841,0.004343,0.001222,0.005942,0.002443,0.001645,92.72436,94.843011,80.207583,95.05618,93.501969,107.056639,83.622627,0.001185,6.0,2021-07-01,3.3587499999999997,4.15625,2023-07-14,304.615,3.5,5.12,3.83,4.74,5.25,-0.91,103.0722,591150.0,20772.3,22780.933,120.598,71.5,1.84,253.835,6.0,2023-07-14,13.72,13.76,13.22,13.34,0.0,VIX,-0.0198383541513592,6.0,2023-07-14,1.147404853491857,1.313609577183214,0.5501512487820525,1.2025993381994722,0.7063578163673534,0.6522856196662076,0.8851131129148115,6.0
2023-07-18,2023-07-18,1.1223,138.94,1.3054,1.3175,0.8582,10.2177,-0.001157,0.000144,-0.001835,0.000152,-0.002325,-0.003287,92.628545,94.724848,80.092126,94.628489,93.70778,107.480774,83.738023,-0.000714,3.0,2021-07-01,3.3587499999999997,4.15625,2023-07-18,304.615,3.5,5.12,3.8,4.74,5.25,-0.94,103.0722,591150.0,20772.3,22780.933,120.598,71.5,1.84,253.835,3.0,2023-07-18,13.61,13.67,13.29,13.3,0.0,VIX,-0.0133531157270029,3.0,2023-07-18,1.1475882544698768,1.3138320861323542,0.5515407421588079,1.202797302417934,0.7064808365424337,0.6524023364820604,0.8852588145795997,3.0
2023-07-26,2023-07-26,1.1078,140.41,1.293,1.3218,0.8625,10.4327,0.002534,-0.003548,0.004194,0.002959,-0.002198,0.004893,91.583101,93.501013,79.253614,93.729612,93.402935,106.944928,82.012327,0.002051,4.0,2021-07-01,3.3587499999999997,4.15625,2023-07-26,304.615,3.5,5.12,3.86,4.82,5.25,-0.96,103.0722,591150.0,20772.3,22780.933,120.598,71.5,1.84,253.835,4.0,2023-07-26,13.86,14.16,13.15,13.19,0.0,VIX,-0.0483405483405483,4.0,2023-07-26,1.1144198369877512,1.2608414016969938,0.028586444028439,1.1611387365833852,0.6739845049013505,0.6187197264298968,0.8545981101253715,4.0
2023-08-04,2023-08-04,1.1036,141.79,1.2775,1.3337,0.8713,10.5536,0.00813,-0.004424,0.005193,-0.000225,-0.003317,-0.014309,90.98612,93.146523,78.482263,92.606017,92.569543,105.8648,81.072809,0.006639,6.0,2021-07-01,3.3587499999999997,4.15625,2023-08-04,306.138,3.7,5.33,4.05,4.78,5.3,-0.73,103.0951,613511.0,20747.3,22780.933,120.965,69.4,1.85,257.68,6.0,2023-08-04,16.01,17.39,14.57,17.1,0.0,VIX,0.0741206030150753,6.0,2023-08-04,1.1439123608176165,1.3076418300188646,0.3779193989455898,1.1980370386696824,0.7026199358021312,0.6483458436965174,0.8817552604608864,6.0
2023-08-17,2023-08-17,1.0874,146.16,1.2753,1.3522,0.8792,10.9085,-0.002751,0.0024,0.000314,0.000444,0.000683,0.002619,89.600164,91.779203,76.135742,92.446539,91.303062,104.913558,78.435165,-0.002029,5.0,2021-07-01,3.3587499999999997,4.15625,2023-08-17,306.138,3.7,5.33,4.3,4.94,5.3,-0.64,103.0951,613511.0,20747.3,22780.933,120.965,69.4,1.85,257.68,5.0,2023-08-17,16.96,18.13,16.4,17.89,0.0,VIX,0.0661501787842668,5.0,2023-08-17,1.1642843290538918,1.340123619785864,2.1136377613085187,1.223577333080434,0.7225558208692535,0.6690407120201222,0.9005529171471995,5.0
2023-08-31,2023-08-31,1.0839,145.68,1.2667,1.3539,0.8837,10.9523,-0.007963,-0.001782,-0.004636,0.001776,0.00741,0.012574,89.347099,91.483795,76.386601,91.823124,91.188419,104.379314,78.12149,-0.005998,5.0,2021-07-01,3.3587499999999997,4.15625,2023-08-31,306.138,3.7,5.33,4.09,4.85,5.3,-0.76,103.0951,613511.0,20747.3,22780.933,120.965,69.4,1.85,257.68,5.0,2023-08-31,13.98,14.0,13.44,13.57,0.0,VIX,-0.0223342939481268,5.0,2023-08-31,1.1751579703946606,1.3574200917304209,5.108465234852428,1.2371852338457738,0.7331737742974832,0.6800708659326276,0.9105683321104896,5.0
2023-09-06,2023-09-06,1.0714,147.65,1.2498,1.3655,0.8924,11.1252,-0.001212,0.000135,-0.006755,0.003528,0.00405,0.002939,88.29689,90.428764,75.367423,90.598043,90.413768,103.361721,76.907381,-0.002164,4.0,2021-07-01,3.3587499999999997,4.15625,2023-09-06,307.374,3.8,5.33,4.3,5.01,5.32,-0.71,103.3081,579306.0,20720.6,22780.933,121.387,67.8,1.78,258.934,4.0,2023-09-06,14.27,15.3,14.13,14.45,0.0,VIX,0.0314061384725194,4.0,2023-09-06,1.170325388393764,1.3495014979184508,3.315579800221685,1.231032347359868,0.7282665798327037,0.6749350622775983,0.906039807656863,4.0
2023-09-11,2023-09-11,1.0744,146.46,1.2529,1.3581,0.891,11.0717,0.003268,-0.008395,0.004248,-0.002937,-0.001904,-0.00334,88.619046,90.681972,75.97979,90.822762,90.906413,103.52413,77.279009,0.003907,2.0,2021-07-01,3.3587499999999997,4.15625,2023-09-11,307.374,3.8,5.33,4.29,4.97,5.32,-0.68,103.3081,579306.0,20720.6,22780.933,121.387,67.8,1.78,258.934,2.0,2023-09-11,14.17,14.33,13.74,13.8,0.0,VIX,-0.0028901734104045,2.0,2023-09-11,1.1773437523980828,1.360752582123667,5.928134686698822,1.2398544110966063,0.735191955452924,0.682145353368759,0.9125328465671024,2.0
2023-09-13,2023-09-13,1.0737,147.45,1.2488,1.3533,0.8925,11.1188,0.001026,0.002243,0.000882,-0.001476,0.001346,0.001216,88.489597,90.62289,75.469651,90.525553,91.228848,103.35014,76.951649,0.000489,4.0,2021-07-01,3.3587499999999997,4.15625,2023-09-13,307.374,3.8,5.33,4.25,4.96,5.32,-0.71,103.3081,579306.0,20720.6,22780.933,121.387,67.8,1.78,258.934,4.0,2023-09-13,14.42,14.68,13.41,13.48,0.0,VIX,-0.0527055516514406,4.0,2023-09-13,1.1752701689134346,1.357361599696794,4.936716002161226,1.2372176356493416,0.7330913902592834,0.6799473397321502,0.9105921798379156,4.0
2023-09-14,2023-09-14,1.066,147.17,1.241,1.3513,0.8949,11.1695,-0.007171,-0.001899,-0.006246,-0.001478,0.002689,0.00456,88.055137,89.972991,75.613236,89.96013,91.363872,103.072969,76.602355,-0.00491,5.0,2021-07-01,3.3587499999999997,4.15625,2023-09-14,307.374,3.8,5.33,4.29,5.0,5.32,-0.71,103.3081,579306.0,20720.6,22780.933,121.387,67.8,1.78,258.934,5.0,2023-09-14,13.39,13.46,12.79,12.82,0.0,VIX,-0.0489614243323441,5.0,2023-09-14,1.1727595500649617,1.353285490100144,3.9728598873999914,1.2340383827446906,0.7305724424121272,0.6773166426954113,0.9082522497000922,5.0
2023-09-18,2023-09-18,1.0695,147.63,1.2403,1.3482,0.8964,11.1553,0.002061,-0.001353,0.000888,-0.001629,0.000446,-7.2e-05,88.204215,90.2684,75.377633,89.909387,91.57395,102.900491,76.699865,0.001618,2.0,2021-07-01,3.3587499999999997,4.15625,2023-09-18,307.374,3.8,5.33,4.32,5.05,5.32,-0.73,103.3081,579306.0,20720.6,22780.933,121.387,67.8,1.78,258.934,2.0,2023-09-18,14.4,14.75,13.86,14.0,0.0,VIX,0.0152284263959392,2.0,2023-09-18,1.1769723889803492,1.360022274840554,5.610314328395371,1.2393261520899663,0.7347160585519441,0.681628346166627,0.9121440479382152,2.0
2023-09-20,2023-09-20,1.0715,147.74,1.2389,1.3424,0.8953,11.0621,0.002902,-0.000406,-0.000323,-0.000521,-0.002896,-0.007857,88.349434,90.437205,75.321511,89.807901,91.969607,103.026918,77.346074,0.002178,4.0,2021-07-01,3.3587499999999997,4.15625,2023-09-20,307.374,3.8,5.33,4.35,5.12,5.32,-0.77,103.3081,579306.0,20720.6,22780.933,121.387,67.8,1.78,258.934,4.0,2023-09-20,14.18,15.15,13.57,15.14,0.0,VIX,0.0729978738483345,4.0,2023-09-20,1.1707047939357906,1.3498570615532957,3.2672062298005424,1.2313940646242398,0.7284363562395901,0.6750719196214304,0.9063060315634406,4.0
2023-09-26,2023-09-26,1.0573,148.9,1.2168,1.3509,0.9144,11.0262,-0.0017,0.001076,-0.004092,0.002672,0.002632,-0.002208,87.269088,89.23869,74.734721,88.205872,91.390925,100.874891,77.597903,-0.0019,3.0,2021-07-01,3.3587499999999997,4.15625,2023-09-26,307.374,3.8,5.33,4.56,5.04,5.32,-0.48,103.3081,579306.0,20720.6,22780.933,121.387,67.8,1.78,258.934,3.0,2023-09-26,18.03,19.5,17.17,18.94,0.0,VIX,0.1207100591715977,3.0,2023-09-26,1.1769137881646816,1.3597795644587345,5.434172288216011,1.23918471139694,0.7345376768751051,0.6814190077594736,0.9120399475881478,3.0
2023-09-29,2023-09-29,1.0584,149.43,1.2214,1.3535,0.9141,10.8936,0.000567,0.001676,-0.000736,0.004527,-0.000984,-0.00165,87.351084,89.331533,74.469651,88.539326,91.215368,100.907997,78.542447,-0.000276,6.0,2021-07-01,3.3587499999999997,4.15625,2023-09-29,307.374,3.8,5.33,4.59,5.03,5.32,-0.44,103.3081,579306.0,20720.6,22780.933,121.387,67.8,1.78,258.934,6.0,2023-09-29,16.87,17.74,15.83,17.52,0.0,VIX,0.0103806228373701,6.0,2023-09-29,1.1890855017286417,1.3794520280960263,15.051938208623412,1.2545538545195951,0.746684263414163,0.6940999205506777,0.923351636926422,6.0
2023-10-02,2023-10-02,1.05,149.8,1.213,1.3666,0.9176,11.0225,-0.007937,0.002476,-0.006877,0.009679,0.003829,0.011833,86.713234,88.622552,74.285714,87.93041,90.340992,100.523104,77.623951,-0.007302,2.0,2021-07-01,3.3587499999999997,4.15625,2023-10-02,307.653,3.9,5.33,4.69,5.12,5.34,-0.43,102.5781,594266.0,20687.6,22960.6,121.421,63.8,1.83,255.192,2.0,2023-10-02,17.31,18.55,16.93,17.61,0.0,VIX,0.0051369863013699,2.0,2023-10-02,1.2083324671065654,1.4107549836221631,74.22398128218164,1.2789350367728969,0.7660688523943624,0.7143953448352993,0.941296187064852,2.0
2023-10-11,2023-10-11,1.062,149.17,1.2304,1.3617,0.9025,10.8987,0.000188,0.003701,0.001302,0.002798,-0.001549,0.003665,87.616553,89.635381,74.59945,89.191736,90.666079,102.204986,78.505693,-0.000496,4.0,2021-07-01,3.3587499999999997,4.15625,2023-10-11,307.653,3.9,5.33,4.58,4.99,5.34,-0.41,102.5781,594266.0,20687.6,22960.6,121.421,63.8,1.83,255.192,4.0,2023-10-11,16.95,17.78,16.09,16.09,0.0,VIX,-0.0551967116852614,4.0,2023-10-11,1.2010913541271906,1.3987621909682393,39.47762380181099,1.2696658215794312,0.7585975644925677,0.7065348738744045,0.9344740446824614,4.0
2023-10-16,2023-10-16,1.0546,149.57,1.2198,1.3615,0.9007,10.9307,0.00419,-0.000334,0.00486,-0.002564,-0.00122,-0.008859,87.137137,89.010804,74.399947,88.423342,90.679398,102.409237,78.275865,0.00372,2.0,2021-07-01,3.3587499999999997,4.15625,2023-10-16,307.653,3.9,5.33,4.71,5.09,5.34,-0.38,102.5781,594266.0,20687.6,22960.6,121.421,63.8,1.83,255.192,2.0,2023-10-16,19.1,19.57,17.14,17.21,0.0,VIX,-0.1092132505175983,2.0,2023-10-16,1.201163917183029,1.398785405656145,39.054182656452625,1.2697147103047477,0.7585935351836185,0.7065156425877375,0.9345100267842944,2.0
2023-10-23,2023-10-23,1.0646,149.78,1.2235,1.3676,0.8919,10.9841,0.005098,-0.000467,0.006747,-0.001169,0.000112,0.001687,87.624613,89.854828,74.295634,88.691555,90.274934,103.419666,77.895321,0.003914,2.0,2021-07-01,3.3587499999999997,4.15625,2023-10-23,307.653,3.9,5.33,4.86,5.05,5.34,-0.19,102.5781,594266.0,20687.6,22960.6,121.421,63.8,1.83,255.192,2.0,2023-10-23,21.83,23.08,19.48,20.37,0.0,VIX,-0.0617227084292952,2.0,2023-10-23,1.1993911657682537,1.395763234554768,32.90746147243514,1.2674060217810668,0.7566949687381145,0.7045057431528611,0.9328108320308652,2.0
2023-10-25,2023-10-25,1.0583,149.94,1.214,1.3772,0.8951,11.1065,-0.001133,0.000667,-0.002465,0.002037,0.001791,-6.3e-05,87.118972,89.323093,74.216353,88.0029,89.645658,103.049939,77.03687,-0.001307,4.0,2021-07-01,3.3587499999999997,4.15625,2023-10-25,307.653,3.9,5.33,4.95,5.08,5.34,-0.13,102.5781,594266.0,20687.6,22960.6,121.421,63.8,1.83,255.192,4.0,2023-10-25,19.39,21.24,18.86,20.19,0.0,VIX,0.0643120716921457,4.0,2023-10-25,1.20343090455711,1.4023111437324731,45.751251274461154,1.272513032425174,0.7607459259607383,0.7087441461578469,0.9365695918649282,4.0
2023-10-26,2023-10-26,1.0532,150.44,1.2113,1.383,0.8995,11.1884,-0.004819,0.003335,-0.002224,0.004211,0.004916,0.007374,86.73815,88.89264,73.969689,87.807177,89.269704,102.545859,76.472954,-0.004371,5.0,2021-07-01,3.3587499999999997,4.15625,2023-10-26,307.653,3.9,5.33,4.86,5.02,5.34,-0.16,102.5781,594266.0,20687.6,22960.6,121.421,63.8,1.83,255.192,5.0,2023-10-26,21.78,21.96,20.22,20.68,0.0,VIX,0.0242694403169885,5.0,2023-10-26,1.205213100519535,1.4052003120287782,52.87007316146039,1.2747661032211963,0.7625337525212561,0.7106152214349399,0.9382278519708008,5.0
2023-10-27,2023-10-27,1.0592,149.6,1.2151,1.3866,0.9021,11.1296,0.005697,-0.005584,0.003137,0.002603,0.00289,-0.005255,87.104349,89.399055,74.385027,88.082639,89.037935,102.250305,76.876977,0.004222,6.0,2021-07-01,3.3587499999999997,4.15625,2023-10-27,307.653,3.9,5.33,4.84,4.99,5.34,-0.15,102.5781,594266.0,20687.6,22960.6,121.421,63.8,1.83,255.192,6.0,2023-10-27,20.39,22.07,19.72,21.27,0.0,VIX,0.0285299806576402,6.0,2023-10-27,1.2201415656037176,1.42960896370788,180.46223192815737,1.2937286877379537,0.777686249611419,0.726517663338913,0.9521843141751336,6.0
2023-10-30,2023-10-30,1.062,149.01,1.2157,1.3829,0.9017,11.1386,0.002644,-0.003944,0.000494,-0.002668,-0.000443,0.000809,87.306407,89.635381,74.679552,88.126133,89.276159,102.295664,76.81486,0.00232,2.0,2021-07-01,3.3587499999999997,4.15625,2023-10-30,307.653,3.9,5.33,4.88,5.03,5.34,-0.15,102.5781,594266.0,20687.6,22960.6,121.421,63.8,1.83,255.192,2.0,2023-10-30,21.13,21.16,19.55,19.75,0.0,VIX,-0.0714621532675129,2.0,2023-10-30,1.2093819857052222,1.411933136382028,73.67656372934358,1.280024490950753,0.7666958029907996,0.7149680596622637,0.9420980253397544,2.0
2023-11-08,2023-11-08,1.0715,150.77,1.2301,1.3798,0.898,10.8782,0.00262,0.001994,0.000407,0.002106,-0.002776,-0.005303,87.884571,90.437205,73.807787,89.169989,89.476736,102.717149,78.653638,0.001494,4.0,2021-07-01,3.3587499999999997,4.15625,2023-11-08,308.087,3.7,5.33,4.49,4.93,5.27,-0.44,102.8868,608426.0,20696.8,22960.6,121.415,61.3,1.79,252.856,4.0,2023-11-08,14.91,15.09,14.3,14.45,0.0,VIX,-0.024307900067522,4.0,2023-11-08,1.2131785095691017,1.417968837404861,97.7907669632724,1.2847693391421764,0.77040893842773,0.7188371918829509,0.9455902336086418,4.0
2023-11-09,2023-11-09,1.071,151.04,1.2279,1.3766,0.8996,10.8488,-0.000467,0.001791,-0.001788,-0.002319,0.001782,-0.002703,87.844644,90.395003,73.675847,89.010511,89.68473,102.53446,78.866787,-0.000454,5.0,2021-07-01,3.3587499999999997,4.15625,2023-11-09,308.087,3.7,5.33,4.62,5.03,5.27,-0.41,102.8868,608426.0,20696.8,22960.6,121.415,61.3,1.79,252.856,5.0,2023-11-09,14.61,15.57,14.13,15.29,0.0,VIX,0.0581314878892733,5.0,2023-11-09,1.2144513225549436,1.4200327050237418,108.23725964699322,1.2863782713268213,0.7716868533714007,0.7201756876506222,0.9467744076965404,5.0
2023-11-10,2023-11-10,1.071,151.04,1.2279,1.3766,0.8996,10.8488,0.0,0.0,0.0,0.0,0.0,0.0,87.844644,90.395003,73.675847,89.010511,89.68473,102.53446,78.866787,0.0,6.0,2021-07-01,3.3587499999999997,4.15625,2023-11-10,308.087,3.7,5.33,4.61,5.04,5.27,-0.43,102.8868,608426.0,20696.8,22960.6,121.415,61.3,1.79,252.856,6.0,2023-11-10,15.09,15.45,14.16,14.17,0.0,VIX,-0.0732504905166775,6.0,2023-11-10,1.2053230934289303,1.4050932697309035,50.72848560879895,1.2747757158789566,0.7624118345291823,0.7104421241610723,0.938234926886912,6.0
2023-11-14,2023-11-14,1.0861,150.75,1.2483,1.3711,0.8905,10.6129,0.015047,-0.005344,0.017525,-0.005079,-0.012092,-0.020471,88.918081,91.66948,73.817579,90.489308,90.04449,103.582257,80.619812,0.013424,3.0,2021-07-01,3.3587499999999997,4.15625,2023-11-14,308.087,3.7,5.33,4.44,4.8,5.27,-0.36,102.8868,608426.0,20696.8,22960.6,121.415,61.3,1.79,252.856,3.0,2023-11-14,14.83,14.86,13.91,14.16,0.0,VIX,-0.040650406504065,3.0,2023-11-14,1.2196916530280209,1.4285213595809394,163.70562952766596,1.2929980241772512,0.776942214719722,0.7256802435077135,0.951646545794457,3.0
2023-11-15,2023-11-15,1.0853,151.07,1.2431,1.3665,0.8872,10.5247,-0.000737,0.002123,-0.004166,-0.003355,-0.003706,-0.008311,88.882895,91.601958,73.661217,90.11236,90.347603,103.967538,81.295429,-0.000396,4.0,2021-07-01,3.3587499999999997,4.15625,2023-11-15,308.087,3.7,5.33,4.53,4.9,5.27,-0.37,102.8868,608426.0,20696.8,22960.6,121.415,61.3,1.79,252.856,4.0,2023-11-15,14.21,14.35,13.97,14.18,0.0,VIX,0.0014124293785311,4.0,2023-11-15,1.2214777555895893,1.431431429489729,188.86577147819452,1.2952616933249377,0.7787475246526712,0.7275743992767434,0.953312606287154,4.0
2023-12-05,2023-12-05,1.0787,147.26,1.259,1.3577,0.876,10.4975,-0.003418,0.000748,-0.003404,0.002955,0.003436,0.004488,89.068369,91.044902,75.567024,91.264951,90.933196,105.296804,81.506073,-0.003106,3.0,2021-07-01,3.3587499999999997,4.15625,2023-12-05,308.735,3.8,5.33,4.18,4.57,5.24,-0.39,102.6309,657243.0,20701.5,22960.6,121.602,69.7,1.62,249.866,3.0,2023-12-05,13.26,13.76,12.81,12.85,0.0,VIX,-0.0175840978593272,3.0,2023-12-05,1.2735957763843553,1.5172492114249254,11522.043477349098,1.3616758385501773,0.832248867841689,0.7839784144243397,1.0021934171729303,3.0
2023-12-06,2023-12-06,1.079,147.16,1.2589,1.358,0.8741,10.4472,0.000278,-0.000679,-7.9e-05,0.000221,-0.002169,-0.004792,89.111968,91.070223,75.618375,91.257702,90.913108,105.525684,81.898499,0.00049,4.0,2021-07-01,3.3587499999999997,4.15625,2023-12-06,308.735,3.8,5.33,4.12,4.6,5.24,-0.48,102.6309,657243.0,20701.5,22960.6,121.602,69.7,1.62,249.866,4.0,2023-12-06,12.78,13.03,12.64,12.97,0.0,VIX,0.0093385214007781,4.0,2023-12-06,1.271353078996882,1.513489499920556,9627.75400670004,1.3587897492951997,0.8298883468316116,0.7814739758217079,1.0000692554812671,4.0
2023-12-20,2023-12-20,1.0957,143.77,1.266,1.3322,0.8615,10.1464,-0.001822,0.001044,-0.007137,-0.001349,0.000697,-0.00182,90.545348,92.479743,77.401405,91.772381,92.673773,107.069066,84.326461,-0.001891,4.0,2021-07-01,3.3587499999999997,4.15625,2023-12-20,308.735,3.8,5.33,3.86,4.34,5.24,-0.48,102.6309,657243.0,20701.5,22960.6,121.602,69.7,1.62,249.866,4.0,2023-12-20,12.63,13.93,12.29,13.67,0.0,VIX,0.0909816440542699,4.0,2023-12-20,1.3214768045051912,1.597377111594875,438936.3556313448,1.4231902736095412,0.8826022923070533,0.8374853997358821,1.0474680413766224,4.0
2023-12-22,2023-12-22,1.1008,142.6,1.272,1.3259,0.8564,10.0149,0.001638,0.003095,0.004105,-0.002633,-0.001516,-0.008573,91.040943,92.910196,78.036466,92.207321,93.114111,107.706679,85.433704,0.001744,6.0,2021-07-01,3.3587499999999997,4.15625,2023-12-22,308.735,3.8,5.33,3.9,4.31,5.24,-0.41,102.6309,657243.0,20701.5,22960.6,121.602,69.7,1.62,249.866,6.0,2023-12-22,13.72,13.96,13.0,13.03,0.0,VIX,-0.0454212454212454,6.0,2023-12-22,1.3302326701589124,1.6121703853803415,843888.8153229505,1.4344940150140144,0.8919412333387879,0.8474540178269417,1.0557875950503148,6.0
2023-12-27,2023-12-27,1.1114,142.05,1.2797,1.3201,0.8417,9.9291,0.007159,-0.003018,0.006924,-0.00053,-0.015786,-0.009912,91.799739,93.804862,78.338613,92.765495,93.523218,109.587739,86.171959,0.006521,4.0,2021-07-01,3.3587499999999997,4.15625,2023-12-27,308.735,3.8,5.33,3.79,4.2,5.24,-0.41,102.6309,657243.0,20701.5,22960.6,121.602,69.7,1.62,249.866,4.0,2023-12-27,13.02,13.04,12.37,12.43,0.0,VIX,-0.0431100846805234,4.0,2023-12-27,1.3322522158439394,1.6154882122451657,965744.5073780568,1.437058965495017,0.8940176687625849,0.8496557682643511,1.0576753986043326,4.0
2024-01-05,2024-01-05,1.0957,144.52,1.274,1.3331,0.8486,10.237,0.0,-0.000484,0.003782,-0.001797,-0.001999,0.002753,90.581285,92.479743,76.999723,92.352302,92.611207,108.696677,83.58015,0.00066,6.0,2021-07-01,3.3587499999999997,4.15625,2024-01-05,309.794,3.7,5.33,4.05,4.4,5.22,-0.35,101.483,539834.0,20773.1,23053.545,122.115,79.0,1.62,251.306,6.0,2024-01-05,14.24,14.58,13.29,13.35,0.0,VIX,-0.0552016985138005,6.0,2024-01-05,1.3655746059513705,1.6721345631543847,11081728.293795696,1.4802081603645982,0.9298925262382748,0.88807345746521,1.0894332060283445,6.0
2024-01-08,2024-01-08,1.0976,143.89,1.2766,1.3361,0.8466,10.2199,0.001734,-0.004359,0.002041,0.00225,-0.002357,-0.00167,90.738128,92.640108,77.336855,92.540776,92.403263,108.953461,83.719997,0.001732,2.0,2021-07-01,3.3587499999999997,4.15625,2024-01-08,309.794,3.7,5.33,4.01,4.36,5.22,-0.35,101.483,539834.0,20773.1,23053.545,122.115,79.0,1.62,251.306,2.0,2024-01-08,14.0,14.18,13.02,13.08,0.0,VIX,-0.0202247191011235,2.0,2024-01-08,1.3713336162761791,1.6819468808808065,16710607.3409005,1.4876719181676994,0.9361177714474322,0.894753289909928,1.094926531771427,2.0
2024-01-09,2024-01-09,1.0935,144.35,1.272,1.3384,0.8515,10.2473,-0.003735,0.003197,-0.003603,0.001721,0.005788,0.002681,90.419182,92.294058,77.090405,92.207321,92.244471,108.326483,83.49614,-0.003515,3.0,2021-07-01,3.3587499999999997,4.15625,2024-01-09,309.794,3.7,5.33,4.02,4.36,5.22,-0.34,101.483,539834.0,20773.1,23053.545,122.115,79.0,1.62,251.306,3.0,2024-01-09,13.2,13.45,12.74,12.76,0.0,VIX,-0.0244648318042813,3.0,2024-01-09,1.3643595479307404,1.6699611513808186,10002349.632839913,1.4785876264519482,0.9284932963033944,0.8865551897267808,1.088240493068634,3.0
2024-01-12,2024-01-12,1.0959,144.86,1.2746,1.3399,0.8523,10.2769,0.001462,-0.008012,0.002675,-0.002976,-0.003857,-0.002359,90.498219,92.496624,76.818998,92.395796,92.141205,108.224803,83.255651,0.002649,6.0,2021-07-01,3.3587499999999997,4.15625,2024-01-12,309.794,3.7,5.33,3.96,4.14,5.22,-0.18,101.483,539834.0,20773.1,23053.545,122.115,79.0,1.62,251.306,6.0,2024-01-12,12.66,13.25,12.47,13.25,0.0,VIX,0.065112540192926,6.0,2024-01-12,1.368789225078596,1.6774882802091493,13692794.481150832,1.4843198740380836,0.933264165353134,0.8916702685709054,1.0924594272920296,6.0
2024-01-22,2024-01-22,1.0895,147.95,1.2728,1.3454,0.8686,10.4395,0.000735,-0.001754,0.004023,-0.000965,-0.00092,-0.003113,89.791498,91.956448,75.2146,92.265314,91.764531,106.193875,81.958906,0.001373,2.0,2021-07-01,3.3587499999999997,4.15625,2024-01-22,309.794,3.7,5.33,4.11,4.37,5.22,-0.26,101.483,539834.0,20773.1,23053.545,122.115,79.0,1.62,251.306,2.0,2024-01-22,13.77,13.84,13.17,13.19,0.0,VIX,-0.0082706766917294,2.0,2024-01-22,1.355047652655935,1.6537339172684218,4826995.201040029,1.4663564947658014,0.918131322517694,0.8753839378572215,1.07923838014763,2.0
2024-01-29,2024-01-29,1.0807,147.65,1.2681,1.3439,0.864,10.4746,-0.00543,-0.00196,-0.003066,-0.001263,0.000579,0.004729,89.362059,91.213707,75.367423,91.92461,91.866954,106.759259,81.684265,-0.003438,2.0,2021-07-01,3.3587499999999997,4.15625,2024-01-29,309.794,3.7,5.33,4.08,4.29,5.22,-0.21,101.483,539834.0,20773.1,23053.545,122.115,79.0,1.62,251.306,2.0,2024-01-29,13.98,15.35,13.59,13.6,0.0,VIX,0.0256410256410255,2.0,2024-01-29,1.3449532810826674,1.636356715545281,2232080.935073725,1.4531888504731385,0.9070829687644693,0.863516503196771,1.06954699394823,2.0
2024-01-30,2024-01-30,1.0844,147.71,1.2683,1.3409,0.8624,10.4075,0.003424,0.000406,0.000158,-0.002232,-0.001852,-0.006406,89.587452,91.525996,75.336809,91.939108,92.072489,106.957328,82.210906,0.002522,3.0,2021-07-01,3.3587499999999997,4.15625,2024-01-30,309.794,3.7,5.33,4.06,4.36,5.22,-0.3,101.483,539834.0,20773.1,23053.545,122.115,79.0,1.62,251.306,3.0,2024-01-30,13.69,13.74,13.23,13.31,0.0,VIX,-0.0213235294117646,3.0,2024-01-30,1.349378712515609,1.6438772927933605,3089684.198510221,1.4589187023330483,0.9118445462512622,0.8686139762078549,1.0737641649171237,3.0
2024-02-02,2024-02-02,1.0787,148.54,1.2627,1.3458,0.8676,10.495,-0.007179,0.016144,-0.007857,0.00583,0.011307,0.010116,89.122412,91.044902,74.915848,91.533164,91.737257,106.316275,81.525488,-0.008417,6.0,2021-07-01,3.3587499999999997,4.15625,2024-02-02,311.022,3.9,5.33,4.03,4.36,5.24,-0.33,102.7267,544169.0,20861.2,23053.545,122.494,76.9,1.56,254.926,6.0,2024-02-02,13.95,14.23,13.39,13.85,0.0,VIX,-0.0021613832853026,6.0,2024-02-02,1.3540947188029917,1.651858901006131,4335595.794543681,1.4650095718487748,0.9168927466099976,0.8740146776917977,1.0782470448806984,6.0
2024-02-16,2024-02-16,1.0769,150.34,1.259,1.3483,0.8813,10.4505,0.000743,0.000999,0.000795,-0.000741,0.000568,-0.001357,88.820604,90.892978,74.018891,91.264951,91.567159,104.663565,81.872638,0.00052,6.0,2021-07-01,3.3587499999999997,4.15625,2024-02-16,311.022,3.9,5.33,4.3,4.64,5.24,-0.34,102.7267,544169.0,20861.2,23053.545,122.494,76.9,1.56,254.926,6.0,2024-02-16,13.94,14.71,13.75,14.71,0.0,VIX,0.0499643112062813,6.0,2024-02-16,1.362452401753046,1.6658331248685805,7652763.240851739,1.4757265215496669,0.9256998825200632,0.8834124655105592,1.0861347198605549,6.0
2024-03-05,2024-03-05,1.0861,150.14,1.2712,1.3579,0.8837,10.3709,-9.2e-05,-0.001994,0.000866,0.00118,-0.000452,0.002077,89.34377,91.66948,74.11749,92.149329,90.919803,104.379314,82.501037,0.000106,3.0,2021-07-01,3.3587499999999997,4.15625,2024-03-05,312.107,3.9,5.33,4.13,4.54,5.24,-0.41,102.5186,597695.0,20901.4,23053.545,122.912,79.4,1.54,255.095,3.0,2024-03-05,13.75,15.1,13.75,14.46,0.0,VIX,0.0719051148999259,3.0,2024-03-05,1.351778236362601,1.647187219218521,3280376.7745008837,1.4616846058730215,0.9137878057782608,0.87056730389813,1.075799869922544,3.0
2024-03-08,2024-03-08,1.0941,147.17,1.2852,1.3468,0.8766,10.212,0.0,-0.006145,0.004376,0.000149,-0.001708,-0.001633,90.209428,92.3447,75.613236,93.16419,91.669142,105.224732,83.784763,0.00136,6.0,2021-07-01,3.3587499999999997,4.15625,2024-03-08,312.107,3.9,5.33,4.09,4.48,5.24,-0.39,102.5186,597695.0,20901.4,23053.545,122.912,79.4,1.54,255.095,6.0,2024-03-08,14.22,15.53,13.97,14.74,0.0,VIX,0.0207756232686981,6.0,2024-03-08,1.3516613550504857,1.646920652412535,3219468.4013427985,1.4615031393413866,0.9136054934910808,0.870360811866703,1.0756663105552606,6.0
2024-03-11,2024-03-11,1.0928,146.86,1.2807,1.3485,0.8783,10.2405,-0.001188,-0.002106,-0.003501,0.001262,0.001939,0.002791,90.101474,92.234976,75.772845,92.837985,91.553578,105.021063,83.551584,-0.001197,2.0,2021-07-01,3.3587499999999997,4.15625,2024-03-11,312.107,3.9,5.33,4.1,4.51,5.24,-0.41,102.5186,597695.0,20901.4,23053.545,122.912,79.4,1.54,255.095,2.0,2024-03-11,15.51,16.04,15.13,15.22,0.0,VIX,0.0325644504748983,2.0,2024-03-11,1.347822451088772,1.6403089936955189,2398163.54744041,1.4564938069744833,0.9094017664716508,0.8658457318631034,1.0719794419332196,2.0
2024-03-13,2024-03-13,1.0944,147.73,1.2799,1.347,0.878,10.2318,0.002381,0.000271,0.001017,-0.001853,-0.000228,-0.000684,90.125223,92.37002,75.326609,92.779993,91.655531,105.056948,83.622627,0.001707,4.0,2021-07-01,3.3587499999999997,4.15625,2024-03-13,312.107,3.9,5.33,4.19,4.61,5.24,-0.42,102.5186,597695.0,20901.4,23053.545,122.912,79.4,1.54,255.095,4.0,2024-03-13,13.89,14.04,13.67,13.75,0.0,VIX,-0.0065028901734104,4.0,2024-03-13,1.3401056254205064,1.6271318200140874,1341498.969488854,1.4464730629180622,0.9010486277218877,0.8568964046293915,1.064604174307694,4.0
2024-03-26,2024-03-26,1.0829,151.58,1.263,1.3568,0.9027,10.5779,-0.000738,0.001057,-0.001423,-0.00081,0.004898,0.000852,88.881514,91.399392,73.413379,91.554911,90.993514,102.182342,80.886565,-0.00089,3.0,2021-07-01,3.3587499999999997,4.15625,2024-03-26,312.107,3.9,5.33,4.24,4.56,5.24,-0.32,102.5186,597695.0,20901.4,23053.545,122.912,79.4,1.54,255.095,3.0,2024-03-26,13.12,13.43,12.84,13.24,0.0,VIX,0.0037907505686125,3.0,2024-03-26,1.3407569001890345,1.627951233298638,1348009.1900512744,1.447188764215239,0.9015103221568016,0.8573430190447229,1.065130930462416,3.0
2024-03-28,2024-03-28,1.0801,151.35,1.2634,1.353,0.9006,10.6881,-0.001848,0.0,0.000238,-0.004122,-0.005521,0.00737,88.760819,91.163065,73.524942,91.583907,91.249076,102.420608,80.052582,-0.00073,5.0,2021-07-01,3.3587499999999997,4.15625,2024-03-28,312.107,3.9,5.33,4.2,4.59,5.24,-0.39,102.5186,597695.0,20901.4,23053.545,122.912,79.4,1.54,255.095,5.0,2024-03-28,12.93,13.1,12.84,13.01,0.0,VIX,0.017996870109546,5.0,2024-03-28,1.3541337857992113,1.6506907895736207,3613460.570454165,1.4645126156188948,0.9159071356742357,0.8727538165906272,1.0778812850955066,5.0
2024-04-03,2024-04-03,1.0827,151.67,1.2635,1.3521,0.9038,10.6401,0.005386,0.000792,0.004691,-0.003611,-0.003638,-0.006925,88.874626,91.382512,73.369816,91.591156,91.309814,102.057977,80.413718,0.004427,4.0,2021-07-01,3.3587499999999997,4.15625,2024-04-03,313.016,3.9,5.33,4.36,4.68,5.24,-0.32,102.3568,593774.0,20932.5,23223.906,123.234,77.2,1.46,256.978,4.0,2024-04-03,15.0,15.18,14.25,14.33,0.0,VIX,-0.0191649555099246,4.0,2024-04-03,1.3702415885541346,1.6781087376825226,11553454.231749903,1.4853817643620717,0.9332869928232276,0.8913841904210776,1.0932409785704846,4.0
2024-04-04,2024-04-04,1.0865,151.66,1.2669,1.3493,0.9049,10.5732,0.00351,-6.6e-05,0.002691,-0.002071,0.001217,-0.006288,89.1235,91.703241,73.374654,91.837622,91.499296,101.933915,80.922521,0.0028,5.0,2021-07-01,3.3587499999999997,4.15625,2024-04-04,313.016,3.9,5.33,4.31,4.65,5.24,-0.34,102.3568,593774.0,20932.5,23223.906,123.234,77.2,1.46,256.978,5.0,2024-04-04,14.29,16.92,13.74,16.35,0.0,VIX,0.1409630146545708,5.0,2024-04-04,1.3746469242697104,1.685643855648726,15872758.711178385,1.4911040830425164,0.9380733278323838,0.8965248946577704,1.097452605119292,5.0
2024-04-05,2024-04-05,1.0841,151.59,1.2633,1.358,0.9005,10.6267,-0.002209,-0.000462,-0.002842,0.006448,-0.004862,0.00506,88.927851,91.500675,73.408536,91.576658,90.913108,102.431982,80.515118,-0.002195,6.0,2021-07-01,3.3587499999999997,4.15625,2024-04-05,313.016,3.9,5.33,4.39,4.73,5.24,-0.34,102.3568,593774.0,20932.5,23223.906,123.234,77.2,1.46,256.978,6.0,2024-04-05,16.45,16.75,15.53,16.03,0.0,VIX,-0.019571865443425,6.0,2024-04-05,1.3819266792561908,1.698131383752142,26827157.108828414,1.5005746693827815,0.9460151018426814,0.9050643320399424,1.104422956665727,6.0
2024-04-17,2024-04-17,1.0644,154.61,1.2443,1.3804,0.9121,10.9925,0.001505,0.000259,0.000482,-0.001447,-0.000767,0.004744,87.317533,89.837947,71.974646,90.199348,89.437844,101.129262,77.835797,0.000911,4.0,2021-07-01,3.3587499999999997,4.15625,2024-04-17,313.016,3.9,5.33,4.59,4.93,5.24,-0.34,102.3568,593774.0,20932.5,23223.906,123.234,77.2,1.46,256.978,4.0,2024-04-17,18.24,19.11,17.54,18.21,0.0,VIX,-0.0103260869565215,4.0,2024-04-17,1.4089459020217163,1.7445100472199335,178636100.6739972,1.5357246768002537,0.9755436152426756,0.93685958921894,1.1302933621249869,4.0
2024-04-30,2024-04-30,1.0684,157.54,1.2514,1.3748,0.9174,10.988,-0.003079,0.005296,-0.003107,0.007253,0.007246,0.005123,87.404649,90.175557,70.636029,90.714027,89.802153,100.545019,77.867674,-0.003957,3.0,2021-07-01,3.3587499999999997,4.15625,2024-04-30,313.016,3.9,5.33,4.69,5.04,5.24,-0.35,102.3568,593774.0,20932.5,23223.906,123.234,77.2,1.46,256.978,3.0,2024-04-30,14.82,15.9,14.67,15.65,0.0,VIX,0.0668029993183367,3.0,2024-04-30,1.4278505765776264,1.7770536252651423,648358178.6860013,1.56034672417536,0.996306714154178,0.959268492721688,1.148415188993065,3.0
2024-05-01,2024-05-01,1.068,157.65,1.2488,1.376,0.9195,10.9733,-0.000374,0.000698,-0.002078,0.000873,0.002289,-0.001338,87.345059,90.141796,70.586743,90.525553,89.723837,100.315389,77.971987,-0.000682,4.0,2024-05-01,5.33,4.0,2024-05-01,313.14,4.0,5.33,4.63,4.96,5.25,-0.33,102.9797,631832.0,20997.0,23223.906,123.224,69.1,1.47,255.313,4.0,2024-05-01,15.75,16.22,14.35,15.39,0.0,VIX,-0.0166134185303514,4.0,2024-05-01,1.4244535669097842,1.77111344074748,509221988.3319094,1.555882528931862,0.99249666752788,0.9551384650731524,1.1451295412938505,4.0
2024-05-08,2024-05-08,1.0755,155.42,1.2503,1.3719,0.9076,10.8938,-0.001115,0.005369,-0.002553,0.000511,0.000441,0.005984,87.956007,90.774814,71.599537,90.634288,89.991982,101.630674,78.541005,-0.001858,4.0,2021-07-01,3.3587499999999997,4.15625,2024-05-08,313.14,4.0,5.33,4.48,4.84,5.25,-0.36,102.9797,631832.0,20997.0,23223.906,123.224,69.1,1.47,255.313,4.0,2024-05-08,13.24,13.51,12.94,13.0,0.0,VIX,-0.0173847316704459,4.0,2024-05-08,1.4346607506861206,1.7887363541380428,1015708691.6020192,1.5691961774422731,1.003756866855478,0.967309214248516,1.154928386597513,4.0
2024-05-13,2024-05-13,1.0796,156.17,1.2563,1.3675,0.9075,10.8328,0.002135,0.002053,0.002794,0.000878,0.001324,5.5e-05,88.205653,91.120864,71.255683,91.069228,90.281536,101.641873,78.983273,0.001247,2.0,2021-07-01,3.3587499999999997,4.15625,2024-05-13,313.14,4.0,5.33,4.48,4.85,5.25,-0.37,102.9797,631832.0,20997.0,23223.906,123.224,69.1,1.47,255.313,2.0,2024-05-13,13.26,13.66,13.25,13.6,0.0,VIX,0.0836653386454182,2.0,2024-05-13,1.452252794876334,1.819395077278406,3378799535.978945,1.5922603636421926,1.0234179971794088,0.9886297704989612,1.1719036276406538,2.0
2024-05-14,2024-05-14,1.0818,156.5,1.2588,1.365,0.9067,10.8257,0.002038,0.002113,0.00199,-0.001828,-0.000882,-0.000655,88.334191,91.30655,71.105431,91.250453,90.446886,101.731554,79.035074,0.001457,3.0,2021-07-01,3.3587499999999997,4.15625,2024-05-14,313.14,4.0,5.33,4.45,4.81,5.25,-0.36,102.9797,631832.0,20997.0,23223.906,123.224,69.1,1.47,255.313,3.0,2024-05-14,13.71,14.03,13.27,13.42,0.0,VIX,-0.013235294117647,3.0,2024-05-14,1.4409001638940984,1.7994900444106172,1536271522.445673,1.5773248144065688,1.0106269250265965,0.9747357175049984,1.160911063403235,3.0
2024-05-15,2024-05-15,1.086,155.02,1.2658,1.3612,0.9041,10.6967,0.003882,-0.009457,0.005561,-0.002784,-0.002868,-0.011916,88.764627,91.66104,71.784286,91.757883,90.699383,102.024112,79.988221,0.004873,4.0,2021-07-01,3.3587499999999997,4.15625,2024-05-15,313.14,4.0,5.33,4.36,4.73,5.25,-0.37,102.9797,631832.0,20997.0,23223.906,123.224,69.1,1.47,255.313,4.0,2024-05-15,13.73,13.94,12.38,12.45,0.0,VIX,-0.0722801788375558,4.0,2024-05-15,1.4516266051330688,1.818247434414884,3214470209.0349116,1.5914148911368862,1.0226703222762097,0.9878088712831298,1.1712813598767482,4.0
2024-05-20,2024-05-20,1.0861,156.09,1.2708,1.3611,0.9097,10.6967,-0.000736,0.003343,0.000394,-0.000294,0.001983,-0.001624,88.723694,91.66948,71.292203,92.120333,90.706047,101.396065,79.988221,-0.000747,2.0,2021-07-01,3.3587499999999997,4.15625,2024-05-20,313.14,4.0,5.33,4.44,4.82,5.25,-0.38,102.9797,631832.0,20997.0,23223.906,123.224,69.1,1.47,255.313,2.0,2024-05-20,12.27,12.59,12.07,12.15,0.0,VIX,0.0133444537114262,2.0,2024-05-20,1.4657687625619271,1.84296980402952,8334058716.38966,1.60998306195428,1.0385519746955647,1.0050619964220122,1.18494753359835,2.0
2024-05-28,2024-05-28,1.0879,156.9,1.2786,1.363,0.9106,10.5358,0.002488,0.0,0.003138,-0.002561,-0.004047,-0.011336,88.864624,91.821404,70.924156,92.685756,90.579604,101.295849,81.20978,0.002711,3.0,2021-07-01,3.3587499999999997,4.15625,2024-05-28,313.14,4.0,5.33,4.54,4.94,5.25,-0.4,102.9797,631832.0,20997.0,23223.906,123.224,69.1,1.47,255.313,3.0,2024-05-28,12.51,13.44,12.36,12.92,0.0,VIX,0.0453074433656959,3.0,2024-05-28,1.4517340275320598,1.8181144301433751,3099735148.1029468,1.5914155645248265,1.0225202790074763,0.9875912775691904,1.1712818554902724,3.0
2024-05-29,2024-05-29,1.0811,157.62,1.2714,1.3702,0.9135,10.6663,-0.006251,0.004589,-0.005631,0.005282,0.003185,0.012386,88.331246,91.247468,70.600178,92.163827,90.103635,100.974275,80.216195,-0.006002,4.0,2021-07-01,3.3587499999999997,4.15625,2024-05-29,313.14,4.0,5.33,4.61,4.96,5.25,-0.35,102.9797,631832.0,20997.0,23223.906,123.224,69.1,1.47,255.313,4.0,2024-05-29,13.75,14.32,13.69,14.28,0.0,VIX,0.1052631578947367,4.0,2024-05-29,1.4601461624512542,1.832855781889095,5505422482.239229,1.602476903627733,1.031995759040392,0.997888760097719,1.1794230010700115,4.0
2024-06-03,2024-06-03,1.089,156.04,1.2795,1.3626,0.8954,10.4075,0.004057,-0.007316,0.004475,-0.001466,-0.008855,-0.012534,89.085398,91.914247,71.315047,92.750997,90.606194,103.015412,82.210906,0.004762,2.0,2021-07-01,3.3587499999999997,4.15625,2024-06-03,313.131,4.1,5.33,4.41,4.82,5.24,-0.41,103.2534,592999.0,21065.4,23223.906,123.369,68.2,1.51,255.914,2.0,2024-06-03,13.08,14.31,13.0,13.11,0.0,VIX,0.0147058823529411,2.0,2024-06-03,1.4360956799169329,1.790608460795219,1028461311.7888976,1.570802088959189,1.0048307060019206,0.9683665141709236,1.1561103374739632,2.0
2024-06-04,2024-06-04,1.0878,154.87,1.2785,1.3684,0.8904,10.4556,-0.001102,-0.007498,-0.000782,0.004257,-0.005584,0.004622,89.061698,91.812964,71.853813,92.678507,90.222157,103.59389,81.832702,-0.000266,3.0,2021-07-01,3.3587499999999997,4.15625,2024-06-04,313.131,4.1,5.33,4.33,4.77,5.24,-0.44,103.2534,592999.0,21065.4,23223.906,123.369,68.2,1.51,255.914,3.0,2024-06-04,13.51,14.08,13.11,13.16,0.0,VIX,0.0038138825324181,3.0,2024-06-04,1.432789985603685,1.7848164242718108,814034283.1938628,1.5664535155151689,1.001112074350864,0.9643317029545644,1.1529097874191645,3.0
2024-06-26,2024-06-26,1.0682,160.68,1.2625,1.3697,0.8973,10.5696,-0.002149,0.006263,-0.004102,0.002855,0.003242,0.005948,87.543919,90.158677,69.255663,91.518666,90.136526,102.797281,80.950083,-0.003089,4.0,2021-07-01,3.3587499999999997,4.15625,2024-06-26,313.131,4.1,5.33,4.32,4.71,5.24,-0.39,103.2534,592999.0,21065.4,23223.906,123.369,68.2,1.51,255.914,4.0,2024-06-26,12.81,13.24,12.37,12.55,0.0,VIX,-0.0225856697819314,4.0,2024-06-26,1.4558994863050765,1.824702414924245,3744353690.478841,1.5965818429343572,1.0266112314697762,0.9919152684508692,1.175084236399687,4.0
2024-07-01,2024-07-01,1.0728,161.55,1.265,1.3742,0.9039,10.6292,0.001587,0.004165,0.000791,0.004239,0.005227,0.002793,87.665449,90.546928,68.882699,91.699891,89.841362,102.046687,80.49618,-0.000126,2.0,2024-07-01,5.33,2.0,2024-07-01,313.566,4.2,5.33,4.48,4.77,5.2,-0.29,102.5192,618432.0,21098.0,23400.294,123.575,66.4,1.59,257.321,2.0,2024-07-01,12.98,13.26,12.1,12.22,0.0,VIX,-0.017684887459807,2.0,2024-07-01,1.4663337665255944,1.842911766605671,7519933690.711296,1.610267973616406,1.0383028212147716,1.0046114525821246,1.185157228581675,2.0
2024-07-02,2024-07-02,1.0737,161.53,1.2679,1.3691,0.9046,10.6157,0.000839,-0.000124,0.002292,-0.003711,0.000774,-0.00127,87.76729,90.62289,68.891228,91.910112,90.176028,101.967721,80.598547,0.001162,3.0,2021-07-01,3.3587499999999997,4.15625,2024-07-02,313.566,4.2,5.33,4.43,4.74,5.2,-0.31,102.5192,618432.0,21098.0,23400.294,123.575,66.4,1.59,257.321,3.0,2024-07-02,12.67,12.88,11.85,12.03,0.0,VIX,-0.0155482815057284,3.0,2024-07-02,1.4669602688929193,1.8439891468883305,7821754623.84237,1.6110826557898552,1.0389915190513273,1.0053568565267583,1.1857568346613336,3.0
2024-07-03,2024-07-03,1.0799,161.48,1.2766,1.3624,0.9007,10.4807,0.005774,-0.00031,0.006862,-0.004894,-0.004311,-0.012717,88.246512,91.146185,68.912559,92.540776,90.619495,102.409237,81.636723,0.00546,4.0,2021-07-01,3.3587499999999997,4.15625,2024-07-03,313.566,4.2,5.33,4.36,4.71,5.2,-0.35,102.5192,618432.0,21098.0,23400.294,123.575,66.4,1.59,257.321,4.0,2024-07-03,12.13,12.23,11.95,12.09,0.0,VIX,0.0049875311720699,4.0,2024-07-03,1.4524262045245344,1.8184378806058712,2880150512.4672494,1.5919364947374668,1.0225494140671745,0.9874718824581732,1.1716652601267756,4.0
2024-07-05,2024-07-05,1.0828,160.73,1.2807,1.3631,0.8976,10.4839,0.002685,-0.004645,0.003212,0.000514,-0.003442,0.000305,88.474049,91.390952,69.234119,92.837985,90.572959,102.762923,81.611805,0.002578,6.0,2021-07-01,3.3587499999999997,4.15625,2024-07-05,313.566,4.2,5.33,4.28,4.6,5.2,-0.32,102.5192,618432.0,21098.0,23400.294,123.575,66.4,1.59,257.321,6.0,2024-07-05,12.37,12.61,11.84,12.48,0.0,VIX,0.032258064516129,6.0,2024-07-05,1.461725320405593,1.8347083273362177,5415789184.739039,1.604153293281256,1.0330023289174637,0.9988267590343952,1.1806568238550044,6.0
2024-07-12,2024-07-12,1.0902,157.88,1.2986,1.3627,0.8942,10.5289,0.002944,-0.004414,0.005108,0.000587,0.000336,0.004321,89.160025,92.01553,70.483912,94.135556,90.599545,103.153657,81.263,0.002631,6.0,2021-07-01,3.3587499999999997,4.15625,2024-07-12,313.566,4.2,5.33,4.18,4.45,5.2,-0.27,102.5192,618432.0,21098.0,23400.294,123.575,66.4,1.59,257.321,6.0,2024-07-12,12.87,12.89,12.11,12.46,0.0,VIX,-0.0356037151702786,6.0,2024-07-12,1.4674311435949556,1.8445670464638833,7809585154.215519,1.6115936775711903,1.039313192171655,1.0056643008838246,1.1861329466923962,6.0
2024-07-15,2024-07-15,1.0912,157.89,1.2986,1.3662,0.8949,10.5752,0.000917,6.3e-05,0.0,0.002568,0.000783,0.004397,89.169064,92.099932,70.479448,94.135556,90.367443,103.072969,80.907217,0.000101,2.0,2021-07-01,3.3587499999999997,4.15625,2024-07-15,313.566,4.2,5.33,4.23,4.44,5.2,-0.21,102.5192,618432.0,21098.0,23400.294,123.575,66.4,1.59,257.321,2.0,2024-07-15,12.78,13.26,12.75,13.12,0.0,VIX,0.0529695024077045,2.0,2024-07-15,1.469319776070963,1.8478161568551177,8792307853.121769,1.6140500893818734,1.0413905099702088,1.0079130560109897,1.187940865785059,2.0
2024-07-18,2024-07-18,1.0913,156.97,1.2973,1.3695,0.8858,10.568,-0.001829,0.002619,-0.002691,0.000877,0.001357,0.002229,89.23951,92.108373,70.892527,94.041319,90.14969,104.131858,80.962339,-0.00193,5.0,2021-07-01,3.3587499999999997,4.15625,2024-07-18,313.566,4.2,5.33,4.2,4.46,5.2,-0.26,102.5192,618432.0,21098.0,23400.294,123.575,66.4,1.59,257.321,5.0,2024-07-18,14.27,16.43,14.08,15.93,0.0,VIX,0.1001381215469612,5.0,2024-07-18,1.4760736433342236,1.8596423511706983,13768567882.796202,1.6229240385834711,1.0489958424041033,1.0161848252700236,1.1944720923974348,5.0
2024-07-31,2024-07-31,1.0823,150.38,1.284,1.3806,0.8797,10.7099,0.001295,-0.021728,0.000935,-0.003033,-0.006213,-0.007414,89.02473,91.348751,73.999202,93.077202,89.424888,104.853927,79.889635,0.004175,4.0,2021-07-01,3.3587499999999997,4.15625,2024-07-31,313.566,4.2,5.33,4.09,4.29,5.2,-0.2,102.5192,618432.0,21098.0,23400.294,123.575,66.4,1.59,257.321,4.0,2024-07-31,16.66,16.77,15.71,16.36,0.0,VIX,-0.0751837196156021,4.0,2024-07-31,1.5284396732603054,1.9523112345086444,430445206796.0602,1.6921082537626184,1.108876211048969,1.081612454304426,1.2453916747692872,4.0
2024-08-05,2024-08-05,1.0957,143.95,1.2765,1.382,0.8528,10.5628,0.00394,-0.020615,-0.002579,-0.001878,-0.008948,-0.000416,90.218572,92.479743,77.30462,92.533527,89.334298,108.161351,81.002196,0.005,2.0,2021-07-01,3.3587499999999997,4.15625,2024-08-05,314.131,4.2,5.33,3.78,3.89,5.05,-0.11,103.0196,622421.0,21185.0,23400.294,123.727,67.9,1.73,255.463,2.0,2024-08-05,23.39,65.73,23.39,38.57,0.0,VIX,0.648995297135528,2.0,2024-08-05,1.5297266365497428,1.954480165076894,460429816683.6054,1.6937605538505922,1.1102572659198036,1.0831050489344052,1.246607767634036,2.0
2024-08-12,2024-08-12,1.0928,147.54,1.2776,1.3741,0.8673,10.5245,0.000275,0.007168,0.000783,0.001166,0.003936,0.001637,89.825278,92.234976,75.423614,92.613266,89.8479,106.35305,81.296974,-0.000895,2.0,2021-07-01,3.3587499999999997,4.15625,2024-08-12,314.131,4.2,5.33,3.9,4.01,5.05,-0.11,103.0196,622421.0,21185.0,23400.294,123.727,67.9,1.73,255.463,2.0,2024-08-12,20.79,21.19,18.89,20.71,0.0,VIX,0.0166912125675011,2.0,2024-08-12,1.5545432639527277,1.9988238008028736,2248184176011.078,1.72670492941459,1.1390531751541026,1.1147258838096377,1.2708548280491383,2.0
2024-08-13,2024-08-13,1.0954,146.97,1.2828,1.3723,0.8654,10.5035,0.002379,-0.003863,0.00407,-0.00131,-0.002191,-0.001995,90.062276,92.454423,75.716133,92.990214,89.965751,106.58655,81.459513,0.002638,3.0,2021-07-01,3.3587499999999997,4.15625,2024-08-13,314.131,4.2,5.33,3.85,3.93,5.05,-0.08,103.0196,622421.0,21185.0,23400.294,123.727,67.9,1.73,255.463,3.0,2024-08-13,20.06,20.79,17.95,18.12,0.0,VIX,-0.1250603573153066,3.0,2024-08-13,1.55924662573029,2.007268211564673,3030891749276.9033,1.7329641401275728,1.1445488709997036,1.1207735557546257,1.2754616071338936,3.0
2024-08-16,2024-08-16,1.0996,148.13,1.2906,1.3705,0.8685,10.4926,0.00091,-0.005238,0.003343,0.000292,-0.003099,-0.001703,90.253719,92.808913,75.123203,93.555636,90.083911,106.206102,81.544136,0.001715,6.0,2021-07-01,3.3587499999999997,4.15625,2024-08-16,314.131,4.2,5.33,3.89,4.06,5.05,-0.17,103.0196,622421.0,21185.0,23400.294,123.727,67.9,1.73,255.463,6.0,2024-08-16,15.29,15.76,14.65,14.8,0.0,VIX,-0.0282337491792514,6.0,2024-08-16,1.5733409060690562,2.032632767863402,7378843215747.97,1.7517428137147235,1.1610758824113556,1.1389820644621758,1.2892827108940368,6.0
2024-08-23,2024-08-23,1.1176,144.86,1.3197,1.3514,0.8492,10.1837,0.005579,-0.007604,0.007866,-0.006689,-0.003052,-0.005634,91.9171,94.328157,76.818998,95.665096,91.357111,108.619878,84.017597,0.006098,6.0,2021-07-01,3.3587499999999997,4.15625,2024-08-23,314.131,4.2,5.33,3.81,3.9,5.05,-0.09,103.0196,622421.0,21185.0,23400.294,123.727,67.9,1.73,255.463,6.0,2024-08-23,17.12,17.21,15.61,15.86,0.0,VIX,-0.0962962962962963,6.0,2024-08-23,1.56489744797299,2.0171855875426807,4207877675942.414,1.7403850161408374,1.150958013683166,1.1277886129306285,1.2809233718796564,6.0
2024-08-30,2024-08-30,1.106,145.95,1.3132,1.3493,0.8493,10.269,-0.002345,0.006691,-0.004095,0.002452,0.003189,0.004598,91.202228,93.349088,76.245289,95.193911,91.499296,108.607088,83.3197,-0.003184,6.0,2021-07-01,3.3587499999999997,4.15625,2024-08-30,314.131,4.2,5.33,3.91,3.91,5.05,0.0,103.0196,622421.0,21185.0,23400.294,123.727,67.9,1.73,255.463,6.0,2024-08-30,15.67,16.04,14.78,15.55,0.0,VIX,-0.0063897763578274,6.0,2024-08-30,1.5396396742010572,1.9715646341901083,807521811978.5812,1.7066502260342848,1.12121944087955,1.0950269787379576,1.2560945663612335,6.0
2024-09-03,2024-09-03,1.1043,145.82,1.3103,1.3543,0.8503,10.3064,-0.001537,-0.000891,-0.002208,0.003706,0.001177,0.003642,91.055772,93.205604,76.313263,94.98369,91.161486,108.47936,83.017348,-0.001606,3.0,2021-07-01,3.3587499999999997,4.15625,2024-09-03,314.851,4.1,5.13,3.84,3.88,4.72,-0.04,102.5954,579083.0,21272.0,23400.294,123.939,70.1,1.7,252.682,3.0,2024-09-03,15.76,21.99,15.71,20.72,0.0,VIX,0.3324758842443729,3.0,2024-09-03,1.557046053866851,2.002731416232878,2452138574207.2544,1.7297827048128924,1.1414764978534786,1.1172898086103482,1.273120070742289,3.0
2024-09-06,2024-09-06,1.1086,142.13,1.3136,1.3561,0.8428,10.2869,-0.000901,-0.009064,-0.002203,0.003404,-0.002958,0.002944,91.593088,93.568535,78.294519,95.222907,91.040484,109.444708,83.174717,-4.3e-05,6.0,2021-07-01,3.3587499999999997,4.15625,2024-09-06,314.851,4.1,5.13,3.72,3.66,4.72,0.06,102.5954,579083.0,21272.0,23400.294,123.939,70.1,1.7,252.682,6.0,2024-09-06,21.98,23.76,18.83,22.38,0.0,VIX,0.1246231155778894,6.0,2024-09-06,1.5448120684517923,1.9806551605273808,1103012086626.499,1.713451152114255,1.1270913464502668,1.1014479033570013,1.261100047956092,6.0
2024-09-10,2024-09-10,1.1025,142.28,1.3065,1.3607,0.8459,10.3869,-0.00154,-0.004478,-0.001376,0.003466,-0.002476,0.001958,91.147981,93.05368,78.211976,94.708228,90.732711,109.043622,82.373952,-0.000835,3.0,2021-07-01,3.3587499999999997,4.15625,2024-09-10,314.851,4.1,5.13,3.65,3.59,4.72,0.06,102.5954,579083.0,21272.0,23400.294,123.939,70.1,1.7,252.682,3.0,2024-09-10,19.86,20.74,18.9,19.08,0.0,VIX,-0.0190231362467866,3.0,2024-09-10,1.5699506894742392,2.0258148596203314,5467268409704.52,1.7469173103295397,1.1564856815135651,1.1337971669362148,1.285731140402541,3.0
2024-09-17,2024-09-17,1.1118,141.77,1.3164,1.3598,0.847,10.1891,-0.00045,0.006961,-0.002878,-7.4e-05,0.002011,-0.000873,91.791302,93.838623,78.493334,95.425879,90.792764,108.902007,83.973069,-0.001475,3.0,2021-07-01,3.3587499999999997,4.15625,2024-09-17,314.851,4.1,5.13,3.65,3.59,4.72,0.06,102.5954,579083.0,21272.0,23400.294,123.939,70.1,1.7,252.682,3.0,2024-09-17,17.16,18.08,16.67,17.61,0.0,VIX,0.0274212368728121,3.0,2024-09-17,1.594804533694168,2.070658353500007,25685343915792.297,1.780071395072132,1.185748488666988,1.166087957862845,1.310132546773089,3.0
2024-09-20,2024-09-20,1.1159,143.9,1.3305,1.3565,0.8496,10.1894,0.001077,0.007139,0.001958,0.000369,0.002123,0.001809,91.962244,94.184673,77.33148,96.447988,91.013638,108.568738,83.970597,-0.000131,6.0,2021-07-01,3.3587499999999997,4.15625,2024-09-20,314.851,4.1,5.13,3.73,3.55,4.72,0.18,102.5954,579083.0,21272.0,23400.294,123.939,70.1,1.7,252.682,6.0,2024-09-20,16.35,16.68,15.81,16.15,0.0,VIX,-0.0110226576852419,6.0,2024-09-20,1.573362687976241,2.0317051136892488,6568097948759.432,1.7513551604485826,1.160273102738563,1.13792692916694,1.288997398090157,6.0
2024-09-26,2024-09-26,1.1184,144.68,1.3428,1.3466,0.8463,10.0975,0.003679,0.00187,0.006748,0.0,-0.003767,-0.007675,92.241416,94.395679,76.91457,97.339616,91.682757,108.992083,84.734835,0.003257,5.0,2021-07-01,3.3587499999999997,4.15625,2024-09-26,314.851,4.1,5.13,3.79,3.6,4.72,0.19,102.5954,579083.0,21272.0,23400.294,123.939,70.1,1.7,252.682,5.0,2024-09-26,15.06,15.83,14.9,15.37,0.0,VIX,-0.0025957170668398,5.0,2024-09-26,1.576043474227575,2.036387066387198,7631426018751.279,1.754865062520543,1.1632954675565903,1.1412330533299206,1.2915806860151198,5.0
2024-09-27,2024-09-27,1.1159,142.6,1.3394,1.3504,0.8424,10.1018,-0.002235,-0.014377,-0.002532,0.002822,-0.004608,0.000426,92.236297,94.184673,78.036466,97.09315,91.424763,109.496676,84.698767,-5.5e-05,6.0,2021-07-01,3.3587499999999997,4.15625,2024-09-27,314.851,4.1,5.13,3.75,3.55,4.72,0.2,102.5954,579083.0,21272.0,23400.294,123.939,70.1,1.7,252.682,6.0,2024-09-27,15.64,16.97,15.2,16.96,0.0,VIX,0.1034482758620691,6.0,2024-09-27,1.5637692043605516,2.014191104984065,3480090895362.0127,1.738465718690129,1.1488102978664378,1.1252540007861247,1.2795107689559349,6.0
2024-10-02,2024-10-02,1.105,146.05,1.3271,1.3485,0.8495,10.2558,-0.001536,0.016637,-0.000828,-0.000519,0.004375,-0.002024,91.274942,93.264686,76.193085,96.201522,91.553578,108.581519,83.426939,-0.002952,4.0,2021-07-01,3.3587499999999997,4.15625,2024-10-02,315.564,4.1,4.83,3.79,3.63,4.51,0.16,102.2138,622738.0,21323.2,23542.349,124.265,70.5,1.53,253.081,4.0,2024-10-02,19.65,20.36,18.58,18.9,0.0,VIX,-0.0186915887850468,4.0,2024-10-02,1.5585242643384831,2.0046032336668125,2445539293807.021,1.731412160747571,1.142534948209069,1.118317599353754,1.2743193503102124,4.0
2024-10-04,2024-10-04,1.0961,148.69,1.3107,1.3578,0.8589,10.3856,-0.004902,0.012737,-0.000534,0.003325,0.005738,0.006786,90.37317,92.513504,74.840272,95.012686,90.926499,107.393177,82.384263,-0.005189,6.0,2021-07-01,3.3587499999999997,4.15625,2024-10-04,315.564,4.1,4.83,3.98,3.93,4.51,0.05,102.2138,622738.0,21323.2,23542.349,124.265,70.5,1.53,253.081,6.0,2024-10-04,20.48,20.48,18.48,19.21,0.0,VIX,-0.0624694973157636,6.0,2024-10-04,1.5519194588742098,1.9926658214996371,1588593725135.5732,1.722587499696889,1.1347514747011849,1.1097410201825504,1.2678243997769103,6.0
2024-10-23,2024-10-23,1.0779,152.81,1.2944,1.3838,0.8665,10.5951,-0.002406,0.01125,-0.001928,0.000578,0.001271,0.005056,88.815538,90.97738,72.822459,93.831098,89.218095,106.451241,80.755255,-0.003211,4.0,2021-07-01,3.3587499999999997,4.15625,2024-10-23,315.564,4.1,4.83,4.24,4.07,4.51,0.17,102.2138,622738.0,21323.2,23542.349,124.265,70.5,1.53,253.081,4.0,2024-10-23,18.21,20.47,18.18,19.24,0.0,VIX,0.0571428571428571,4.0,2024-10-23,1.543522207685249,1.9770764669351697,866195898412.7631,1.7111876638748689,1.1245076036838548,1.098388369558287,1.2594341206119035,4.0
2024-10-29,2024-10-29,1.0798,153.47,1.3005,1.3909,0.8684,10.6581,-0.001941,0.001697,0.001849,0.000432,0.002887,0.002144,88.84806,91.137745,72.509285,94.273287,88.762672,106.218333,80.277911,-0.001347,3.0,2021-07-01,3.3587499999999997,4.15625,2024-10-29,315.564,4.1,4.83,4.28,4.11,4.51,0.17,102.2138,622738.0,21323.2,23542.349,124.265,70.5,1.53,253.081,3.0,2024-10-29,19.75,20.53,19.06,19.34,0.0,VIX,-0.0232323232323232,3.0,2024-10-29,1.537616670375378,1.966334111528204,578585060890.0195,1.703264764466146,1.1174949469006912,1.0906575807552932,1.2536028666470835,3.0
2024-10-31,2024-10-31,1.0855,152.35,1.2856,1.3939,0.8648,10.7003,-0.000828,-0.005224,-0.011989,0.002013,-0.001847,0.003112,89.05437,91.618839,73.042337,93.193186,88.571634,106.6605,79.961309,-0.001637,5.0,2021-07-01,3.3587499999999997,4.15625,2024-10-31,315.564,4.1,4.83,4.28,4.16,4.51,0.12,102.2138,622738.0,21323.2,23542.349,124.265,70.5,1.53,253.081,5.0,2024-10-31,21.44,23.42,21.12,23.16,0.0,VIX,0.1380835380835379,5.0,2024-10-31,1.5346910641536928,1.9610449282583609,475042998338.27423,1.6993534602708689,1.1140494554237104,1.086865985621223,1.2507241467593595,5.0
2024-11-01,2024-11-01,1.0848,152.94,1.2959,1.3925,0.8704,10.728,-0.000645,0.003873,0.008012,-0.001004,0.006475,0.002589,89.045595,91.559757,72.76056,93.939833,88.660682,105.974265,79.754847,-9.9e-05,6.0,2024-11-01,4.64,6.0,2024-11-01,316.449,4.2,4.64,4.37,4.21,4.42,0.16,101.9503,630399.0,21424.2,23542.349,124.399,71.8,1.42,253.211,6.0,2024-11-01,22.96,23.09,21.16,21.88,0.0,VIX,-0.0552677029360967,6.0,2024-11-01,1.5283463820267005,1.9496775870929612,312863122506.7653,1.6909149439633824,1.1066669486140963,1.0787620991437397,1.2445133987570496,6.0
2024-11-08,2024-11-08,1.071,152.58,1.2905,1.3921,0.8755,10.8435,-0.007598,-0.003592,-0.006161,0.003967,0.003553,0.012673,88.295878,90.395003,72.932232,93.548387,88.686158,105.356939,78.905335,-0.005849,6.0,2021-07-01,3.3587499999999997,4.15625,2024-11-08,316.449,4.2,4.64,4.3,4.26,4.42,0.04,101.9503,630399.0,21424.2,23542.349,124.399,71.8,1.42,253.211,6.0,2024-11-08,15.13,15.33,14.66,14.94,0.0,VIX,-0.0171052631578947,6.0,2024-11-08,1.544072618856159,1.977633297767902,850584056961.2362,1.711733735012674,1.1247821750378726,1.0986154047275083,1.2598360289693282,6.0
2024-11-13,2024-11-13,1.0567,155.28,1.2709,1.3985,0.885,10.9869,-0.002925,0.003555,-0.001885,0.002078,0.002606,0.004958,87.138227,89.188049,71.664091,92.127582,88.2803,104.225989,77.87547,-0.002846,4.0,2021-07-01,3.3587499999999997,4.15625,2024-11-13,316.449,4.2,4.64,4.44,4.27,4.42,0.17,101.9503,630399.0,21424.2,23542.349,124.399,71.8,1.42,253.211,4.0,2024-11-13,15.09,15.26,13.77,14.02,0.0,VIX,-0.0469068660774983,4.0,2024-11-13,1.563867679848297,2.0130818703442275,2989774046019.64,1.7380416801766698,1.1478252964956448,1.1239441870836162,1.2791986766100292,4.0
2024-11-18,2024-11-18,1.0586,154.78,1.2664,1.4028,0.885,10.9393,0.003222,0.001229,0.002771,-0.00341,-0.003154,-0.003035,87.21287,89.348413,71.895594,91.801377,88.009695,104.225989,78.214328,0.002674,2.0,2021-07-01,3.3587499999999997,4.15625,2024-11-18,316.449,4.2,4.64,4.42,4.29,4.42,0.13,101.9503,630399.0,21424.2,23542.349,124.399,71.8,1.42,253.211,2.0,2024-11-18,16.6,17.0,15.35,15.58,0.0,VIX,-0.0346964064436183,2.0,2024-11-18,1.579514182008423,2.041196661984462,7955798554042.359,1.7588696527037198,1.166135849742437,1.1441106907862462,1.2945280643899375,2.0
2024-11-25,2024-11-25,1.0478,154.29,1.2554,1.4003,0.8874,10.9947,0.007597,-0.002844,0.003036,0.001287,-0.008048,-0.006551,86.611581,88.436867,72.123922,91.003987,88.166821,103.944106,77.820222,0.005642,2.0,2021-07-01,3.3587499999999997,4.15625,2024-11-25,316.449,4.2,4.64,4.27,4.21,4.42,0.06,101.9503,630399.0,21424.2,23542.349,124.399,71.8,1.42,253.211,2.0,2024-11-25,15.23,15.72,14.54,14.6,0.0,VIX,-0.0419947506561679,2.0,2024-11-25,1.5970221991885585,2.0727451561301433,23398937231312.457,1.7822059822884797,1.1867166188074032,1.1668169766681755,1.311703602964321,2.0
2024-11-26,2024-11-26,1.0481,153.49,1.2547,1.4058,0.8876,10.9988,0.000286,-0.005185,-0.000558,0.003928,0.000225,0.000373,86.637801,88.462188,72.499837,90.953244,87.821881,103.920685,77.791214,0.000303,3.0,2021-07-01,3.3587499999999997,4.15625,2024-11-26,316.449,4.2,4.64,4.3,4.21,4.42,0.09,101.9503,630399.0,21424.2,23542.349,124.399,71.8,1.42,253.211,3.0,2024-11-26,14.95,15.03,13.88,14.1,0.0,VIX,-0.0342465753424657,3.0,2024-11-26,1.5889937853811564,2.058143956039383,14088322024497.797,1.7714481270826177,1.177161799385551,1.1562484722878303,1.3037858215328064,3.0
2024-12-11,2024-12-11,1.0508,152.34,1.2763,1.4126,0.883,10.966,-0.000381,0.001907,0.000392,-0.002401,0.000793,-0.001884,87.020615,88.690074,73.047131,92.519029,87.399122,104.462061,78.023892,-0.000136,4.0,2021-07-01,3.3587499999999997,4.15625,2024-12-11,317.603,4.1,4.48,4.26,4.15,4.27,0.11,103.0447,691312.0,21441.9,23542.349,124.769,74.0,1.41,253.423,4.0,2024-12-11,14.42,14.43,13.52,13.58,0.0,VIX,-0.0423131170662904,4.0,2024-12-11,1.56627695252052,2.016657189564554,3173757602249.915,1.7409238875611643,1.1499990385115395,1.1262050621871444,1.2813199812450171,4.0
2024-12-13,2024-12-13,1.0498,153.74,1.2629,1.424,0.8929,10.9782,-0.001522,0.010982,-0.006764,0.004302,0.005631,0.001021,86.656932,88.605672,72.381944,91.547662,86.699438,103.303841,77.937185,-0.00366,6.0,2021-07-01,3.3587499999999997,4.15625,2024-12-13,317.603,4.1,4.48,4.4,4.25,4.27,0.15,103.0447,691312.0,21441.9,23542.349,124.769,74.0,1.41,253.423,6.0,2024-12-13,13.57,14.25,13.24,13.81,0.0,VIX,-0.0079022988505746,6.0,2024-12-13,1.5703243737955463,2.023901673145618,4080677986545.25,1.7463000108015785,1.154710369213824,1.1313873581552545,1.285276807949962,6.0
2024-12-17,2024-12-17,1.0506,153.41,1.2718,1.4312,0.893,10.9293,-0.000571,-0.004994,0.002206,0.005762,-0.000448,0.003563,86.768313,88.673194,72.537644,92.192823,86.263276,103.292273,78.285892,-0.000127,3.0,2021-07-01,3.3587499999999997,4.15625,2024-12-17,317.603,4.1,4.48,4.4,4.25,4.27,0.15,103.0447,691312.0,21441.9,23542.349,124.769,74.0,1.41,253.423,3.0,2024-12-17,14.98,15.94,14.78,15.87,0.0,VIX,0.0803267528931246,3.0,2024-12-17,1.5694659629957677,2.0222429607661536,3811883474011.5327,1.745107090645278,1.1536064754550273,1.1301514267262651,1.2843988187149245,3.0
2024-12-19,2024-12-19,1.0357,157.73,1.253,1.4366,0.8994,11.0432,-0.010698,0.024221,-0.013075,0.002163,0.006378,0.006572,85.521691,87.415598,70.550941,90.830011,85.939023,102.55726,77.478448,-0.011351,5.0,2021-07-01,3.3587499999999997,4.15625,2024-12-19,317.603,4.1,4.48,4.57,4.32,4.27,0.25,103.0447,691312.0,21441.9,23542.349,124.769,74.0,1.41,253.423,5.0,2024-12-19,21.61,24.12,20.16,24.09,0.0,VIX,-0.1278059377262853,5.0,2024-12-19,1.557650644062516,2.0009071827138754,1778412511608.6145,1.7293303651052818,1.1396959967094158,1.114822440050756,1.2727871487174875,5.0
2024-12-24,2024-12-24,1.0388,157.29,1.2528,1.4383,0.9009,11.1178,-0.002017,0.001592,-8e-05,-0.000486,0.002002,0.006983,85.66029,87.677245,70.748299,90.815513,85.837447,102.386502,76.958571,-0.001683,3.0,2021-07-01,3.3587499999999997,4.15625,2024-12-24,317.603,4.1,4.48,4.59,4.29,4.27,0.3,103.0447,691312.0,21441.9,23542.349,124.769,74.0,1.41,253.423,3.0,2024-12-24,16.97,17.04,14.28,14.28,0.0,VIX,-0.1489868891537545,3.0,2024-12-24,1.5680521186148064,2.019500792241959,3402270448415.0635,1.7431378249047391,1.151779733421972,1.1281047729089746,1.282949439129888,3.0
2024-12-30,2024-12-30,1.0386,157.26,1.2523,1.4374,0.9066,11.0363,-0.00355,-0.00298,-0.003977,-0.004088,0.005323,0.003784,85.653675,87.660365,70.761796,90.779268,85.891192,101.742775,77.526889,-0.002262,2.0,2021-07-01,3.3587499999999997,4.15625,2024-12-30,317.603,4.1,4.48,4.55,4.24,4.27,0.31,103.0447,691312.0,21441.9,23542.349,124.769,74.0,1.41,253.423,2.0,2024-12-30,17.21,19.22,16.44,17.4,0.0,VIX,0.0909090909090908,2.0,2024-12-30,1.5893606160357003,2.0578576721021613,12858657500263.195,1.771529370009395,1.176780370180765,1.1556600382622595,1.3038456163269148,2.0
2024-12-31,2024-12-31,1.0351,157.37,1.2521,1.44,0.9068,11.0676,-0.00337,0.000699,-0.00016,0.001809,0.000221,0.002836,85.450939,87.364956,70.712334,90.76477,85.736111,101.720335,77.307637,-0.002367,3.0,2021-07-01,3.3587499999999997,4.15625,2024-12-31,317.603,4.1,4.48,4.58,4.25,4.27,0.33,103.0447,691312.0,21441.9,23542.349,124.769,74.0,1.41,253.423,3.0,2024-12-31,17.39,17.81,16.68,17.35,0.0,VIX,-0.0028735632183906,3.0,2024-12-31,1.5909416014867792,2.060696043575231,14155112533776.826,1.773632156055179,1.178629818347993,1.157698607000809,1.3053932668566115,3.0
2025-01-10,2025-01-10,1.0238,157.68,1.2215,1.4437,0.9172,11.2225,-0.005826,-0.002088,-0.007153,0.002987,0.005261,0.006376,84.512375,86.411209,70.573313,88.546575,85.516382,100.566943,76.240588,-0.004831,6.0,2021-07-01,3.3587499999999997,4.15625,2025-01-10,319.086,4.0,4.33,4.77,4.4,4.21,0.37,102.9343,566662.0,21519.8,23512.717,125.239,71.7,1.45,257.36,6.0,2025-01-10,18.29,20.31,18.05,19.54,0.0,VIX,0.081350304371887,6.0,2025-01-10,1.5661271065051496,2.0155647992298973,2841684582270.168,1.7403690519477708,1.1491197310207737,1.125092936638442,1.2809116222335593,6.0
2025-01-17,2025-01-17,1.0287,156.3,1.2181,1.442,0.9148,11.1712,-0.001553,0.005533,-0.005308,0.002991,0.004171,0.002909,84.839382,86.824781,71.196417,88.300109,85.617198,100.830783,76.590698,-0.002765,6.0,2021-07-01,3.3587499999999997,4.15625,2025-01-17,319.086,4.0,4.33,4.61,4.27,4.21,0.34,102.9343,566662.0,21519.8,23512.717,125.239,71.7,1.45,257.36,6.0,2025-01-17,16.19,16.23,15.53,15.81,0.0,VIX,-0.0475903614457832,6.0,2025-01-17,1.578640335637037,2.0379526817890747,6151269732707.258,1.7569852347867785,1.163678965156422,1.14110831908898,1.2931411328030689,6.0
2025-01-21,2025-01-21,1.0423,155.49,1.2331,1.4328,0.9069,10.9948,0.013221,-0.005182,0.012314,-0.00638,-0.008636,-0.015791,85.813649,87.972654,71.567303,89.387459,86.166946,101.709119,77.819515,0.011484,3.0,2021-07-01,3.3587499999999997,4.15625,2025-01-21,319.086,4.0,4.33,4.57,4.29,4.21,0.28,102.9343,566662.0,21519.8,23512.717,125.239,71.7,1.45,257.36,3.0,2025-01-21,16.29,16.29,14.93,15.06,0.0,VIX,-0.047438330170778,3.0,2025-01-21,1.5884986926476974,2.055680471685864,11310601961898.06,1.7701118201293908,1.1752320371690217,1.153841707699386,1.3028022996152318,3.0
2025-01-27,2025-01-27,1.0492,154.22,1.2479,1.4388,0.9006,10.9416,-0.002187,-0.008741,-0.00136,0.003977,-0.004202,0.003181,86.365727,88.55503,72.156659,90.460312,85.807617,102.420608,78.197887,-0.000772,2.0,2021-07-01,3.3587499999999997,4.15625,2025-01-27,319.086,4.0,4.33,4.53,4.17,4.21,0.36,102.9343,566662.0,21519.8,23512.717,125.239,71.7,1.45,257.36,2.0,2025-01-27,18.83,22.51,17.57,17.9,0.0,VIX,0.2053872053872052,2.0,2025-01-27,1.5811457442341834,2.0422045532085407,6969816352964.664,1.760212245387759,1.166397408142117,1.144059077476919,1.2955162126053903,2.0
2025-01-30,2025-01-30,1.042,154.42,1.2453,1.4411,0.9085,11.0132,0.000384,-0.005154,0.001448,-0.001455,0.000881,0.001027,85.914678,87.947333,72.063204,90.271838,85.670668,101.529994,77.6895,0.001052,5.0,2021-07-01,3.3587499999999997,4.15625,2025-01-30,319.086,4.0,4.33,4.52,4.18,4.21,0.34,102.9343,566662.0,21519.8,23512.717,125.239,71.7,1.45,257.36,5.0,2025-01-30,15.93,16.42,15.32,15.84,0.0,VIX,-0.0434782608695651,5.0,2025-01-30,1.5900675488778386,2.0582715212462426,12111673152943.098,1.772101470059776,1.1768736736632983,1.15561090215801,1.3042666819639954,5.0
2025-02-11,2025-02-11,1.0346,152.37,1.2423,1.4308,0.9133,10.8677,0.003297,0.004284,0.003068,-0.000629,0.002525,-0.004598,85.741497,87.322755,73.032749,90.054368,86.287392,100.996387,78.72963,0.001945,3.0,2021-07-01,3.3587499999999997,4.15625,2025-02-11,319.775,4.1,4.33,4.54,4.29,4.22,0.25,104.0003,543970.0,21613.5,23512.717,125.772,64.7,1.47,259.529,3.0,2025-02-11,16.13,16.42,15.75,16.02,0.0,VIX,0.0132827324478177,3.0,2025-02-11,1.5891565186159795,2.056285188025855,10984415889860.072,1.7707386900935715,1.1755072753942053,1.1540427452807105,1.3032636759088687,3.0
2025-02-13,2025-02-13,1.0428,153.18,1.2528,1.423,0.9048,10.7798,0.003464,-0.009313,0.00675,-0.004059,-0.008981,-0.008973,86.282362,88.014855,72.64656,90.815513,86.760365,101.945181,79.371602,0.00506,5.0,2021-07-01,3.3587499999999997,4.15625,2025-02-13,319.775,4.1,4.33,4.52,4.31,4.22,0.21,104.0003,543970.0,21613.5,23512.717,125.772,64.7,1.47,259.529,5.0,2025-02-13,15.97,16.33,14.98,15.1,0.0,VIX,-0.0497168030207678,5.0,2025-02-13,1.5929176503276194,2.0630457017597656,13820354926569.3,1.775744805028375,1.1799137126674202,1.1589007599661465,1.306948176500884,5.0
2025-02-14,2025-02-14,1.0498,152.25,1.2609,1.417,0.8983,10.696,0.006713,-0.006071,0.006466,-0.004216,-0.007184,-0.007774,86.839,88.605672,73.090312,91.402682,87.127735,102.682845,79.993455,0.006451,6.0,2021-07-01,3.3587499999999997,4.15625,2025-02-14,319.775,4.1,4.33,4.47,4.26,4.22,0.21,104.0003,543970.0,21613.5,23512.717,125.772,64.7,1.47,259.529,6.0,2025-02-14,15.08,15.42,14.74,15.37,0.0,VIX,0.0178807947019867,6.0,2025-02-14,1.59685142897989,2.07015376865293,17626920591669.918,1.7809963301128553,1.1845551634047815,1.1640257143138628,1.3108132989630616,6.0
2025-02-25,2025-02-25,1.0498,149.09,1.2652,1.43,0.8928,10.602,0.001909,-0.003209,0.000949,0.005343,-0.004238,-0.004516,87.067262,88.605672,74.63948,91.714389,86.335664,103.315412,80.702698,0.001487,3.0,2021-07-01,3.3587499999999997,4.15625,2025-02-25,319.775,4.1,4.33,4.3,4.07,4.22,0.23,104.0003,543970.0,21613.5,23512.717,125.772,64.7,1.47,259.529,3.0,2025-02-25,19.09,21.48,18.85,19.43,0.0,VIX,0.023709167544784,3.0,2025-02-25,1.6020180894266969,2.079226106408917,23463413941190.39,1.787779832166824,1.190426288057105,1.170463561029123,1.3158059564747824,3.0
2025-02-26,2025-02-26,1.0514,149.13,1.2696,1.4346,0.8931,10.6134,0.001524,0.000268,0.003478,0.003217,0.000336,0.001075,87.150199,88.740716,74.61946,92.033345,86.058832,103.280708,80.616014,0.000953,4.0,2021-07-01,3.3587499999999997,4.15625,2025-02-26,319.775,4.1,4.33,4.25,4.05,4.22,0.2,104.0003,543970.0,21613.5,23512.717,125.772,64.7,1.47,259.529,4.0,2025-02-26,18.96,20.06,17.83,19.1,0.0,VIX,-0.0169840452907873,4.0,2025-02-26,1.5993746370291435,2.0743962530067765,19824793659116.703,1.7842283189682857,1.1872607595028133,1.1669576850983403,1.3131920427606585,4.0
2025-03-04,2025-03-04,1.0534,148.81,1.2726,1.4515,0.89,10.5341,0.00362,-0.00899,0.00118,0.008056,-0.008025,0.000874,87.24239,88.909521,74.779921,92.250816,85.056838,103.640449,81.222886,0.002917,3.0,2021-07-01,3.3587499999999997,4.15625,2025-03-04,319.615,4.2,4.33,4.22,3.96,4.2,0.26,103.7483,624954.0,21706.4,23512.717,125.791,57.0,1.65,258.573,3.0,2025-03-04,22.96,26.35,21.71,23.51,0.0,VIX,0.0320456540825284,3.0,2025-03-04,1.5919609833207071,2.0607788651446426,12208480457854.184,1.7742359378052082,1.1783234349077134,1.1570502973534555,1.3058376502246332,3.0
2025-03-13,2025-03-13,1.0859,147.71,1.2945,1.4398,0.8849,10.1867,-0.006041,-0.004113,-0.001928,6.9e-05,0.002492,0.013945,89.287796,91.6526,75.336809,93.838347,85.748021,104.237767,83.992853,-0.004009,5.0,2021-07-01,3.3587499999999997,4.15625,2025-03-13,319.615,4.2,4.33,4.27,3.94,4.2,0.33,103.7483,624954.0,21706.4,23512.717,125.791,57.0,1.65,258.573,5.0,2025-03-13,24.92,26.13,23.46,24.66,0.0,VIX,0.0177465951300042,5.0,2025-03-13,1.5664734847036752,2.0144900599673026,2358151088331.9126,1.7400973859418594,1.148073801348357,1.123644897629098,1.280711676053209,5.0
2025-04-14,2025-04-14,1.1358,142.96,1.3176,1.3892,0.8139,9.7743,0.002914,-0.004249,0.009578,-0.000216,-0.001717,-0.004613,93.013832,95.864281,77.839955,95.512867,88.871293,113.330876,87.536703,0.003657,2.0,2021-07-01,3.3587499999999997,4.15625,2025-04-14,320.321,4.2,4.33,4.38,3.84,4.21,0.54,103.8216,623545.0,21862.4,23512.717,125.939,52.2,1.9,258.603,2.0,2025-04-14,34.76,35.17,29.75,30.89,0.0,VIX,-0.1775825346112886,2.0,2025-04-14,1.5455625095571763,1.9760826899753756,552279146233.7313,1.7118878531977733,1.1229179416945865,1.0958359092340564,1.2599494599535612,2.0
2025-04-23,2025-04-23,1.135,142.64,1.3256,1.3894,0.8271,9.6529,-0.010117,0.012565,-0.008971,0.006958,0.014847,0.017476,93.04766,95.796759,78.014582,96.092787,88.8585,111.522186,88.637611,-0.01044,4.0,2021-07-01,3.3587499999999997,4.15625,2025-04-23,320.321,4.2,4.33,4.4,3.81,4.21,0.59,103.8216,623545.0,21862.4,23512.717,125.939,52.2,1.9,258.603,4.0,2025-04-23,28.75,30.29,27.11,28.45,0.0,VIX,-0.0693490350016355,4.0,2025-04-23,1.5643848585977085,2.009610133690764,1797664886168.785,1.7368294484420652,1.1446680305877657,1.1197005583181892,1.27830647405336,4.0
2025-04-29,2025-04-29,1.1396,142.29,1.3397,1.3853,0.8241,9.6166,0.00079,-0.002873,0.000149,-0.000289,-0.001575,-0.000385,93.471621,96.18501,78.20648,97.114897,89.12149,111.928164,88.972194,0.000923,3.0,2021-07-01,3.3587499999999997,4.15625,2025-04-29,320.321,4.2,4.33,4.19,3.65,4.21,0.54,103.8216,623545.0,21862.4,23512.717,125.939,52.2,1.9,258.603,3.0,2025-04-29,24.76,25.99,23.76,24.17,0.0,VIX,-0.0389662027833001,3.0,2025-04-29,1.5619723241486745,2.005109093199358,1509778547359.8142,1.7335450677662998,1.1417052022679528,1.116412146696676,1.2758891698759969,3.0
2025-05-02,2025-05-02,1.133,144.52,1.3283,1.379,0.8262,9.6242,0.004522,-0.006599,0.000753,-0.004116,-0.00709,-0.014964,92.912157,95.627954,76.999723,96.28851,89.528644,111.64367,88.901935,0.004797,6.0,2021-07-01,3.3587499999999997,4.15625,2025-05-02,320.58,4.2,4.33,4.33,3.83,4.25,0.5,103.5948,648397.0,21942.0,23512.717,126.11,52.2,1.87,259.033,6.0,2025-05-02,23.63,24.32,22.34,22.68,0.0,VIX,-0.0780487804878049,6.0,2025-05-02,1.5582047350819912,1.9982598000407423,1173944301926.3018,1.7284933053350309,1.1372326109414512,1.111478990292584,1.272171072726583,6.0
2025-05-13,2025-05-13,1.1176,147.75,1.328,1.3958,0.8412,9.7296,0.006303,-0.002296,0.006518,-0.003214,-0.00178,-0.008408,91.721778,94.328157,75.316413,96.266763,88.451067,109.652877,87.938867,0.005503,3.0,2021-07-01,3.3587499999999997,4.15625,2025-05-13,320.58,4.2,4.33,4.49,4.02,4.25,0.47,103.5948,648397.0,21942.0,23512.717,126.11,52.2,1.87,259.033,3.0,2025-05-13,18.69,18.85,17.65,18.22,0.0,VIX,-0.0092441544317565,3.0,2025-05-13,1.590841670222645,2.0567921838399736,8991158636114.215,1.7718956906918035,1.1753190574428014,1.153388834102828,1.3041152283491677,3.0
2025-05-23,2025-05-23,1.135,142.61,1.3511,1.3755,0.8214,9.5304,0.006116,-0.008896,0.006331,-0.007289,-0.009287,-0.009952,93.427288,95.796759,78.030994,97.941283,89.756452,112.29608,89.776924,0.006873,6.0,2021-07-01,3.3587499999999997,4.15625,2025-05-23,320.58,4.2,4.33,4.51,4.0,4.25,0.51,103.5948,648397.0,21942.0,23512.717,126.11,52.2,1.87,259.033,6.0,2025-05-23,20.14,25.53,19.83,20.57,0.0,VIX,0.0142998027613412,6.0,2025-05-23,1.6470614461615296,2.1589736716375225,280211348442551.9,1.8471749909759985,1.2422235434025777,1.2274583523629263,1.3595207933583349,6.0
2025-05-27,2025-05-27,1.1326,144.37,1.3505,1.3776,0.8278,9.6267,-0.002115,0.012341,-0.000444,0.001527,0.007792,0.010105,93.094636,95.594193,77.079726,97.897789,89.619628,111.427881,88.878847,-0.003561,3.0,2021-07-01,3.3587499999999997,4.15625,2025-05-27,320.58,4.2,4.33,4.43,3.92,4.25,0.51,103.5948,648397.0,21942.0,23512.717,126.11,52.2,1.87,259.033,3.0,2025-05-27,20.63,21.01,18.95,18.96,0.0,VIX,-0.078269324258629,3.0,2025-05-27,1.6129294816916744,2.0964839278648,34056332986573.06,1.8012870423688887,1.2011942742698962,1.1819240478373616,1.325747263183502,3.0
2025-05-30,2025-05-30,1.1347,144.18,1.3468,1.3747,0.8229,9.5915,-0.002023,0.000625,-0.001557,-0.00449,0.000243,0.00403,93.233416,95.771438,77.181301,97.629576,89.808686,112.091384,89.205025,-0.001241,6.0,2021-07-01,3.3587499999999997,4.15625,2025-05-30,320.58,4.2,4.33,4.41,3.89,4.25,0.52,103.5948,648397.0,21942.0,23512.717,126.11,52.2,1.87,259.033,6.0,2025-05-30,19.61,20.55,18.57,18.57,0.0,VIX,-0.0318039624608967,6.0,2025-05-30,1.6190066410140105,2.107465011497831,49106457715894.46,1.809397424529261,1.20836985379683,1.1898548647663565,1.3317165044535362,6.0
2025-06-03,2025-06-03,1.1373,143.93,1.352,1.3722,0.8242,9.6156,-0.005161,0.008196,-0.00214,0.001679,0.008442,0.008337,93.422041,95.990885,77.315362,98.006524,89.972307,111.914584,88.981447,-0.005079,3.0,2021-07-01,3.3587499999999997,4.15625,2025-06-03,320.58,4.1,4.33,4.46,3.96,4.23,0.5,103.5948,648397.0,21942.0,23512.717,126.11,52.2,1.77,259.033,3.0,2025-06-03,18.83,19.21,17.64,17.69,0.0,VIX,-0.0364923747276687,3.0,2025-06-03,1.6331044256003486,2.1330852363621675,115298977515619.31,1.828270909045654,1.2251491819123053,1.2084379027780403,1.3456073890576017,3.0
2025-06-04,2025-06-04,1.1424,142.91,1.357,1.3668,0.8183,9.5678,0.004484,-0.007087,0.003698,-0.003935,-0.007158,-0.004971,93.868229,96.421337,77.867189,98.368974,90.327773,112.721496,89.425991,0.004776,4.0,2021-07-01,3.3587499999999997,4.15625,2025-06-04,320.58,4.1,4.33,4.37,3.87,4.23,0.5,103.5948,648397.0,21942.0,23512.717,126.11,52.2,1.77,259.033,4.0,2025-06-04,17.68,18.07,17.41,17.61,0.0,VIX,-0.0045223289994348,4.0,2025-06-04,1.6284055767558396,2.124468913097497,86144302867085.73,1.8219478710695576,1.219489085566702,1.2021538580894289,1.3409536331071945,4.0
2025-06-17,2025-06-17,1.1535,145.04,1.3516,1.3587,0.8141,9.495,-0.003972,0.006244,-0.006176,0.002287,0.003204,0.00335,94.304498,97.358204,76.723662,97.977528,90.866269,113.303034,90.111638,-0.004286,3.0,2021-07-01,3.3587499999999997,4.15625,2025-06-17,320.58,4.1,4.33,4.39,3.94,4.23,0.45,103.5948,648397.0,21942.0,23512.717,126.11,52.2,1.77,259.033,3.0,2025-06-17,20.53,21.79,19.55,21.6,0.0,VIX,0.1302982731554161,3.0,2025-06-17,1.6507741526199655,2.1650539838085443,322653171975218.2,1.8518579105179132,1.2460713242239811,1.2316056526902794,1.362967422141184,3.0
2025-06-25,2025-06-25,1.162,145.59,1.3626,1.375,0.8057,9.5127,0.001034,0.004762,0.000734,0.002844,0.000994,-0.00237,94.710663,98.075625,76.433821,98.774918,89.789091,114.484299,89.94397,-1e-05,4.0,2021-07-01,3.3587499999999997,4.15625,2025-06-25,320.58,4.1,4.33,4.29,3.74,4.23,0.55,103.5948,648397.0,21942.0,23512.717,126.11,52.2,1.77,259.033,4.0,2025-06-25,17.28,17.51,16.68,16.76,0.0,VIX,-0.0411899313501143,4.0,2025-06-25,1.7123057395574366,2.2786236712492034,1.2201402473201352e+16,1.934890644356346,1.3209971732098371,1.3151817430242336,1.4240795142462708,4.0
2025-06-26,2025-06-26,1.1717,144.34,1.3754,1.3629,0.799,9.4832,0.008348,-0.008586,0.009394,-0.0088,-0.008316,-0.003101,95.501528,98.894328,77.095746,99.702791,90.58625,115.444305,90.223764,0.00835,5.0,2021-07-01,3.3587499999999997,4.15625,2025-06-26,320.58,4.1,4.33,4.26,3.7,4.23,0.56,103.5948,648397.0,21942.0,23512.717,126.11,52.2,1.77,259.033,5.0,2025-06-26,16.67,16.78,16.11,16.59,0.0,VIX,-0.0101431980906921,5.0,2025-06-26,1.6973547752440323,2.250787733905509,5059175436751729.0,1.9146220194392656,1.3025641880200665,1.2945485047152716,1.4091618063072997,5.0
2020-07-02,2021-07-02,1.0860103896103894,138.36648351648353,1.2723084915084917,1.3387159840159841,0.9065211788211788,10.189976423576423,1.7420000000000074e-06,0.000282524,1.5157000000000018e-05,0.000107107,-0.000131059,0.00012570300000000004,90.46100674725275,91.66191675824176,81.37544374425573,92.22968404295705,92.36440729770229,101.95294091808192,84.4257861978022,-3.467600000000001e-05,4.033966033966034,2021-07-01,3.3587499999999997,4.15625,2021-07-02,302.7755117227319,3.8927624872579,3.581304791029561,3.5051348651348655,3.5293306693306694,3.61592252803262,-0.024195804195804214,102.57233200815496,589797.0968399593,21238.371967380222,22732.834846481874,119.76254026503567,65.20672782874617,1.8339653414882773,256.22076962283387,4.033966033966034,2020-07-02,28.33,28.44,25.9,27.68,0.0,VIX,-0.0328441649196367,5.0,2021-07-02,1.3055136886294159,1.5801088207870895,43769606179769.55,1.4065100494773115,0.8743551058358242,0.8313589939484075,1.0351913964153014,4.033966033966034
2020-07-07,2021-07-02,1.0860103896103894,138.36648351648353,1.2723084915084917,1.3387159840159841,0.9065211788211788,10.189976423576423,1.7420000000000074e-06,0.000282524,1.5157000000000018e-05,0.000107107,-0.000131059,0.00012570300000000004,90.46100674725275,91.66191675824176,81.37544374425573,92.22968404295705,92.36440729770229,101.95294091808192,84.4257861978022,-3.467600000000001e-05,4.033966033966034,2021-07-01,3.3587499999999997,4.15625,2021-07-02,302.7755117227319,3.8927624872579,3.581304791029561,3.5051348651348655,3.5293306693306694,3.61592252803262,-0.024195804195804214,102.57233200815496,589797.0968399593,21238.371967380222,22732.834846481874,119.76254026503567,65.20672782874617,1.8339653414882773,256.22076962283387,4.033966033966034,2020-07-07,28.77,29.63,27.25,29.43,0.0,VIX,0.0533285612025768,3.0,2021-07-02,1.3055136886294159,1.5801088207870895,43769606179769.55,1.4065100494773115,0.8743551058358242,0.8313589939484075,1.0351913964153014,4.033966033966034
2020-07-14,2021-07-02,1.0860103896103894,138.36648351648353,1.2723084915084917,1.3387159840159841,0.9065211788211788,10.189976423576423,1.7420000000000074e-06,0.000282524,1.5157000000000018e-05,0.000107107,-0.000131059,0.00012570300000000004,90.46100674725275,91.66191675824176,81.37544374425573,92.22968404295705,92.36440729770229,101.95294091808192,84.4257861978022,-3.467600000000001e-05,4.033966033966034,2021-07-01,3.3587499999999997,4.15625,2021-07-02,302.7755117227319,3.8927624872579,3.581304791029561,3.5051348651348655,3.5293306693306694,3.61592252803262,-0.024195804195804214,102.57233200815496,589797.0968399593,21238.371967380222,22732.834846481874,119.76254026503567,65.20672782874617,1.8339653414882773,256.22076962283387,4.033966033966034,2020-07-14,31.14,33.67,29.21,29.52,0.0,VIX,-0.0829450139794967,3.0,2021-07-02,1.3055136886294159,1.5801088207870895,43769606179769.55,1.4065100494773115,0.8743551058358242,0.8313589939484075,1.0351913964153014,4.033966033966034
2020-07-15,2021-07-02,1.0860103896103894,138.36648351648353,1.2723084915084917,1.3387159840159841,0.9065211788211788,10.189976423576423,1.7420000000000074e-06,0.000282524,1.5157000000000018e-05,0.000107107,-0.000131059,0.00012570300000000004,90.46100674725275,91.66191675824176,81.37544374425573,92.22968404295705,92.36440729770229,101.95294091808192,84.4257861978022,-3.467600000000001e-05,4.033966033966034,2021-07-01,3.3587499999999997,4.15625,2021-07-02,302.7755117227319,3.8927624872579,3.581304791029561,3.5051348651348655,3.5293306693306694,3.61592252803262,-0.024195804195804214,102.57233200815496,589797.0968399593,21238.371967380222,22732.834846481874,119.76254026503567,65.20672782874617,1.8339653414882773,256.22076962283387,4.033966033966034,2020-07-15,29.15,30.09,27.17,27.76,0.0,VIX,-0.0596205962059619,4.0,2021-07-02,1.3055136886294159,1.5801088207870895,43769606179769.55,1.4065100494773115,0.8743551058358242,0.8313589939484075,1.0351913964153014,4.033966033966034
2020-08-05,2021-07-02,1.0860103896103894,138.36648351648353,1.2723084915084917,1.3387159840159841,0.9065211788211788,10.189976423576423,1.7420000000000074e-06,0.000282524,1.5157000000000018e-05,0.000107107,-0.000131059,0.00012570300000000004,90.46100674725275,91.66191675824176,81.37544374425573,92.22968404295705,92.36440729770229,101.95294091808192,84.4257861978022,-3.467600000000001e-05,4.033966033966034,2021-07-01,3.3587499999999997,4.15625,2021-07-02,302.7755117227319,3.8927624872579,3.581304791029561,3.5051348651348655,3.5293306693306694,3.61592252803262,-0.024195804195804214,102.57233200815496,589797.0968399593,21238.371967380222,22732.834846481874,119.76254026503567,65.20672782874617,1.8339653414882773,256.22076962283387,4.033966033966034,2020-08-05,23.44,23.61,22.86,22.99,0.0,VIX,-0.0324074074074075,4.0,2021-07-02,1.3055136886294159,1.5801088207870895,43769606179769.55,1.4065100494773115,0.8743551058358242,0.8313589939484075,1.0351913964153014,4.033966033966034
2020-08-06,2021-07-02,1.0860103896103894,138.36648351648353,1.2723084915084917,1.3387159840159841,0.9065211788211788,10.189976423576423,1.7420000000000074e-06,0.000282524,1.5157000000000018e-05,0.000107107,-0.000131059,0.00012570300000000004,90.46100674725275,91.66191675824176,81.37544374425573,92.22968404295705,92.36440729770229,101.95294091808192,84.4257861978022,-3.467600000000001e-05,4.033966033966034,2021-07-01,3.3587499999999997,4.15625,2021-07-02,302.7755117227319,3.8927624872579,3.581304791029561,3.5051348651348655,3.5293306693306694,3.61592252803262,-0.024195804195804214,102.57233200815496,589797.0968399593,21238.371967380222,22732.834846481874,119.76254026503567,65.20672782874617,1.8339653414882773,256.22076962283387,4.033966033966034,2020-08-06,23.03,24.11,20.97,22.65,0.0,VIX,-0.0147890387124837,5.0,2021-07-02,1.3055136886294159,1.5801088207870895,43769606179769.55,1.4065100494773115,0.8743551058358242,0.8313589939484075,1.0351913964153014,4.033966033966034
2020-08-07,2021-07-02,1.0860103896103894,138.36648351648353,1.2723084915084917,1.3387159840159841,0.9065211788211788,10.189976423576423,1.7420000000000074e-06,0.000282524,1.5157000000000018e-05,0.000107107,-0.000131059,0.00012570300000000004,90.46100674725275,91.66191675824176,81.37544374425573,92.22968404295705,92.36440729770229,101.95294091808192,84.4257861978022,-3.467600000000001e-05,4.033966033966034,2021-07-01,3.3587499999999997,4.15625,2021-07-02,302.7755117227319,3.8927624872579,3.581304791029561,3.5051348651348655,3.5293306693306694,3.61592252803262,-0.024195804195804214,102.57233200815496,589797.0968399593,21238.371967380222,22732.834846481874,119.76254026503567,65.20672782874617,1.8339653414882773,256.22076962283387,4.033966033966034,2020-08-07,23.45,24.02,22.02,22.21,0.0,VIX,-0.0194260485651213,6.0,2021-07-02,1.3055136886294159,1.5801088207870895,43769606179769.55,1.4065100494773115,0.8743551058358242,0.8313589939484075,1.0351913964153014,4.033966033966034
2020-08-11,2021-07-02,1.0860103896103894,138.36648351648353,1.2723084915084917,1.3387159840159841,0.9065211788211788,10.189976423576423,1.7420000000000074e-06,0.000282524,1.5157000000000018e-05,0.000107107,-0.000131059,0.00012570300000000004,90.46100674725275,91.66191675824176,81.37544374425573,92.22968404295705,92.36440729770229,101.95294091808192,84.4257861978022,-3.467600000000001e-05,4.033966033966034,2021-07-01,3.3587499999999997,4.15625,2021-07-02,302.7755117227319,3.8927624872579,3.581304791029561,3.5051348651348655,3.5293306693306694,3.61592252803262,-0.024195804195804214,102.57233200815496,589797.0968399593,21238.371967380222,22732.834846481874,119.76254026503567,65.20672782874617,1.8339653414882773,256.22076962283387,4.033966033966034,2020-08-11,21.85,24.93,20.28,24.03,0.0,VIX,0.0858563036601898,3.0,2021-07-02,1.3055136886294159,1.5801088207870895,43769606179769.55,1.4065100494773115,0.8743551058358242,0.8313589939484075,1.0351913964153014,4.033966033966034
2020-08-17,2021-07-02,1.0860103896103894,138.36648351648353,1.2723084915084917,1.3387159840159841,0.9065211788211788,10.189976423576423,1.7420000000000074e-06,0.000282524,1.5157000000000018e-05,0.000107107,-0.000131059,0.00012570300000000004,90.46100674725275,91.66191675824176,81.37544374425573,92.22968404295705,92.36440729770229,101.95294091808192,84.4257861978022,-3.467600000000001e-05,4.033966033966034,2021-07-01,3.3587499999999997,4.15625,2021-07-02,302.7755117227319,3.8927624872579,3.581304791029561,3.5051348651348655,3.5293306693306694,3.61592252803262,-0.024195804195804214,102.57233200815496,589797.0968399593,21238.371967380222,22732.834846481874,119.76254026503567,65.20672782874617,1.8339653414882773,256.22076962283387,4.033966033966034,2020-08-17,22.52,22.82,21.34,21.35,0.0,VIX,-0.0317460317460317,2.0,2021-07-02,1.3055136886294159,1.5801088207870895,43769606179769.55,1.4065100494773115,0.8743551058358242,0.8313589939484075,1.0351913964153014,4.033966033966034
2020-08-18,2021-07-02,1.0860103896103894,138.36648351648353,1.2723084915084917,1.3387159840159841,0.9065211788211788,10.189976423576423,1.7420000000000074e-06,0.000282524,1.5157000000000018e-05,0.000107107,-0.000131059,0.00012570300000000004,90.46100674725275,91.66191675824176,81.37544374425573,92.22968404295705,92.36440729770229,101.95294091808192,84.4257861978022,-3.467600000000001e-05,4.033966033966034,2021-07-01,3.3587499999999997,4.15625,2021-07-02,302.7755117227319,3.8927624872579,3.581304791029561,3.5051348651348655,3.5293306693306694,3.61592252803262,-0.024195804195804214,102.57233200815496,589797.0968399593,21238.371967380222,22732.834846481874,119.76254026503567,65.20672782874617,1.8339653414882773,256.22076962283387,4.033966033966034,2020-08-18,21.69,22.55,21.18,21.51,0.0,VIX,0.0074941451990633,3.0,2021-07-02,1.3055136886294159,1.5801088207870895,43769606179769.55,1.4065100494773115,0.8743551058358242,0.8313589939484075,1.0351913964153014,4.033966033966034
2020-08-19,2021-07-02,1.0860103896103894,138.36648351648353,1.2723084915084917,1.3387159840159841,0.9065211788211788,10.189976423576423,1.7420000000000074e-06,0.000282524,1.5157000000000018e-05,0.000107107,-0.000131059,0.00012570300000000004,90.46100674725275,91.66191675824176,81.37544374425573,92.22968404295705,92.36440729770229,101.95294091808192,84.4257861978022,-3.467600000000001e-05,4.033966033966034,2021-07-01,3.3587499999999997,4.15625,2021-07-02,302.7755117227319,3.8927624872579,3.581304791029561,3.5051348651348655,3.5293306693306694,3.61592252803262,-0.024195804195804214,102.57233200815496,589797.0968399593,21238.371967380222,22732.834846481874,119.76254026503567,65.20672782874617,1.8339653414882773,256.22076962283387,4.033966033966034,2020-08-19,21.6,22.98,20.99,22.54,0.0,VIX,0.0478847047884702,4.0,2021-07-02,1.3055136886294159,1.5801088207870895,43769606179769.55,1.4065100494773115,0.8743551058358242,0.8313589939484075,1.0351913964153014,4.033966033966034
2020-09-03,2021-07-02,1.0860103896103894,138.36648351648353,1.2723084915084917,1.3387159840159841,0.9065211788211788,10.189976423576423,1.7420000000000074e-06,0.000282524,1.5157000000000018e-05,0.000107107,-0.000131059,0.00012570300000000004,90.46100674725275,91.66191675824176,81.37544374425573,92.22968404295705,92.36440729770229,101.95294091808192,84.4257861978022,-3.467600000000001e-05,4.033966033966034,2021-07-01,3.3587499999999997,4.15625,2021-07-02,302.7755117227319,3.8927624872579,3.581304791029561,3.5051348651348655,3.5293306693306694,3.61592252803262,-0.024195804195804214,102.57233200815496,589797.0968399593,21238.371967380222,22732.834846481874,119.76254026503567,65.20672782874617,1.8339653414882773,256.22076962283387,4.033966033966034,2020-09-03,26.28,35.94,25.66,33.6,0.0,VIX,0.264584117425668,5.0,2021-07-02,1.3055136886294159,1.5801088207870895,43769606179769.55,1.4065100494773115,0.8743551058358242,0.8313589939484075,1.0351913964153014,4.033966033966034
2020-09-09,2021-07-02,1.0860103896103894,138.36648351648353,1.2723084915084917,1.3387159840159841,0.9065211788211788,10.189976423576423,1.7420000000000074e-06,0.000282524,1.5157000000000018e-05,0.000107107,-0.000131059,0.00012570300000000004,90.46100674725275,91.66191675824176,81.37544374425573,92.22968404295705,92.36440729770229,101.95294091808192,84.4257861978022,-3.467600000000001e-05,4.033966033966034,2021-07-01,3.3587499999999997,4.15625,2021-07-02,302.7755117227319,3.8927624872579,3.581304791029561,3.5051348651348655,3.5293306693306694,3.61592252803262,-0.024195804195804214,102.57233200815496,589797.0968399593,21238.371967380222,22732.834846481874,119.76254026503567,65.20672782874617,1.8339653414882773,256.22076962283387,4.033966033966034,2020-09-09,31.68,31.78,28.12,28.81,0.0,VIX,-0.0842339478703115,4.0,2021-07-02,1.3055136886294159,1.5801088207870895,43769606179769.55,1.4065100494773115,0.8743551058358242,0.8313589939484075,1.0351913964153014,4.033966033966034
2020-09-15,2021-07-02,1.0860103896103894,138.36648351648353,1.2723084915084917,1.3387159840159841,0.9065211788211788,10.189976423576423,1.7420000000000074e-06,0.000282524,1.5157000000000018e-05,0.000107107,-0.000131059,0.00012570300000000004,90.46100674725275,91.66191675824176,81.37544374425573,92.22968404295705,92.36440729770229,101.95294091808192,84.4257861978022,-3.467600000000001e-05,4.033966033966034,2021-07-01,3.3587499999999997,4.15625,2021-07-02,302.7755117227319,3.8927624872579,3.581304791029561,3.5051348651348655,3.5293306693306694,3.61592252803262,-0.024195804195804214,102.57233200815496,589797.0968399593,21238.371967380222,22732.834846481874,119.76254026503567,65.20672782874617,1.8339653414882773,256.22076962283387,4.033966033966034,2020-09-15,25.92,26.0,24.92,25.59,0.0,VIX,-0.0100580270793037,3.0,2021-07-02,1.3055136886294159,1.5801088207870895,43769606179769.55,1.4065100494773115,0.8743551058358242,0.8313589939484075,1.0351913964153014,4.033966033966034
2020-09-16,2021-07-02,1.0860103896103894,138.36648351648353,1.2723084915084917,1.3387159840159841,0.9065211788211788,10.189976423576423,1.7420000000000074e-06,0.000282524,1.5157000000000018e-05,0.000107107,-0.000131059,0.00012570300000000004,90.46100674725275,91.66191675824176,81.37544374425573,92.22968404295705,92.36440729770229,101.95294091808192,84.4257861978022,-3.467600000000001e-05,4.033966033966034,2021-07-01,3.3587499999999997,4.15625,2021-07-02,302.7755117227319,3.8927624872579,3.581304791029561,3.5051348651348655,3.5293306693306694,3.61592252803262,-0.024195804195804214,102.57233200815496,589797.0968399593,21238.371967380222,22732.834846481874,119.76254026503567,65.20672782874617,1.8339653414882773,256.22076962283387,4.033966033966034,2020-09-16,25.31,26.59,24.84,26.04,0.0,VIX,0.0175849941383352,4.0,2021-07-02,1.3055136886294159,1.5801088207870895,43769606179769.55,1.4065100494773115,0.8743551058358242,0.8313589939484075,1.0351913964153014,4.033966033966034
2020-09-17,2021-07-02,1.0860103896103894,138.36648351648353,1.2723084915084917,1.3387159840159841,0.9065211788211788,10.189976423576423,1.7420000000000074e-06,0.000282524,1.5157000000000018e-05,0.000107107,-0.000131059,0.00012570300000000004,90.46100674725275,91.66191675824176,81.37544374425573,92.22968404295705,92.36440729770229,101.95294091808192,84.4257861978022,-3.467600000000001e-05,4.033966033966034,2021-07-01,3.3587499999999997,4.15625,2021-07-02,302.7755117227319,3.8927624872579,3.581304791029561,3.5051348651348655,3.5293306693306694,3.61592252803262,-0.024195804195804214,102.57233200815496,589797.0968399593,21238.371967380222,22732.834846481874,119.76254026503567,65.20672782874617,1.8339653414882773,256.22076962283387,4.033966033966034,2020-09-17,28.22,28.92,26.26,26.46,0.0,VIX,0.0161290322580645,5.0,2021-07-02,1.3055136886294159,1.5801088207870895,43769606179769.55,1.4065100494773115,0.8743551058358242,0.8313589939484075,1.0351913964153014,4.033966033966034
2020-09-18,2021-07-02,1.0860103896103894,138.36648351648353,1.2723084915084917,1.3387159840159841,0.9065211788211788,10.189976423576423,1.7420000000000074e-06,0.000282524,1.5157000000000018e-05,0.000107107,-0.000131059,0.00012570300000000004,90.46100674725275,91.66191675824176,81.37544374425573,92.22968404295705,92.36440729770229,101.95294091808192,84.4257861978022,-3.467600000000001e-05,4.033966033966034,2021-07-01,3.3587499999999997,4.15625,2021-07-02,302.7755117227319,3.8927624872579,3.581304791029561,3.5051348651348655,3.5293306693306694,3.61592252803262,-0.024195804195804214,102.57233200815496,589797.0968399593,21238.371967380222,22732.834846481874,119.76254026503567,65.20672782874617,1.8339653414882773,256.22076962283387,4.033966033966034,2020-09-18,26.65,28.1,25.28,25.83,0.0,VIX,-0.0238095238095239,6.0,2021-07-02,1.3055136886294159,1.5801088207870895,43769606179769.55,1.4065100494773115,0.8743551058358242,0.8313589939484075,1.0351913964153014,4.033966033966034
2020-09-21,2021-07-02,1.0860103896103894,138.36648351648353,1.2723084915084917,1.3387159840159841,0.9065211788211788,10.189976423576423,1.7420000000000074e-06,0.000282524,1.5157000000000018e-05,0.000107107,-0.000131059,0.00012570300000000004,90.46100674725275,91.66191675824176,81.37544374425573,92.22968404295705,92.36440729770229,101.95294091808192,84.4257861978022,-3.467600000000001e-05,4.033966033966034,2021-07-01,3.3587499999999997,4.15625,2021-07-02,302.7755117227319,3.8927624872579,3.581304791029561,3.5051348651348655,3.5293306693306694,3.61592252803262,-0.024195804195804214,102.57233200815496,589797.0968399593,21238.371967380222,22732.834846481874,119.76254026503567,65.20672782874617,1.8339653414882773,256.22076962283387,4.033966033966034,2020-09-21,28.04,31.18,27.39,27.78,0.0,VIX,0.0754936120789779,2.0,2021-07-02,1.3055136886294159,1.5801088207870895,43769606179769.55,1.4065100494773115,0.8743551058358242,0.8313589939484075,1.0351913964153014,4.033966033966034
2020-09-28,2021-07-02,1.0860103896103894,138.36648351648353,1.2723084915084917,1.3387159840159841,0.9065211788211788,10.189976423576423,1.7420000000000074e-06,0.000282524,1.5157000000000018e-05,0.000107107,-0.000131059,0.00012570300000000004,90.46100674725275,91.66191675824176,81.37544374425573,92.22968404295705,92.36440729770229,101.95294091808192,84.4257861978022,-3.467600000000001e-05,4.033966033966034,2021-07-01,3.3587499999999997,4.15625,2021-07-02,302.7755117227319,3.8927624872579,3.581304791029561,3.5051348651348655,3.5293306693306694,3.61592252803262,-0.024195804195804214,102.57233200815496,589797.0968399593,21238.371967380222,22732.834846481874,119.76254026503567,65.20672782874617,1.8339653414882773,256.22076962283387,4.033966033966034,2020-09-28,27.15,27.19,24.9,26.19,0.0,VIX,-0.0072024260803638,2.0,2021-07-02,1.3055136886294159,1.5801088207870895,43769606179769.55,1.4065100494773115,0.8743551058358242,0.8313589939484075,1.0351913964153014,4.033966033966034
2020-10-09,2021-07-02,1.0860103896103894,138.36648351648353,1.2723084915084917,1.3387159840159841,0.9065211788211788,10.189976423576423,1.7420000000000074e-06,0.000282524,1.5157000000000018e-05,0.000107107,-0.000131059,0.00012570300000000004,90.46100674725275,91.66191675824176,81.37544374425573,92.22968404295705,92.36440729770229,101.95294091808192,84.4257861978022,-3.467600000000001e-05,4.033966033966034,2021-07-01,3.3587499999999997,4.15625,2021-07-02,302.7755117227319,3.8927624872579,3.581304791029561,3.5051348651348655,3.5293306693306694,3.61592252803262,-0.024195804195804214,102.57233200815496,589797.0968399593,21238.371967380222,22732.834846481874,119.76254026503567,65.20672782874617,1.8339653414882773,256.22076962283387,4.033966033966034,2020-10-09,26.2,26.22,24.03,25.0,0.0,VIX,-0.0515933232169953,6.0,2021-07-02,1.3055136886294159,1.5801088207870895,43769606179769.55,1.4065100494773115,0.8743551058358242,0.8313589939484075,1.0351913964153014,4.033966033966034
2020-10-12,2021-07-02,1.0860103896103894,138.36648351648353,1.2723084915084917,1.3387159840159841,0.9065211788211788,10.189976423576423,1.7420000000000074e-06,0.000282524,1.5157000000000018e-05,0.000107107,-0.000131059,0.00012570300000000004,90.46100674725275,91.66191675824176,81.37544374425573,92.22968404295705,92.36440729770229,101.95294091808192,84.4257861978022,-3.467600000000001e-05,4.033966033966034,2021-07-01,3.3587499999999997,4.15625,2021-07-02,302.7755117227319,3.8927624872579,3.581304791029561,3.5051348651348655,3.5293306693306694,3.61592252803262,-0.024195804195804214,102.57233200815496,589797.0968399593,21238.371967380222,22732.834846481874,119.76254026503567,65.20672782874617,1.8339653414882773,256.22076962283387,4.033966033966034,2020-10-12,25.65,25.65,24.14,25.07,0.0,VIX,0.0027999999999999,2.0,2021-07-02,1.3055136886294159,1.5801088207870895,43769606179769.55,1.4065100494773115,0.8743551058358242,0.8313589939484075,1.0351913964153014,4.033966033966034
2020-10-14,2021-07-02,1.0860103896103894,138.36648351648353,1.2723084915084917,1.3387159840159841,0.9065211788211788,10.189976423576423,1.7420000000000074e-06,0.000282524,1.5157000000000018e-05,0.000107107,-0.000131059,0.00012570300000000004,90.46100674725275,91.66191675824176,81.37544374425573,92.22968404295705,92.36440729770229,101.95294091808192,84.4257861978022,-3.467600000000001e-05,4.033966033966034,2021-07-01,3.3587499999999997,4.15625,2021-07-02,302.7755117227319,3.8927624872579,3.581304791029561,3.5051348651348655,3.5293306693306694,3.61592252803262,-0.024195804195804214,102.57233200815496,589797.0968399593,21238.371967380222,22732.834846481874,119.76254026503567,65.20672782874617,1.8339653414882773,256.22076962283387,4.033966033966034,2020-10-14,25.72,27.23,25.53,26.4,0.0,VIX,0.0126582278481011,4.0,2021-07-02,1.3055136886294159,1.5801088207870895,43769606179769.55,1.4065100494773115,0.8743551058358242,0.8313589939484075,1.0351913964153014,4.033966033966034
2020-10-15,2021-07-02,1.0860103896103894,138.36648351648353,1.2723084915084917,1.3387159840159841,0.9065211788211788,10.189976423576423,1.7420000000000074e-06,0.000282524,1.5157000000000018e-05,0.000107107,-0.000131059,0.00012570300000000004,90.46100674725275,91.66191675824176,81.37544374425573,92.22968404295705,92.36440729770229,101.95294091808192,84.4257861978022,-3.467600000000001e-05,4.033966033966034,2021-07-01,3.3587499999999997,4.15625,2021-07-02,302.7755117227319,3.8927624872579,3.581304791029561,3.5051348651348655,3.5293306693306694,3.61592252803262,-0.024195804195804214,102.57233200815496,589797.0968399593,21238.371967380222,22732.834846481874,119.76254026503567,65.20672782874617,1.8339653414882773,256.22076962283387,4.033966033966034,2020-10-15,27.1,29.06,26.82,26.97,0.0,VIX,0.0215909090909089,5.0,2021-07-02,1.3055136886294159,1.5801088207870895,43769606179769.55,1.4065100494773115,0.8743551058358242,0.8313589939484075,1.0351913964153014,4.033966033966034
2020-10-20,2021-07-02,1.0860103896103894,138.36648351648353,1.2723084915084917,1.3387159840159841,0.9065211788211788,10.189976423576423,1.7420000000000074e-06,0.000282524,1.5157000000000018e-05,0.000107107,-0.000131059,0.00012570300000000004,90.46100674725275,91.66191675824176,81.37544374425573,92.22968404295705,92.36440729770229,101.95294091808192,84.4257861978022,-3.467600000000001e-05,4.033966033966034,2021-07-01,3.3587499999999997,4.15625,2021-07-02,302.7755117227319,3.8927624872579,3.581304791029561,3.5051348651348655,3.5293306693306694,3.61592252803262,-0.024195804195804214,102.57233200815496,589797.0968399593,21238.371967380222,22732.834846481874,119.76254026503567,65.20672782874617,1.8339653414882773,256.22076962283387,4.033966033966034,2020-10-20,28.81,29.6,28.29,29.35,0.0,VIX,0.0058259081562714,3.0,2021-07-02,1.3055136886294159,1.5801088207870895,43769606179769.55,1.4065100494773115,0.8743551058358242,0.8313589939484075,1.0351913964153014,4.033966033966034
2020-10-26,2021-07-02,1.0860103896103894,138.36648351648353,1.2723084915084917,1.3387159840159841,0.9065211788211788,10.189976423576423,1.7420000000000074e-06,0.000282524,1.5157000000000018e-05,0.000107107,-0.000131059,0.00012570300000000004,90.46100674725275,91.66191675824176,81.37544374425573,92.22968404295705,92.36440729770229,101.95294091808192,84.4257861978022,-3.467600000000001e-05,4.033966033966034,2021-07-01,3.3587499999999997,4.15625,2021-07-02,302.7755117227319,3.8927624872579,3.581304791029561,3.5051348651348655,3.5293306693306694,3.61592252803262,-0.024195804195804214,102.57233200815496,589797.0968399593,21238.371967380222,22732.834846481874,119.76254026503567,65.20672782874617,1.8339653414882773,256.22076962283387,4.033966033966034,2020-10-26,29.38,33.68,29.22,32.46,0.0,VIX,0.1782214156079855,2.0,2021-07-02,1.3055136886294159,1.5801088207870895,43769606179769.55,1.4065100494773115,0.8743551058358242,0.8313589939484075,1.0351913964153014,4.033966033966034
2020-10-29,2021-07-02,1.0860103896103894,138.36648351648353,1.2723084915084917,1.3387159840159841,0.9065211788211788,10.189976423576423,1.7420000000000074e-06,0.000282524,1.5157000000000018e-05,0.000107107,-0.000131059,0.00012570300000000004,90.46100674725275,91.66191675824176,81.37544374425573,92.22968404295705,92.36440729770229,101.95294091808192,84.4257861978022,-3.467600000000001e-05,4.033966033966034,2021-07-01,3.3587499999999997,4.15625,2021-07-02,302.7755117227319,3.8927624872579,3.581304791029561,3.5051348651348655,3.5293306693306694,3.61592252803262,-0.024195804195804214,102.57233200815496,589797.0968399593,21238.371967380222,22732.834846481874,119.76254026503567,65.20672782874617,1.8339653414882773,256.22076962283387,4.033966033966034,2020-10-29,38.8,41.16,35.63,37.59,0.0,VIX,-0.0667825223435948,5.0,2021-07-02,1.3055136886294159,1.5801088207870895,43769606179769.55,1.4065100494773115,0.8743551058358242,0.8313589939484075,1.0351913964153014,4.033966033966034
2020-11-02,2021-07-02,1.0860103896103894,138.36648351648353,1.2723084915084917,1.3387159840159841,0.9065211788211788,10.189976423576423,1.7420000000000074e-06,0.000282524,1.5157000000000018e-05,0.000107107,-0.000131059,0.00012570300000000004,90.46100674725275,91.66191675824176,81.37544374425573,92.22968404295705,92.36440729770229,101.95294091808192,84.4257861978022,-3.467600000000001e-05,4.033966033966034,2021-07-01,3.3587499999999997,4.15625,2021-07-02,302.7755117227319,3.8927624872579,3.581304791029561,3.5051348651348655,3.5293306693306694,3.61592252803262,-0.024195804195804214,102.57233200815496,589797.0968399593,21238.371967380222,22732.834846481874,119.76254026503567,65.20672782874617,1.8339653414882773,256.22076962283387,4.033966033966034,2020-11-02,38.57,38.78,36.13,37.13,0.0,VIX,-0.0234087322461862,2.0,2021-07-02,1.3055136886294159,1.5801088207870895,43769606179769.55,1.4065100494773115,0.8743551058358242,0.8313589939484075,1.0351913964153014,4.033966033966034
2020-11-12,2021-07-02,1.0860103896103894,138.36648351648353,1.2723084915084917,1.3387159840159841,0.9065211788211788,10.189976423576423,1.7420000000000074e-06,0.000282524,1.5157000000000018e-05,0.000107107,-0.000131059,0.00012570300000000004,90.46100674725275,91.66191675824176,81.37544374425573,92.22968404295705,92.36440729770229,101.95294091808192,84.4257861978022,-3.467600000000001e-05,4.033966033966034,2021-07-01,3.3587499999999997,4.15625,2021-07-02,302.7755117227319,3.8927624872579,3.581304791029561,3.5051348651348655,3.5293306693306694,3.61592252803262,-0.024195804195804214,102.57233200815496,589797.0968399593,21238.371967380222,22732.834846481874,119.76254026503567,65.20672782874617,1.8339653414882773,256.22076962283387,4.033966033966034,2020-11-12,24.39,27.27,23.53,25.35,0.0,VIX,0.0810234541577825,5.0,2021-07-02,1.3055136886294159,1.5801088207870895,43769606179769.55,1.4065100494773115,0.8743551058358242,0.8313589939484075,1.0351913964153014,4.033966033966034
2020-11-30,2021-07-02,1.0860103896103894,138.36648351648353,1.2723084915084917,1.3387159840159841,0.9065211788211788,10.189976423576423,1.7420000000000074e-06,0.000282524,1.5157000000000018e-05,0.000107107,-0.000131059,0.00012570300000000004,90.46100674725275,91.66191675824176,81.37544374425573,92.22968404295705,92.36440729770229,101.95294091808192,84.4257861978022,-3.467600000000001e-05,4.033966033966034,2021-07-01,3.3587499999999997,4.15625,2021-07-02,302.7755117227319,3.8927624872579,3.581304791029561,3.5051348651348655,3.5293306693306694,3.61592252803262,-0.024195804195804214,102.57233200815496,589797.0968399593,21238.371967380222,22732.834846481874,119.76254026503567,65.20672782874617,1.8339653414882773,256.22076962283387,4.033966033966034,2020-11-30,22.64,22.89,20.48,20.57,0.0,VIX,-0.0129558541266794,2.0,2021-07-02,1.3055136886294159,1.5801088207870895,43769606179769.55,1.4065100494773115,0.8743551058358242,0.8313589939484075,1.0351913964153014,4.033966033966034
2020-12-07,2021-07-02,1.0860103896103894,138.36648351648353,1.2723084915084917,1.3387159840159841,0.9065211788211788,10.189976423576423,1.7420000000000074e-06,0.000282524,1.5157000000000018e-05,0.000107107,-0.000131059,0.00012570300000000004,90.46100674725275,91.66191675824176,81.37544374425573,92.22968404295705,92.36440729770229,101.95294091808192,84.4257861978022,-3.467600000000001e-05,4.033966033966034,2021-07-01,3.3587499999999997,4.15625,2021-07-02,302.7755117227319,3.8927624872579,3.581304791029561,3.5051348651348655,3.5293306693306694,3.61592252803262,-0.024195804195804214,102.57233200815496,589797.0968399593,21238.371967380222,22732.834846481874,119.76254026503567,65.20672782874617,1.8339653414882773,256.22076962283387,4.033966033966034,2020-12-07,22.04,22.62,21.17,21.3,0.0,VIX,0.0245310245310246,2.0,2021-07-02,1.3055136886294159,1.5801088207870895,43769606179769.55,1.4065100494773115,0.8743551058358242,0.8313589939484075,1.0351913964153014,4.033966033966034
2020-12-10,2021-07-02,1.0860103896103894,138.36648351648353,1.2723084915084917,1.3387159840159841,0.9065211788211788,10.189976423576423,1.7420000000000074e-06,0.000282524,1.5157000000000018e-05,0.000107107,-0.000131059,0.00012570300000000004,90.46100674725275,91.66191675824176,81.37544374425573,92.22968404295705,92.36440729770229,101.95294091808192,84.4257861978022,-3.467600000000001e-05,4.033966033966034,2021-07-01,3.3587499999999997,4.15625,2021-07-02,302.7755117227319,3.8927624872579,3.581304791029561,3.5051348651348655,3.5293306693306694,3.61592252803262,-0.024195804195804214,102.57233200815496,589797.0968399593,21238.371967380222,22732.834846481874,119.76254026503567,65.20672782874617,1.8339653414882773,256.22076962283387,4.033966033966034,2020-12-10,22.12,23.46,21.53,22.52,0.0,VIX,0.0112258643915581,5.0,2021-07-02,1.3055136886294159,1.5801088207870895,43769606179769.55,1.4065100494773115,0.8743551058358242,0.8313589939484075,1.0351913964153014,4.033966033966034
2020-12-18,2021-07-02,1.0860103896103894,138.36648351648353,1.2723084915084917,1.3387159840159841,0.9065211788211788,10.189976423576423,1.7420000000000074e-06,0.000282524,1.5157000000000018e-05,0.000107107,-0.000131059,0.00012570300000000004,90.46100674725275,91.66191675824176,81.37544374425573,92.22968404295705,92.36440729770229,101.95294091808192,84.4257861978022,-3.467600000000001e-05,4.033966033966034,2021-07-01,3.3587499999999997,4.15625,2021-07-02,302.7755117227319,3.8927624872579,3.581304791029561,3.5051348651348655,3.5293306693306694,3.61592252803262,-0.024195804195804214,102.57233200815496,589797.0968399593,21238.371967380222,22732.834846481874,119.76254026503567,65.20672782874617,1.8339653414882773,256.22076962283387,4.033966033966034,2020-12-18,22.15,23.77,21.57,21.57,0.0,VIX,-0.0164158686730505,6.0,2021-07-02,1.3055136886294159,1.5801088207870895,43769606179769.55,1.4065100494773115,0.8743551058358242,0.8313589939484075,1.0351913964153014,4.033966033966034
2021-01-08,2021-07-02,1.0860103896103894,138.36648351648353,1.2723084915084917,1.3387159840159841,0.9065211788211788,10.189976423576423,1.7420000000000074e-06,0.000282524,1.5157000000000018e-05,0.000107107,-0.000131059,0.00012570300000000004,90.46100674725275,91.66191675824176,81.37544374425573,92.22968404295705,92.36440729770229,101.95294091808192,84.4257861978022,-3.467600000000001e-05,4.033966033966034,2021-07-01,3.3587499999999997,4.15625,2021-07-02,302.7755117227319,3.8927624872579,3.581304791029561,3.5051348651348655,3.5293306693306694,3.61592252803262,-0.024195804195804214,102.57233200815496,589797.0968399593,21238.371967380222,22732.834846481874,119.76254026503567,65.20672782874617,1.8339653414882773,256.22076962283387,4.033966033966034,2021-01-08,22.43,23.34,21.42,21.56,0.0,VIX,-0.0362092087617346,6.0,2021-07-02,1.3055136886294159,1.5801088207870895,43769606179769.55,1.4065100494773115,0.8743551058358242,0.8313589939484075,1.0351913964153014,4.033966033966034
2021-01-13,2021-07-02,1.0860103896103894,138.36648351648353,1.2723084915084917,1.3387159840159841,0.9065211788211788,10.189976423576423,1.7420000000000074e-06,0.000282524,1.5157000000000018e-05,0.000107107,-0.000131059,0.00012570300000000004,90.46100674725275,91.66191675824176,81.37544374425573,92.22968404295705,92.36440729770229,101.95294091808192,84.4257861978022,-3.467600000000001e-05,4.033966033966034,2021-07-01,3.3587499999999997,4.15625,2021-07-02,302.7755117227319,3.8927624872579,3.581304791029561,3.5051348651348655,3.5293306693306694,3.61592252803262,-0.024195804195804214,102.57233200815496,589797.0968399593,21238.371967380222,22732.834846481874,119.76254026503567,65.20672782874617,1.8339653414882773,256.22076962283387,4.033966033966034,2021-01-13,23.07,24.18,21.92,22.21,0.0,VIX,-0.0480068581225888,4.0,2021-07-02,1.3055136886294159,1.5801088207870895,43769606179769.55,1.4065100494773115,0.8743551058358242,0.8313589939484075,1.0351913964153014,4.033966033966034
2021-01-15,2021-07-02,1.0860103896103894,138.36648351648353,1.2723084915084917,1.3387159840159841,0.9065211788211788,10.189976423576423,1.7420000000000074e-06,0.000282524,1.5157000000000018e-05,0.000107107,-0.000131059,0.00012570300000000004,90.46100674725275,91.66191675824176,81.37544374425573,92.22968404295705,92.36440729770229,101.95294091808192,84.4257861978022,-3.467600000000001e-05,4.033966033966034,2021-07-01,3.3587499999999997,4.15625,2021-07-02,302.7755117227319,3.8927624872579,3.581304791029561,3.5051348651348655,3.5293306693306694,3.61592252803262,-0.024195804195804214,102.57233200815496,589797.0968399593,21238.371967380222,22732.834846481874,119.76254026503567,65.20672782874617,1.8339653414882773,256.22076962283387,4.033966033966034,2021-01-15,23.52,25.8,23.08,24.34,0.0,VIX,0.0468817204301075,6.0,2021-07-02,1.3055136886294159,1.5801088207870895,43769606179769.55,1.4065100494773115,0.8743551058358242,0.8313589939484075,1.0351913964153014,4.033966033966034
2021-01-20,2021-07-02,1.0860103896103894,138.36648351648353,1.2723084915084917,1.3387159840159841,0.9065211788211788,10.189976423576423,1.7420000000000074e-06,0.000282524,1.5157000000000018e-05,0.000107107,-0.000131059,0.00012570300000000004,90.46100674725275,91.66191675824176,81.37544374425573,92.22968404295705,92.36440729770229,101.95294091808192,84.4257861978022,-3.467600000000001e-05,4.033966033966034,2021-07-01,3.3587499999999997,4.15625,2021-07-02,302.7755117227319,3.8927624872579,3.581304791029561,3.5051348651348655,3.5293306693306694,3.61592252803262,-0.024195804195804214,102.57233200815496,589797.0968399593,21238.371967380222,22732.834846481874,119.76254026503567,65.20672782874617,1.8339653414882773,256.22076962283387,4.033966033966034,2021-01-20,22.82,22.86,21.37,21.58,0.0,VIX,-0.0714285714285714,4.0,2021-07-02,1.3055136886294159,1.5801088207870895,43769606179769.55,1.4065100494773115,0.8743551058358242,0.8313589939484075,1.0351913964153014,4.033966033966034
2021-01-27,2021-07-02,1.0860103896103894,138.36648351648353,1.2723084915084917,1.3387159840159841,0.9065211788211788,10.189976423576423,1.7420000000000074e-06,0.000282524,1.5157000000000018e-05,0.000107107,-0.000131059,0.00012570300000000004,90.46100674725275,91.66191675824176,81.37544374425573,92.22968404295705,92.36440729770229,101.95294091808192,84.4257861978022,-3.467600000000001e-05,4.033966033966034,2021-07-01,3.3587499999999997,4.15625,2021-07-02,302.7755117227319,3.8927624872579,3.581304791029561,3.5051348651348655,3.5293306693306694,3.61592252803262,-0.024195804195804214,102.57233200815496,589797.0968399593,21238.371967380222,22732.834846481874,119.76254026503567,65.20672782874617,1.8339653414882773,256.22076962283387,4.033966033966034,2021-01-27,23.82,37.21,23.71,37.21,0.0,VIX,0.6164205039096438,4.0,2021-07-02,1.3055136886294159,1.5801088207870895,43769606179769.55,1.4065100494773115,0.8743551058358242,0.8313589939484075,1.0351913964153014,4.033966033966034
2021-02-03,2021-07-02,1.0860103896103894,138.36648351648353,1.2723084915084917,1.3387159840159841,0.9065211788211788,10.189976423576423,1.7420000000000074e-06,0.000282524,1.5157000000000018e-05,0.000107107,-0.000131059,0.00012570300000000004,90.46100674725275,91.66191675824176,81.37544374425573,92.22968404295705,92.36440729770229,101.95294091808192,84.4257861978022,-3.467600000000001e-05,4.033966033966034,2021-07-01,3.3587499999999997,4.15625,2021-07-02,302.7755117227319,3.8927624872579,3.581304791029561,3.5051348651348655,3.5293306693306694,3.61592252803262,-0.024195804195804214,102.57233200815496,589797.0968399593,21238.371967380222,22732.834846481874,119.76254026503567,65.20672782874617,1.8339653414882773,256.22076962283387,4.033966033966034,2021-02-03,24.59,25.43,22.91,22.91,0.0,VIX,-0.103677621283255,4.0,2021-07-02,1.3055136886294159,1.5801088207870895,43769606179769.55,1.4065100494773115,0.8743551058358242,0.8313589939484075,1.0351913964153014,4.033966033966034
2021-02-05,2021-07-02,1.0860103896103894,138.36648351648353,1.2723084915084917,1.3387159840159841,0.9065211788211788,10.189976423576423,1.7420000000000074e-06,0.000282524,1.5157000000000018e-05,0.000107107,-0.000131059,0.00012570300000000004,90.46100674725275,91.66191675824176,81.37544374425573,92.22968404295705,92.36440729770229,101.95294091808192,84.4257861978022,-3.467600000000001e-05,4.033966033966034,2021-07-01,3.3587499999999997,4.15625,2021-07-02,302.7755117227319,3.8927624872579,3.581304791029561,3.5051348651348655,3.5293306693306694,3.61592252803262,-0.024195804195804214,102.57233200815496,589797.0968399593,21238.371967380222,22732.834846481874,119.76254026503567,65.20672782874617,1.8339653414882773,256.22076962283387,4.033966033966034,2021-02-05,21.99,22.16,20.86,20.87,0.0,VIX,-0.0413412953605879,6.0,2021-07-02,1.3055136886294159,1.5801088207870895,43769606179769.55,1.4065100494773115,0.8743551058358242,0.8313589939484075,1.0351913964153014,4.033966033966034
2021-02-09,2021-07-02,1.0860103896103894,138.36648351648353,1.2723084915084917,1.3387159840159841,0.9065211788211788,10.189976423576423,1.7420000000000074e-06,0.000282524,1.5157000000000018e-05,0.000107107,-0.000131059,0.00012570300000000004,90.46100674725275,91.66191675824176,81.37544374425573,92.22968404295705,92.36440729770229,101.95294091808192,84.4257861978022,-3.467600000000001e-05,4.033966033966034,2021-07-01,3.3587499999999997,4.15625,2021-07-02,302.7755117227319,3.8927624872579,3.581304791029561,3.5051348651348655,3.5293306693306694,3.61592252803262,-0.024195804195804214,102.57233200815496,589797.0968399593,21238.371967380222,22732.834846481874,119.76254026503567,65.20672782874617,1.8339653414882773,256.22076962283387,4.033966033966034,2021-02-09,21.57,22.26,20.65,21.63,0.0,VIX,0.0183615819209039,3.0,2021-07-02,1.3055136886294159,1.5801088207870895,43769606179769.55,1.4065100494773115,0.8743551058358242,0.8313589939484075,1.0351913964153014,4.033966033966034
2021-02-10,2021-07-02,1.0860103896103894,138.36648351648353,1.2723084915084917,1.3387159840159841,0.9065211788211788,10.189976423576423,1.7420000000000074e-06,0.000282524,1.5157000000000018e-05,0.000107107,-0.000131059,0.00012570300000000004,90.46100674725275,91.66191675824176,81.37544374425573,92.22968404295705,92.36440729770229,101.95294091808192,84.4257861978022,-3.467600000000001e-05,4.033966033966034,2021-07-01,3.3587499999999997,4.15625,2021-07-02,302.7755117227319,3.8927624872579,3.581304791029561,3.5051348651348655,3.5293306693306694,3.61592252803262,-0.024195804195804214,102.57233200815496,589797.0968399593,21238.371967380222,22732.834846481874,119.76254026503567,65.20672782874617,1.8339653414882773,256.22076962283387,4.033966033966034,2021-02-10,21.64,23.85,19.69,21.99,0.0,VIX,0.0166435506241331,4.0,2021-07-02,1.3055136886294159,1.5801088207870895,43769606179769.55,1.4065100494773115,0.8743551058358242,0.8313589939484075,1.0351913964153014,4.033966033966034
2021-02-16,2021-07-02,1.0860103896103894,138.36648351648353,1.2723084915084917,1.3387159840159841,0.9065211788211788,10.189976423576423,1.7420000000000074e-06,0.000282524,1.5157000000000018e-05,0.000107107,-0.000131059,0.00012570300000000004,90.46100674725275,91.66191675824176,81.37544374425573,92.22968404295705,92.36440729770229,101.95294091808192,84.4257861978022,-3.467600000000001e-05,4.033966033966034,2021-07-01,3.3587499999999997,4.15625,2021-07-02,302.7755117227319,3.8927624872579,3.581304791029561,3.5051348651348655,3.5293306693306694,3.61592252803262,-0.024195804195804214,102.57233200815496,589797.0968399593,21238.371967380222,22732.834846481874,119.76254026503567,65.20672782874617,1.8339653414882773,256.22076962283387,4.033966033966034,2021-02-16,21.13,22.46,20.88,21.46,0.0,VIX,0.0746119178768154,3.0,2021-07-02,1.3055136886294159,1.5801088207870895,43769606179769.55,1.4065100494773115,0.8743551058358242,0.8313589939484075,1.0351913964153014,4.033966033966034
2021-02-17,2021-07-02,1.0860103896103894,138.36648351648353,1.2723084915084917,1.3387159840159841,0.9065211788211788,10.189976423576423,1.7420000000000074e-06,0.000282524,1.5157000000000018e-05,0.000107107,-0.000131059,0.00012570300000000004,90.46100674725275,91.66191675824176,81.37544374425573,92.22968404295705,92.36440729770229,101.95294091808192,84.4257861978022,-3.467600000000001e-05,4.033966033966034,2021-07-01,3.3587499999999997,4.15625,2021-07-02,302.7755117227319,3.8927624872579,3.581304791029561,3.5051348651348655,3.5293306693306694,3.61592252803262,-0.024195804195804214,102.57233200815496,589797.0968399593,21238.371967380222,22732.834846481874,119.76254026503567,65.20672782874617,1.8339653414882773,256.22076962283387,4.033966033966034,2021-02-17,22.02,23.44,21.09,21.5,0.0,VIX,0.0018639328984155,4.0,2021-07-02,1.3055136886294159,1.5801088207870895,43769606179769.55,1.4065100494773115,0.8743551058358242,0.8313589939484075,1.0351913964153014,4.033966033966034
2021-02-19,2021-07-02,1.0860103896103894,138.36648351648353,1.2723084915084917,1.3387159840159841,0.9065211788211788,10.189976423576423,1.7420000000000074e-06,0.000282524,1.5157000000000018e-05,0.000107107,-0.000131059,0.00012570300000000004,90.46100674725275,91.66191675824176,81.37544374425573,92.22968404295705,92.36440729770229,101.95294091808192,84.4257861978022,-3.467600000000001e-05,4.033966033966034,2021-07-01,3.3587499999999997,4.15625,2021-07-02,302.7755117227319,3.8927624872579,3.581304791029561,3.5051348651348655,3.5293306693306694,3.61592252803262,-0.024195804195804214,102.57233200815496,589797.0968399593,21238.371967380222,22732.834846481874,119.76254026503567,65.20672782874617,1.8339653414882773,256.22076962283387,4.033966033966034,2021-02-19,23.1,23.19,20.84,22.05,0.0,VIX,-0.0195642507781235,6.0,2021-07-02,1.3055136886294159,1.5801088207870895,43769606179769.55,1.4065100494773115,0.8743551058358242,0.8313589939484075,1.0351913964153014,4.033966033966034
2021-02-22,2021-07-02,1.0860103896103894,138.36648351648353,1.2723084915084917,1.3387159840159841,0.9065211788211788,10.189976423576423,1.7420000000000074e-06,0.000282524,1.5157000000000018e-05,0.000107107,-0.000131059,0.00012570300000000004,90.46100674725275,91.66191675824176,81.37544374425573,92.22968404295705,92.36440729770229,101.95294091808192,84.4257861978022,-3.467600000000001e-05,4.033966033966034,2021-07-01,3.3587499999999997,4.15625,2021-07-02,302.7755117227319,3.8927624872579,3.581304791029561,3.5051348651348655,3.5293306693306694,3.61592252803262,-0.024195804195804214,102.57233200815496,589797.0968399593,21238.371967380222,22732.834846481874,119.76254026503567,65.20672782874617,1.8339653414882773,256.22076962283387,4.033966033966034,2021-02-22,24.46,25.09,21.96,23.45,0.0,VIX,0.0634920634920634,2.0,2021-07-02,1.3055136886294159,1.5801088207870895,43769606179769.55,1.4065100494773115,0.8743551058358242,0.8313589939484075,1.0351913964153014,4.033966033966034
2021-02-26,2021-07-02,1.0860103896103894,138.36648351648353,1.2723084915084917,1.3387159840159841,0.9065211788211788,10.189976423576423,1.7420000000000074e-06,0.000282524,1.5157000000000018e-05,0.000107107,-0.000131059,0.00012570300000000004,90.46100674725275,91.66191675824176,81.37544374425573,92.22968404295705,92.36440729770229,101.95294091808192,84.4257861978022,-3.467600000000001e-05,4.033966033966034,2021-07-01,3.3587499999999997,4.15625,2021-07-02,302.7755117227319,3.8927624872579,3.581304791029561,3.5051348651348655,3.5293306693306694,3.61592252803262,-0.024195804195804214,102.57233200815496,589797.0968399593,21238.371967380222,22732.834846481874,119.76254026503567,65.20672782874617,1.8339653414882773,256.22076962283387,4.033966033966034,2021-02-26,28.73,30.82,25.23,27.95,0.0,VIX,-0.0325372101073035,6.0,2021-07-02,1.3055136886294159,1.5801088207870895,43769606179769.55,1.4065100494773115,0.8743551058358242,0.8313589939484075,1.0351913964153014,4.033966033966034
2021-03-05,2021-07-02,1.0860103896103894,138.36648351648353,1.2723084915084917,1.3387159840159841,0.9065211788211788,10.189976423576423,1.7420000000000074e-06,0.000282524,1.5157000000000018e-05,0.000107107,-0.000131059,0.00012570300000000004,90.46100674725275,91.66191675824176,81.37544374425573,92.22968404295705,92.36440729770229,101.95294091808192,84.4257861978022,-3.467600000000001e-05,4.033966033966034,2021-07-01,3.3587499999999997,4.15625,2021-07-02,302.7755117227319,3.8927624872579,3.581304791029561,3.5051348651348655,3.5293306693306694,3.61592252803262,-0.024195804195804214,102.57233200815496,589797.0968399593,21238.371967380222,22732.834846481874,119.76254026503567,65.20672782874617,1.8339653414882773,256.22076962283387,4.033966033966034,2021-03-05,29.48,30.03,24.33,24.66,0.0,VIX,-0.136856842842142,6.0,2021-07-02,1.3055136886294159,1.5801088207870895,43769606179769.55,1.4065100494773115,0.8743551058358242,0.8313589939484075,1.0351913964153014,4.033966033966034
2021-03-08,2021-07-02,1.0860103896103894,138.36648351648353,1.2723084915084917,1.3387159840159841,0.9065211788211788,10.189976423576423,1.7420000000000074e-06,0.000282524,1.5157000000000018e-05,0.000107107,-0.000131059,0.00012570300000000004,90.46100674725275,91.66191675824176,81.37544374425573,92.22968404295705,92.36440729770229,101.95294091808192,84.4257861978022,-3.467600000000001e-05,4.033966033966034,2021-07-01,3.3587499999999997,4.15625,2021-07-02,302.7755117227319,3.8927624872579,3.581304791029561,3.5051348651348655,3.5293306693306694,3.61592252803262,-0.024195804195804214,102.57233200815496,589797.0968399593,21238.371967380222,22732.834846481874,119.76254026503567,65.20672782874617,1.8339653414882773,256.22076962283387,4.033966033966034,2021-03-08,27.61,28.39,24.07,25.47,0.0,VIX,0.032846715328467,2.0,2021-07-02,1.3055136886294159,1.5801088207870895,43769606179769.55,1.4065100494773115,0.8743551058358242,0.8313589939484075,1.0351913964153014,4.033966033966034
2021-03-10,2021-07-02,1.0860103896103894,138.36648351648353,1.2723084915084917,1.3387159840159841,0.9065211788211788,10.189976423576423,1.7420000000000074e-06,0.000282524,1.5157000000000018e-05,0.000107107,-0.000131059,0.00012570300000000004,90.46100674725275,91.66191675824176,81.37544374425573,92.22968404295705,92.36440729770229,101.95294091808192,84.4257861978022,-3.467600000000001e-05,4.033966033966034,2021-07-01,3.3587499999999997,4.15625,2021-07-02,302.7755117227319,3.8927624872579,3.581304791029561,3.5051348651348655,3.5293306693306694,3.61592252803262,-0.024195804195804214,102.57233200815496,589797.0968399593,21238.371967380222,22732.834846481874,119.76254026503567,65.20672782874617,1.8339653414882773,256.22076962283387,4.033966033966034,2021-03-10,23.76,23.87,22.38,22.56,0.0,VIX,-0.0611735330836455,4.0,2021-07-02,1.3055136886294159,1.5801088207870895,43769606179769.55,1.4065100494773115,0.8743551058358242,0.8313589939484075,1.0351913964153014,4.033966033966034
2021-03-11,2021-07-02,1.0860103896103894,138.36648351648353,1.2723084915084917,1.3387159840159841,0.9065211788211788,10.189976423576423,1.7420000000000074e-06,0.000282524,1.5157000000000018e-05,0.000107107,-0.000131059,0.00012570300000000004,90.46100674725275,91.66191675824176,81.37544374425573,92.22968404295705,92.36440729770229,101.95294091808192,84.4257861978022,-3.467600000000001e-05,4.033966033966034,2021-07-01,3.3587499999999997,4.15625,2021-07-02,302.7755117227319,3.8927624872579,3.581304791029561,3.5051348651348655,3.5293306693306694,3.61592252803262,-0.024195804195804214,102.57233200815496,589797.0968399593,21238.371967380222,22732.834846481874,119.76254026503567,65.20672782874617,1.8339653414882773,256.22076962283387,4.033966033966034,2021-03-11,22.5,22.5,21.45,21.91,0.0,VIX,-0.0288120567375885,5.0,2021-07-02,1.3055136886294159,1.5801088207870895,43769606179769.55,1.4065100494773115,0.8743551058358242,0.8313589939484075,1.0351913964153014,4.033966033966034
2021-03-12,2021-07-02,1.0860103896103894,138.36648351648353,1.2723084915084917,1.3387159840159841,0.9065211788211788,10.189976423576423,1.7420000000000074e-06,0.000282524,1.5157000000000018e-05,0.000107107,-0.000131059,0.00012570300000000004,90.46100674725275,91.66191675824176,81.37544374425573,92.22968404295705,92.36440729770229,101.95294091808192,84.4257861978022,-3.467600000000001e-05,4.033966033966034,2021-07-01,3.3587499999999997,4.15625,2021-07-02,302.7755117227319,3.8927624872579,3.581304791029561,3.5051348651348655,3.5293306693306694,3.61592252803262,-0.024195804195804214,102.57233200815496,589797.0968399593,21238.371967380222,22732.834846481874,119.76254026503567,65.20672782874617,1.8339653414882773,256.22076962283387,4.033966033966034,2021-03-12,22.57,22.99,20.63,20.69,0.0,VIX,-0.0556823368324965,6.0,2021-07-02,1.3055136886294159,1.5801088207870895,43769606179769.55,1.4065100494773115,0.8743551058358242,0.8313589939484075,1.0351913964153014,4.033966033966034
2021-03-16,2021-07-02,1.0860103896103894,138.36648351648353,1.2723084915084917,1.3387159840159841,0.9065211788211788,10.189976423576423,1.7420000000000074e-06,0.000282524,1.5157000000000018e-05,0.000107107,-0.000131059,0.00012570300000000004,90.46100674725275,91.66191675824176,81.37544374425573,92.22968404295705,92.36440729770229,101.95294091808192,84.4257861978022,-3.467600000000001e-05,4.033966033966034,2021-07-01,3.3587499999999997,4.15625,2021-07-02,302.7755117227319,3.8927624872579,3.581304791029561,3.5051348651348655,3.5293306693306694,3.61592252803262,-0.024195804195804214,102.57233200815496,589797.0968399593,21238.371967380222,22732.834846481874,119.76254026503567,65.20672782874617,1.8339653414882773,256.22076962283387,4.033966033966034,2021-03-16,20.14,20.31,19.33,19.79,0.0,VIX,-0.0119820269595607,3.0,2021-07-02,1.3055136886294159,1.5801088207870895,43769606179769.55,1.4065100494773115,0.8743551058358242,0.8313589939484075,1.0351913964153014,4.033966033966034
2021-03-19,2021-07-02,1.0860103896103894,138.36648351648353,1.2723084915084917,1.3387159840159841,0.9065211788211788,10.189976423576423,1.7420000000000074e-06,0.000282524,1.5157000000000018e-05,0.000107107,-0.000131059,0.00012570300000000004,90.46100674725275,91.66191675824176,81.37544374425573,92.22968404295705,92.36440729770229,101.95294091808192,84.4257861978022,-3.467600000000001e-05,4.033966033966034,2021-07-01,3.3587499999999997,4.15625,2021-07-02,302.7755117227319,3.8927624872579,3.581304791029561,3.5051348651348655,3.5293306693306694,3.61592252803262,-0.024195804195804214,102.57233200815496,589797.0968399593,21238.371967380222,22732.834846481874,119.76254026503567,65.20672782874617,1.8339653414882773,256.22076962283387,4.033966033966034,2021-03-19,21.43,23.17,19.9,20.95,0.0,VIX,-0.0291936978683966,6.0,2021-07-02,1.3055136886294159,1.5801088207870895,43769606179769.55,1.4065100494773115,0.8743551058358242,0.8313589939484075,1.0351913964153014,4.033966033966034
2021-03-25,2021-07-02,1.0860103896103894,138.36648351648353,1.2723084915084917,1.3387159840159841,0.9065211788211788,10.189976423576423,1.7420000000000074e-06,0.000282524,1.5157000000000018e-05,0.000107107,-0.000131059,0.00012570300000000004,90.46100674725275,91.66191675824176,81.37544374425573,92.22968404295705,92.36440729770229,101.95294091808192,84.4257861978022,-3.467600000000001e-05,4.033966033966034,2021-07-01,3.3587499999999997,4.15625,2021-07-02,302.7755117227319,3.8927624872579,3.581304791029561,3.5051348651348655,3.5293306693306694,3.61592252803262,-0.024195804195804214,102.57233200815496,589797.0968399593,21238.371967380222,22732.834846481874,119.76254026503567,65.20672782874617,1.8339653414882773,256.22076962283387,4.033966033966034,2021-03-25,20.8,23.55,19.81,19.81,0.0,VIX,-0.0655660377358491,5.0,2021-07-02,1.3055136886294159,1.5801088207870895,43769606179769.55,1.4065100494773115,0.8743551058358242,0.8313589939484075,1.0351913964153014,4.033966033966034
2021-03-26,2021-07-02,1.0860103896103894,138.36648351648353,1.2723084915084917,1.3387159840159841,0.9065211788211788,10.189976423576423,1.7420000000000074e-06,0.000282524,1.5157000000000018e-05,0.000107107,-0.000131059,0.00012570300000000004,90.46100674725275,91.66191675824176,81.37544374425573,92.22968404295705,92.36440729770229,101.95294091808192,84.4257861978022,-3.467600000000001e-05,4.033966033966034,2021-07-01,3.3587499999999997,4.15625,2021-07-02,302.7755117227319,3.8927624872579,3.581304791029561,3.5051348651348655,3.5293306693306694,3.61592252803262,-0.024195804195804214,102.57233200815496,589797.0968399593,21238.371967380222,22732.834846481874,119.76254026503567,65.20672782874617,1.8339653414882773,256.22076962283387,4.033966033966034,2021-03-26,19.32,21.49,18.68,18.86,0.0,VIX,-0.0479555779909136,6.0,2021-07-02,1.3055136886294159,1.5801088207870895,43769606179769.55,1.4065100494773115,0.8743551058358242,0.8313589939484075,1.0351913964153014,4.033966033966034
2021-03-29,2021-07-02,1.0860103896103894,138.36648351648353,1.2723084915084917,1.3387159840159841,0.9065211788211788,10.189976423576423,1.7420000000000074e-06,0.000282524,1.5157000000000018e-05,0.000107107,-0.000131059,0.00012570300000000004,90.46100674725275,91.66191675824176,81.37544374425573,92.22968404295705,92.36440729770229,101.95294091808192,84.4257861978022,-3.467600000000001e-05,4.033966033966034,2021-07-01,3.3587499999999997,4.15625,2021-07-02,302.7755117227319,3.8927624872579,3.581304791029561,3.5051348651348655,3.5293306693306694,3.61592252803262,-0.024195804195804214,102.57233200815496,589797.0968399593,21238.371967380222,22732.834846481874,119.76254026503567,65.20672782874617,1.8339653414882773,256.22076962283387,4.033966033966034,2021-03-29,20.4,21.6,19.42,20.74,0.0,VIX,0.0996818663838812,2.0,2021-07-02,1.3055136886294159,1.5801088207870895,43769606179769.55,1.4065100494773115,0.8743551058358242,0.8313589939484075,1.0351913964153014,4.033966033966034
2021-03-30,2021-07-02,1.0860103896103894,138.36648351648353,1.2723084915084917,1.3387159840159841,0.9065211788211788,10.189976423576423,1.7420000000000074e-06,0.000282524,1.5157000000000018e-05,0.000107107,-0.000131059,0.00012570300000000004,90.46100674725275,91.66191675824176,81.37544374425573,92.22968404295705,92.36440729770229,101.95294091808192,84.4257861978022,-3.467600000000001e-05,4.033966033966034,2021-07-01,3.3587499999999997,4.15625,2021-07-02,302.7755117227319,3.8927624872579,3.581304791029561,3.5051348651348655,3.5293306693306694,3.61592252803262,-0.024195804195804214,102.57233200815496,589797.0968399593,21238.371967380222,22732.834846481874,119.76254026503567,65.20672782874617,1.8339653414882773,256.22076962283387,4.033966033966034,2021-03-30,20.76,21.75,19.47,19.61,0.0,VIX,-0.0544840887174541,3.0,2021-07-02,1.3055136886294159,1.5801088207870895,43769606179769.55,1.4065100494773115,0.8743551058358242,0.8313589939484075,1.0351913964153014,4.033966033966034
2021-04-05,2021-07-02,1.0860103896103894,138.36648351648353,1.2723084915084917,1.3387159840159841,0.9065211788211788,10.189976423576423,1.7420000000000074e-06,0.000282524,1.5157000000000018e-05,0.000107107,-0.000131059,0.00012570300000000004,90.46100674725275,91.66191675824176,81.37544374425573,92.22968404295705,92.36440729770229,101.95294091808192,84.4257861978022,-3.467600000000001e-05,4.033966033966034,2021-07-01,3.3587499999999997,4.15625,2021-07-02,302.7755117227319,3.8927624872579,3.581304791029561,3.5051348651348655,3.5293306693306694,3.61592252803262,-0.024195804195804214,102.57233200815496,589797.0968399593,21238.371967380222,22732.834846481874,119.76254026503567,65.20672782874617,1.8339653414882773,256.22076962283387,4.033966033966034,2021-04-05,18.16,18.4,17.35,17.91,0.0,VIX,0.0334679746105022,2.0,2021-07-02,1.3055136886294159,1.5801088207870895,43769606179769.55,1.4065100494773115,0.8743551058358242,0.8313589939484075,1.0351913964153014,4.033966033966034
2021-04-06,2021-07-02,1.0860103896103894,138.36648351648353,1.2723084915084917,1.3387159840159841,0.9065211788211788,10.189976423576423,1.7420000000000074e-06,0.000282524,1.5157000000000018e-05,0.000107107,-0.000131059,0.00012570300000000004,90.46100674725275,91.66191675824176,81.37544374425573,92.22968404295705,92.36440729770229,101.95294091808192,84.4257861978022,-3.467600000000001e-05,4.033966033966034,2021-07-01,3.3587499999999997,4.15625,2021-07-02,302.7755117227319,3.8927624872579,3.581304791029561,3.5051348651348655,3.5293306693306694,3.61592252803262,-0.024195804195804214,102.57233200815496,589797.0968399593,21238.371967380222,22732.834846481874,119.76254026503567,65.20672782874617,1.8339653414882773,256.22076962283387,4.033966033966034,2021-04-06,18.07,18.3,17.37,18.12,0.0,VIX,0.0117252931323283,3.0,2021-07-02,1.3055136886294159,1.5801088207870895,43769606179769.55,1.4065100494773115,0.8743551058358242,0.8313589939484075,1.0351913964153014,4.033966033966034
2021-04-08,2021-07-02,1.0860103896103894,138.36648351648353,1.2723084915084917,1.3387159840159841,0.9065211788211788,10.189976423576423,1.7420000000000074e-06,0.000282524,1.5157000000000018e-05,0.000107107,-0.000131059,0.00012570300000000004,90.46100674725275,91.66191675824176,81.37544374425573,92.22968404295705,92.36440729770229,101.95294091808192,84.4257861978022,-3.467600000000001e-05,4.033966033966034,2021-07-01,3.3587499999999997,4.15625,2021-07-02,302.7755117227319,3.8927624872579,3.581304791029561,3.5051348651348655,3.5293306693306694,3.61592252803262,-0.024195804195804214,102.57233200815496,589797.0968399593,21238.371967380222,22732.834846481874,119.76254026503567,65.20672782874617,1.8339653414882773,256.22076962283387,4.033966033966034,2021-04-08,16.92,17.36,16.55,16.95,0.0,VIX,-0.0122377622377622,5.0,2021-07-02,1.3055136886294159,1.5801088207870895,43769606179769.55,1.4065100494773115,0.8743551058358242,0.8313589939484075,1.0351913964153014,4.033966033966034
2021-04-13,2021-07-02,1.0860103896103894,138.36648351648353,1.2723084915084917,1.3387159840159841,0.9065211788211788,10.189976423576423,1.7420000000000074e-06,0.000282524,1.5157000000000018e-05,0.000107107,-0.000131059,0.00012570300000000004,90.46100674725275,91.66191675824176,81.37544374425573,92.22968404295705,92.36440729770229,101.95294091808192,84.4257861978022,-3.467600000000001e-05,4.033966033966034,2021-07-01,3.3587499999999997,4.15625,2021-07-02,302.7755117227319,3.8927624872579,3.581304791029561,3.5051348651348655,3.5293306693306694,3.61592252803262,-0.024195804195804214,102.57233200815496,589797.0968399593,21238.371967380222,22732.834846481874,119.76254026503567,65.20672782874617,1.8339653414882773,256.22076962283387,4.033966033966034,2021-04-13,16.99,17.86,16.43,16.65,0.0,VIX,-0.0153755174452987,3.0,2021-07-02,1.3055136886294159,1.5801088207870895,43769606179769.55,1.4065100494773115,0.8743551058358242,0.8313589939484075,1.0351913964153014,4.033966033966034
2021-04-14,2021-07-02,1.0860103896103894,138.36648351648353,1.2723084915084917,1.3387159840159841,0.9065211788211788,10.189976423576423,1.7420000000000074e-06,0.000282524,1.5157000000000018e-05,0.000107107,-0.000131059,0.00012570300000000004,90.46100674725275,91.66191675824176,81.37544374425573,92.22968404295705,92.36440729770229,101.95294091808192,84.4257861978022,-3.467600000000001e-05,4.033966033966034,2021-07-01,3.3587499999999997,4.15625,2021-07-02,302.7755117227319,3.8927624872579,3.581304791029561,3.5051348651348655,3.5293306693306694,3.61592252803262,-0.024195804195804214,102.57233200815496,589797.0968399593,21238.371967380222,22732.834846481874,119.76254026503567,65.20672782874617,1.8339653414882773,256.22076962283387,4.033966033966034,2021-04-14,16.71,17.69,15.38,16.99,0.0,VIX,0.0204204204204203,4.0,2021-07-02,1.3055136886294159,1.5801088207870895,43769606179769.55,1.4065100494773115,0.8743551058358242,0.8313589939484075,1.0351913964153014,4.033966033966034
2021-04-27,2021-07-02,1.0860103896103894,138.36648351648353,1.2723084915084917,1.3387159840159841,0.9065211788211788,10.189976423576423,1.7420000000000074e-06,0.000282524,1.5157000000000018e-05,0.000107107,-0.000131059,0.00012570300000000004,90.46100674725275,91.66191675824176,81.37544374425573,92.22968404295705,92.36440729770229,101.95294091808192,84.4257861978022,-3.467600000000001e-05,4.033966033966034,2021-07-01,3.3587499999999997,4.15625,2021-07-02,302.7755117227319,3.8927624872579,3.581304791029561,3.5051348651348655,3.5293306693306694,3.61592252803262,-0.024195804195804214,102.57233200815496,589797.0968399593,21238.371967380222,22732.834846481874,119.76254026503567,65.20672782874617,1.8339653414882773,256.22076962283387,4.033966033966034,2021-04-27,17.62,18.16,16.97,17.56,0.0,VIX,-0.0045351473922903,3.0,2021-07-02,1.3055136886294159,1.5801088207870895,43769606179769.55,1.4065100494773115,0.8743551058358242,0.8313589939484075,1.0351913964153014,4.033966033966034
2021-05-03,2021-07-02,1.0860103896103894,138.36648351648353,1.2723084915084917,1.3387159840159841,0.9065211788211788,10.189976423576423,1.7420000000000074e-06,0.000282524,1.5157000000000018e-05,0.000107107,-0.000131059,0.00012570300000000004,90.46100674725275,91.66191675824176,81.37544374425573,92.22968404295705,92.36440729770229,101.95294091808192,84.4257861978022,-3.467600000000001e-05,4.033966033966034,2021-07-01,3.3587499999999997,4.15625,2021-07-02,302.7755117227319,3.8927624872579,3.581304791029561,3.5051348651348655,3.5293306693306694,3.61592252803262,-0.024195804195804214,102.57233200815496,589797.0968399593,21238.371967380222,22732.834846481874,119.76254026503567,65.20672782874617,1.8339653414882773,256.22076962283387,4.033966033966034,2021-05-03,18.65,19.12,17.8,18.31,0.0,VIX,-0.0161203653949489,2.0,2021-07-02,1.3055136886294159,1.5801088207870895,43769606179769.55,1.4065100494773115,0.8743551058358242,0.8313589939484075,1.0351913964153014,4.033966033966034
2021-05-04,2021-07-02,1.0860103896103894,138.36648351648353,1.2723084915084917,1.3387159840159841,0.9065211788211788,10.189976423576423,1.7420000000000074e-06,0.000282524,1.5157000000000018e-05,0.000107107,-0.000131059,0.00012570300000000004,90.46100674725275,91.66191675824176,81.37544374425573,92.22968404295705,92.36440729770229,101.95294091808192,84.4257861978022,-3.467600000000001e-05,4.033966033966034,2021-07-01,3.3587499999999997,4.15625,2021-07-02,302.7755117227319,3.8927624872579,3.581304791029561,3.5051348651348655,3.5293306693306694,3.61592252803262,-0.024195804195804214,102.57233200815496,589797.0968399593,21238.371967380222,22732.834846481874,119.76254026503567,65.20672782874617,1.8339653414882773,256.22076962283387,4.033966033966034,2021-05-04,18.16,21.85,18.11,19.48,0.0,VIX,0.0638995084653195,3.0,2021-07-02,1.3055136886294159,1.5801088207870895,43769606179769.55,1.4065100494773115,0.8743551058358242,0.8313589939484075,1.0351913964153014,4.033966033966034
2021-05-10,2021-07-02,1.0860103896103894,138.36648351648353,1.2723084915084917,1.3387159840159841,0.9065211788211788,10.189976423576423,1.7420000000000074e-06,0.000282524,1.5157000000000018e-05,0.000107107,-0.000131059,0.00012570300000000004,90.46100674725275,91.66191675824176,81.37544374425573,92.22968404295705,92.36440729770229,101.95294091808192,84.4257861978022,-3.467600000000001e-05,4.033966033966034,2021-07-01,3.3587499999999997,4.15625,2021-07-02,302.7755117227319,3.8927624872579,3.581304791029561,3.5051348651348655,3.5293306693306694,3.61592252803262,-0.024195804195804214,102.57233200815496,589797.0968399593,21238.371967380222,22732.834846481874,119.76254026503567,65.20672782874617,1.8339653414882773,256.22076962283387,4.033966033966034,2021-05-10,17.34,19.75,17.07,19.66,0.0,VIX,0.1779508687837028,2.0,2021-07-02,1.3055136886294159,1.5801088207870895,43769606179769.55,1.4065100494773115,0.8743551058358242,0.8313589939484075,1.0351913964153014,4.033966033966034
2021-05-18,2021-07-02,1.0860103896103894,138.36648351648353,1.2723084915084917,1.3387159840159841,0.9065211788211788,10.189976423576423,1.7420000000000074e-06,0.000282524,1.5157000000000018e-05,0.000107107,-0.000131059,0.00012570300000000004,90.46100674725275,91.66191675824176,81.37544374425573,92.22968404295705,92.36440729770229,101.95294091808192,84.4257861978022,-3.467600000000001e-05,4.033966033966034,2021-07-01,3.3587499999999997,4.15625,2021-07-02,302.7755117227319,3.8927624872579,3.581304791029561,3.5051348651348655,3.5293306693306694,3.61592252803262,-0.024195804195804214,102.57233200815496,589797.0968399593,21238.371967380222,22732.834846481874,119.76254026503567,65.20672782874617,1.8339653414882773,256.22076962283387,4.033966033966034,2021-05-18,18.89,21.45,18.81,21.34,0.0,VIX,0.0821501014198784,3.0,2021-07-02,1.3055136886294159,1.5801088207870895,43769606179769.55,1.4065100494773115,0.8743551058358242,0.8313589939484075,1.0351913964153014,4.033966033966034
2021-05-20,2021-07-02,1.0860103896103894,138.36648351648353,1.2723084915084917,1.3387159840159841,0.9065211788211788,10.189976423576423,1.7420000000000074e-06,0.000282524,1.5157000000000018e-05,0.000107107,-0.000131059,0.00012570300000000004,90.46100674725275,91.66191675824176,81.37544374425573,92.22968404295705,92.36440729770229,101.95294091808192,84.4257861978022,-3.467600000000001e-05,4.033966033966034,2021-07-01,3.3587499999999997,4.15625,2021-07-02,302.7755117227319,3.8927624872579,3.581304791029561,3.5051348651348655,3.5293306693306694,3.61592252803262,-0.024195804195804214,102.57233200815496,589797.0968399593,21238.371967380222,22732.834846481874,119.76254026503567,65.20672782874617,1.8339653414882773,256.22076962283387,4.033966033966034,2021-05-20,22.33,23.5,20.19,20.67,0.0,VIX,-0.0680793507664562,5.0,2021-07-02,1.3055136886294159,1.5801088207870895,43769606179769.55,1.4065100494773115,0.8743551058358242,0.8313589939484075,1.0351913964153014,4.033966033966034
2021-05-24,2021-07-02,1.0860103896103894,138.36648351648353,1.2723084915084917,1.3387159840159841,0.9065211788211788,10.189976423576423,1.7420000000000074e-06,0.000282524,1.5157000000000018e-05,0.000107107,-0.000131059,0.00012570300000000004,90.46100674725275,91.66191675824176,81.37544374425573,92.22968404295705,92.36440729770229,101.95294091808192,84.4257861978022,-3.467600000000001e-05,4.033966033966034,2021-07-01,3.3587499999999997,4.15625,2021-07-02,302.7755117227319,3.8927624872579,3.581304791029561,3.5051348651348655,3.5293306693306694,3.61592252803262,-0.024195804195804214,102.57233200815496,589797.0968399593,21238.371967380222,22732.834846481874,119.76254026503567,65.20672782874617,1.8339653414882773,256.22076962283387,4.033966033966034,2021-05-24,20.5,20.51,18.38,18.4,0.0,VIX,-0.086848635235732,2.0,2021-07-02,1.3055136886294159,1.5801088207870895,43769606179769.55,1.4065100494773115,0.8743551058358242,0.8313589939484075,1.0351913964153014,4.033966033966034
2021-05-27,2021-07-02,1.0860103896103894,138.36648351648353,1.2723084915084917,1.3387159840159841,0.9065211788211788,10.189976423576423,1.7420000000000074e-06,0.000282524,1.5157000000000018e-05,0.000107107,-0.000131059,0.00012570300000000004,90.46100674725275,91.66191675824176,81.37544374425573,92.22968404295705,92.36440729770229,101.95294091808192,84.4257861978022,-3.467600000000001e-05,4.033966033966034,2021-07-01,3.3587499999999997,4.15625,2021-07-02,302.7755117227319,3.8927624872579,3.581304791029561,3.5051348651348655,3.5293306693306694,3.61592252803262,-0.024195804195804214,102.57233200815496,589797.0968399593,21238.371967380222,22732.834846481874,119.76254026503567,65.20672782874617,1.8339653414882773,256.22076962283387,4.033966033966034,2021-05-27,18.03,18.17,16.52,16.74,0.0,VIX,-0.0357142857142858,5.0,2021-07-02,1.3055136886294159,1.5801088207870895,43769606179769.55,1.4065100494773115,0.8743551058358242,0.8313589939484075,1.0351913964153014,4.033966033966034
2021-06-08,2021-07-02,1.0860103896103894,138.36648351648353,1.2723084915084917,1.3387159840159841,0.9065211788211788,10.189976423576423,1.7420000000000074e-06,0.000282524,1.5157000000000018e-05,0.000107107,-0.000131059,0.00012570300000000004,90.46100674725275,91.66191675824176,81.37544374425573,92.22968404295705,92.36440729770229,101.95294091808192,84.4257861978022,-3.467600000000001e-05,4.033966033966034,2021-07-01,3.3587499999999997,4.15625,2021-07-02,302.7755117227319,3.8927624872579,3.581304791029561,3.5051348651348655,3.5293306693306694,3.61592252803262,-0.024195804195804214,102.57233200815496,589797.0968399593,21238.371967380222,22732.834846481874,119.76254026503567,65.20672782874617,1.8339653414882773,256.22076962283387,4.033966033966034,2021-06-08,16.58,17.75,15.15,17.07,0.0,VIX,0.0395858708891594,3.0,2021-07-02,1.3055136886294159,1.5801088207870895,43769606179769.55,1.4065100494773115,0.8743551058358242,0.8313589939484075,1.0351913964153014,4.033966033966034
2021-06-14,2021-07-02,1.0860103896103894,138.36648351648353,1.2723084915084917,1.3387159840159841,0.9065211788211788,10.189976423576423,1.7420000000000074e-06,0.000282524,1.5157000000000018e-05,0.000107107,-0.000131059,0.00012570300000000004,90.46100674725275,91.66191675824176,81.37544374425573,92.22968404295705,92.36440729770229,101.95294091808192,84.4257861978022,-3.467600000000001e-05,4.033966033966034,2021-07-01,3.3587499999999997,4.15625,2021-07-02,302.7755117227319,3.8927624872579,3.581304791029561,3.5051348651348655,3.5293306693306694,3.61592252803262,-0.024195804195804214,102.57233200815496,589797.0968399593,21238.371967380222,22732.834846481874,119.76254026503567,65.20672782874617,1.8339653414882773,256.22076962283387,4.033966033966034,2021-06-14,16.04,17.04,15.04,16.39,0.0,VIX,0.0472843450479232,2.0,2021-07-02,1.3055136886294159,1.5801088207870895,43769606179769.55,1.4065100494773115,0.8743551058358242,0.8313589939484075,1.0351913964153014,4.033966033966034
2021-06-15,2021-07-02,1.0860103896103894,138.36648351648353,1.2723084915084917,1.3387159840159841,0.9065211788211788,10.189976423576423,1.7420000000000074e-06,0.000282524,1.5157000000000018e-05,0.000107107,-0.000131059,0.00012570300000000004,90.46100674725275,91.66191675824176,81.37544374425573,92.22968404295705,92.36440729770229,101.95294091808192,84.4257861978022,-3.467600000000001e-05,4.033966033966034,2021-07-01,3.3587499999999997,4.15625,2021-07-02,302.7755117227319,3.8927624872579,3.581304791029561,3.5051348651348655,3.5293306693306694,3.61592252803262,-0.024195804195804214,102.57233200815496,589797.0968399593,21238.371967380222,22732.834846481874,119.76254026503567,65.20672782874617,1.8339653414882773,256.22076962283387,4.033966033966034,2021-06-15,16.27,17.35,16.14,17.02,0.0,VIX,0.0384380719951189,3.0,2021-07-02,1.3055136886294159,1.5801088207870895,43769606179769.55,1.4065100494773115,0.8743551058358242,0.8313589939484075,1.0351913964153014,4.033966033966034
2021-06-18,2021-07-02,1.0860103896103894,138.36648351648353,1.2723084915084917,1.3387159840159841,0.9065211788211788,10.189976423576423,1.7420000000000074e-06,0.000282524,1.5157000000000018e-05,0.000107107,-0.000131059,0.00012570300000000004,90.46100674725275,91.66191675824176,81.37544374425573,92.22968404295705,92.36440729770229,101.95294091808192,84.4257861978022,-3.467600000000001e-05,4.033966033966034,2021-07-01,3.3587499999999997,4.15625,2021-07-02,302.7755117227319,3.8927624872579,3.581304791029561,3.5051348651348655,3.5293306693306694,3.61592252803262,-0.024195804195804214,102.57233200815496,589797.0968399593,21238.371967380222,22732.834846481874,119.76254026503567,65.20672782874617,1.8339653414882773,256.22076962283387,4.033966033966034,2021-06-18,16.96,21.04,16.92,20.7,0.0,VIX,0.1661971830985915,6.0,2021-07-02,1.3055136886294159,1.5801088207870895,43769606179769.55,1.4065100494773115,0.8743551058358242,0.8313589939484075,1.0351913964153014,4.033966033966034
2021-06-21,2021-07-02,1.0860103896103894,138.36648351648353,1.2723084915084917,1.3387159840159841,0.9065211788211788,10.189976423576423,1.7420000000000074e-06,0.000282524,1.5157000000000018e-05,0.000107107,-0.000131059,0.00012570300000000004,90.46100674725275,91.66191675824176,81.37544374425573,92.22968404295705,92.36440729770229,101.95294091808192,84.4257861978022,-3.467600000000001e-05,4.033966033966034,2021-07-01,3.3587499999999997,4.15625,2021-07-02,302.7755117227319,3.8927624872579,3.581304791029561,3.5051348651348655,3.5293306693306694,3.61592252803262,-0.024195804195804214,102.57233200815496,589797.0968399593,21238.371967380222,22732.834846481874,119.76254026503567,65.20672782874617,1.8339653414882773,256.22076962283387,4.033966033966034,2021-06-21,21.74,21.82,17.81,17.89,0.0,VIX,-0.1357487922705313,2.0,2021-07-02,1.3055136886294159,1.5801088207870895,43769606179769.55,1.4065100494773115,0.8743551058358242,0.8313589939484075,1.0351913964153014,4.033966033966034
2021-06-29,2021-07-02,1.0860103896103894,138.36648351648353,1.2723084915084917,1.3387159840159841,0.9065211788211788,10.189976423576423,1.7420000000000074e-06,0.000282524,1.5157000000000018e-05,0.000107107,-0.000131059,0.00012570300000000004,90.46100674725275,91.66191675824176,81.37544374425573,92.22968404295705,92.36440729770229,101.95294091808192,84.4257861978022,-3.467600000000001e-05,4.033966033966034,2021-07-01,3.3587499999999997,4.15625,2021-07-02,302.7755117227319,3.8927624872579,3.581304791029561,3.5051348651348655,3.5293306693306694,3.61592252803262,-0.024195804195804214,102.57233200815496,589797.0968399593,21238.371967380222,22732.834846481874,119.76254026503567,65.20672782874617,1.8339653414882773,256.22076962283387,4.033966033966034,2021-06-29,15.69,16.31,14.1,16.02,0.0,VIX,0.0164974619289339,3.0,2021-07-02,1.3055136886294159,1.5801088207870895,43769606179769.55,1.4065100494773115,0.8743551058358242,0.8313589939484075,1.0351913964153014,4.033966033966034
2021-06-30,2021-07-02,1.0860103896103894,138.36648351648353,1.2723084915084917,1.3387159840159841,0.9065211788211788,10.189976423576423,1.7420000000000074e-06,0.000282524,1.5157000000000018e-05,0.000107107,-0.000131059,0.00012570300000000004,90.46100674725275,91.66191675824176,81.37544374425573,92.22968404295705,92.36440729770229,101.95294091808192,84.4257861978022,-3.467600000000001e-05,4.033966033966034,2021-07-01,3.3587499999999997,4.15625,2021-07-02,302.7755117227319,3.8927624872579,3.581304791029561,3.5051348651348655,3.5293306693306694,3.61592252803262,-0.024195804195804214,102.57233200815496,589797.0968399593,21238.371967380222,22732.834846481874,119.76254026503567,65.20672782874617,1.8339653414882773,256.22076962283387,4.033966033966034,2021-06-30,16.18,17.31,15.58,15.83,0.0,VIX,-0.011860174781523,4.0,2021-07-02,1.3055136886294159,1.5801088207870895,43769606179769.55,1.4065100494773115,0.8743551058358242,0.8313589939484075,1.0351913964153014,4.033966033966034
2021-07-07,2021-07-07,1.1803,110.62,1.3792,1.2506,0.9252,8.6261,-0.0011,-0.000361,0.0,0.003209,0.000757,0.004647,99.698382,99.620189,100.596637,99.978253,98.720614,99.697363,99.188509,-0.001094,4.0,2021-07-01,3.3587499999999997,4.15625,2021-07-07,302.7755117227319,3.8927624872579,3.581304791029561,1.33,0.22,3.61592252803262,1.11,102.57233200815496,589797.0968399593,21238.371967380222,22732.834846481874,119.76254026503567,65.20672782874617,1.8339653414882773,256.22076962283387,4.0,2021-07-07,16.43,17.64,16.08,16.2,0.0,VIX,-0.0145985401459854,4.0,2021-07-07,1.192424680124326,1.4002903346104465,308.3049145421081,1.2657676438523355,0.7625973574717527,0.7132258915554824,0.9316049858753188,4.0
2021-07-12,2021-07-12,1.1858,110.36,1.3886,1.2455,0.9154,8.575,-0.000253,0.001634,0.003179,-0.001683,0.000328,-0.000443,100.179123,100.084402,100.833635,100.659659,99.124849,100.764693,99.779592,0.000168,2.0,2021-07-01,3.3587499999999997,4.15625,2021-07-12,302.7755117227319,3.8927624872579,3.581304791029561,1.38,0.23,3.61592252803262,1.15,102.57233200815496,589797.0968399593,21238.371967380222,22732.834846481874,119.76254026503567,65.20672782874617,1.8339653414882773,256.22076962283387,2.0,2021-07-12,16.85,17.52,16.14,16.17,0.0,VIX,-0.0006180469715697,2.0,2021-07-12,1.2043503710704468,1.4198393877034745,820.0923720100259,1.28093030751692,0.7747579505892488,0.7260181254426744,0.9427647063324532,2.0
2021-07-13,2021-07-13,1.1813,110.36,1.3847,1.2511,0.9164,8.628,-0.003795,0.0,-0.002809,0.004496,0.001092,0.006181,99.856632,99.704591,100.833635,100.376948,98.681161,100.654736,99.166667,-0.003219,3.0,2021-07-01,3.3587499999999997,4.15625,2021-07-13,302.7755117227319,3.8927624872579,3.581304791029561,1.42,0.26,3.61592252803262,1.16,102.57233200815496,589797.0968399593,21238.371967380222,22732.834846481874,119.76254026503567,65.20672782874617,1.8339653414882773,256.22076962283387,3.0,2021-07-13,16.39,17.23,15.94,17.12,0.0,VIX,0.0587507730364873,3.0,2021-07-13,1.2015899668166807,1.4152661993810804,649.7489752687457,1.2773993185095818,0.7719029357332543,0.7230059150530502,0.940165898423052,3.0
2021-07-21,2021-07-21,1.1799,110.22,1.3695,1.2538,0.9179,8.6899,0.001953,0.002729,0.005876,-0.014618,-0.004231,-0.001597,99.619941,99.586428,100.961713,99.2751,98.468655,100.490249,98.460281,0.002983,4.0,2021-07-01,3.3587499999999997,4.15625,2021-07-21,302.7755117227319,3.8927624872579,3.581304791029561,1.3,0.22,3.61592252803262,1.08,102.57233200815496,589797.0968399593,21238.371967380222,22732.834846481874,119.76254026503567,65.20672782874617,1.8339653414882773,256.22076962283387,4.0,2021-07-21,19.73,19.82,17.81,17.91,0.0,VIX,-0.0922453117080588,4.0,2021-07-21,1.1607082759500182,1.3481691943873384,19.8487408236588,1.22535860889573,0.730194732829921,0.679184227907615,0.9018639361472572,4.0
2021-07-23,2021-07-23,1.1761,110.52,1.3749,1.258,0.9211,8.6904,-0.00085,0.003815,-7.3e-05,0.000159,0.00174,0.000829,99.401789,99.265699,100.687658,99.666546,98.139905,100.141136,98.454617,-0.001134,6.0,2021-07-01,3.3587499999999997,4.15625,2021-07-23,302.7755117227319,3.8927624872579,3.581304791029561,1.3,0.22,3.61592252803262,1.08,102.57233200815496,589797.0968399593,21238.371967380222,22732.834846481874,119.76254026503567,65.20672782874617,1.8339653414882773,256.22076962283387,6.0,2021-07-23,16.98,17.48,16.33,17.2,0.0,VIX,-0.0276992651215377,6.0,2021-07-23,1.168005676967411,1.360013475265411,36.89753644197422,1.234592256502098,0.7375236950528735,0.6868522793598353,0.9086599007855444,6.0
2021-07-30,2021-07-30,1.1864,109.7,1.3913,1.2466,0.9061,8.5912,-0.001851,0.001552,-0.003795,0.002171,-0.00011,0.004443,100.335459,100.135044,101.440292,100.855382,99.037382,101.798918,99.591442,-0.002107,6.0,2021-07-01,3.3587499999999997,4.15625,2021-07-30,302.7755117227319,3.8927624872579,3.581304791029561,1.24,0.19,3.61592252803262,1.05,102.57233200815496,589797.0968399593,21238.371967380222,22732.834846481874,119.76254026503567,65.20672782874617,1.8339653414882773,256.22076962283387,6.0,2021-07-30,19.69,19.72,17.53,18.24,0.0,VIX,0.0305084745762711,6.0,2021-07-30,1.1499317656109909,1.3305152068609696,7.576683238686576,1.2116450795112308,0.7192458518148432,0.6677124724604089,0.891770778520266,6.0
2021-08-06,2021-08-06,1.1761,110.22,1.3873,1.2563,0.9142,8.6646,-0.006504,0.004282,-0.00402,0.006086,0.007938,0.00619,99.597634,99.265699,100.961713,100.565422,98.272706,100.896959,98.747778,-0.005893,6.0,2021-07-01,3.3587499999999997,4.15625,2021-08-06,272.752,5.1,0.09,1.31,0.21,0.05,1.1,100.0412,539655.0,20811.3,22732.834846481874,109.72,70.3,1.96,233.415,6.0,2021-08-06,17.46,17.5,16.14,16.15,0.0,VIX,-0.0653935185185187,6.0,2021-08-06,1.1472725093850984,1.3260833800892342,5.870847110565429,1.2082259962927788,0.7164841573548264,0.6648090936234734,0.8892543332714853,6.0
2021-08-16,2021-08-16,1.1776,109.26,1.3849,1.257,0.9123,8.6475,-0.001695,-0.004465,-0.000577,0.004636,-0.004257,0.001471,99.781285,99.392302,101.848801,100.391446,98.217979,101.107092,98.943047,-0.000744,2.0,2021-07-01,3.3587499999999997,4.15625,2021-08-16,272.752,5.1,0.09,1.26,0.21,0.05,1.05,100.0412,539655.0,20811.3,22732.834846481874,109.72,70.3,1.96,233.415,2.0,2021-08-16,17.05,17.71,16.02,16.12,0.0,VIX,0.0433656957928803,2.0,2021-08-16,1.1216381223041767,1.2846133433142883,0.5925212814116173,1.1758232986307906,0.6909011247428309,0.6381370646162969,0.865405947792262,2.0
2021-08-19,2021-08-19,1.1693,109.75,1.3673,1.279,0.9173,8.7888,-0.000769,-0.001547,-0.005528,0.012027,-0.000654,0.007497,98.923718,98.691762,101.394077,99.115622,96.528538,100.55598,97.352312,-0.002238,5.0,2021-07-01,3.3587499999999997,4.15625,2021-08-19,272.752,5.1,0.09,1.24,0.22,0.05,1.02,100.0412,539655.0,20811.3,22732.834846481874,109.72,70.3,1.96,233.415,5.0,2021-08-19,23.12,24.74,20.37,21.67,0.0,VIX,0.0046360686138156,5.0,2021-08-19,1.1270377225053576,1.293226756217229,0.9481755213499172,1.1825949851159387,0.6961878399020079,0.6436248222810111,0.8703899090453309,5.0
2021-08-30,2021-08-30,1.1795,109.91,1.3758,1.2606,0.9172,8.6223,8.5e-05,0.000637,-0.000799,-0.000555,0.005481,-0.002095,99.680414,99.552667,101.246474,99.731787,97.93749,100.566943,99.232223,-0.000196,2.0,2021-07-01,3.3587499999999997,4.15625,2021-08-30,272.752,5.1,0.09,1.29,0.2,0.05,1.09,100.0412,539655.0,20811.3,22732.834846481874,109.72,70.3,1.96,233.415,2.0,2021-08-30,16.77,16.8,15.98,16.19,0.0,VIX,-0.012202562538133,2.0,2021-08-30,1.1287642745839963,1.295807393496974,1.064862105266118,1.1846807202394762,0.6977385044662034,0.6452076769007793,0.8719250100962546,2.0
2021-08-31,2021-08-31,1.18,110.05,1.3747,1.2629,0.9161,8.6325,0.000424,0.001274,-0.0008,0.001825,-0.001199,0.001183,99.660908,99.594868,101.117674,99.652048,97.759126,100.687698,99.114972,-0.000196,3.0,2021-07-01,3.3587499999999997,4.15625,2021-08-31,272.752,5.1,0.09,1.3,0.2,0.05,1.1,100.0412,539655.0,20811.3,22732.834846481874,109.72,70.3,1.96,233.415,3.0,2021-08-31,15.98,17.07,15.91,16.48,0.0,VIX,0.0179122915379863,3.0,2021-08-31,1.126101413939084,1.2915121505159206,0.8380246058974252,1.1813197538275135,0.6950925441243588,0.6424530029950782,0.8694513388170501,3.0
2021-09-03,2021-09-03,1.1884,109.64,1.3862,1.2524,0.9136,8.5468,0.002193,-0.003363,0.002676,-0.002787,-0.002511,-0.003893,100.346153,100.303849,101.495804,100.485683,98.578729,100.963222,100.108813,0.00255,6.0,2021-07-01,3.3587499999999997,4.15625,2021-09-03,273.942,4.7,0.08,1.33,0.21,0.04,1.12,98.9955,518687.0,20978.9,22732.834846481874,110.047,72.8,1.86,235.678,6.0,2021-09-03,16.27,17.06,16.08,16.41,0.0,VIX,0.0,6.0,2021-09-03,1.1122917871246676,1.2693415595770283,0.2415433950914074,1.1639332670365272,0.6814625931011891,0.6282899936928067,0.856654884538884,6.0
2021-09-07,2021-09-07,1.1849,110.17,1.3792,1.2622,0.9179,8.5774,-0.002945,0.004834,-0.00505,0.007825,0.004707,0.00358,99.947532,100.00844,101.007534,99.978253,97.813342,100.490249,99.751673,-0.003972,3.0,2021-07-01,3.3587499999999997,4.15625,2021-09-07,273.942,4.7,0.08,1.38,0.22,0.04,1.16,98.9955,518687.0,20978.9,22732.834846481874,110.047,72.8,1.86,235.678,3.0,2021-09-07,16.94,18.39,16.89,18.14,0.0,VIX,0.105423522242535,3.0,2021-09-07,1.1298218494805288,1.2973663063419612,1.138343508942839,1.1859483034578102,0.69867077116352,0.6461556330858262,0.8728579513449483,3.0
2021-09-08,2021-09-08,1.1818,110.32,1.3761,1.2681,0.9219,8.6273,-0.002616,0.001362,-0.002248,0.004674,0.004358,0.005818,99.670061,99.746793,100.870196,99.753534,97.358253,100.054236,99.174713,-0.002776,4.0,2021-07-01,3.3587499999999997,4.15625,2021-09-08,273.942,4.7,0.08,1.35,0.22,0.04,1.13,98.9955,518687.0,20978.9,22732.834846481874,110.047,72.8,1.86,235.678,4.0,2021-09-08,18.97,19.64,17.78,17.96,0.0,VIX,-0.0099228224917309,4.0,2021-09-08,1.1319050923390503,1.3006988981661276,1.3640062566031388,1.1885647862474005,0.7007188314387678,0.6482841527485915,0.8747836826780868,4.0
2021-09-10,2021-09-10,1.1821,109.93,1.3847,1.2636,0.918,8.6162,-0.000507,0.001549,-0.000577,-0.000949,0.000763,0.001791,99.859721,99.772113,101.228054,100.376948,97.70497,100.479303,99.302477,-0.000592,6.0,2021-07-01,3.3587499999999997,4.15625,2021-09-10,273.942,4.7,0.08,1.35,0.23,0.04,1.12,98.9955,518687.0,20978.9,22732.834846481874,110.047,72.8,1.86,235.678,6.0,2021-09-10,17.94,21.13,16.99,20.95,0.0,VIX,0.1143617021276595,6.0,2021-09-10,1.1303773282557004,1.2982064342628457,1.1836845253572257,1.1866238253834414,0.6991776774361925,0.646674819760965,0.8733551354822129,6.0
2021-09-21,2021-09-21,1.1724,109.33,1.3663,1.2789,0.9235,8.6734,-0.000426,-0.001279,0.000513,-0.002262,-0.004527,-0.002645,99.14956,98.95341,101.783591,99.043132,96.536086,99.880888,98.647589,0.00047,3.0,2021-07-01,3.3587499999999997,4.15625,2021-09-21,273.942,4.7,0.08,1.33,0.22,0.04,1.11,98.9955,518687.0,20978.9,22732.834846481874,110.047,72.8,1.86,235.678,3.0,2021-09-21,23.41,25.6,21.71,24.36,0.0,VIX,-0.0525087514585764,3.0,2021-09-21,1.126841752453988,1.2923319868738496,0.8338913770157484,1.182083018020546,0.6955259097275387,0.6428462750731352,0.8700131012631219,3.0
2021-09-23,2021-09-23,1.1735,110.17,1.3745,1.2662,0.9243,8.6327,-0.000341,0.005292,0.00556,-0.005576,0.002168,-0.001769,99.272762,99.046253,101.007534,99.63755,97.504344,99.794439,99.112676,0.000226,5.0,2021-07-01,3.3587499999999997,4.15625,2021-09-23,273.942,4.7,0.08,1.41,0.27,0.04,1.14,98.9955,518687.0,20978.9,22732.834846481874,110.047,72.8,1.86,235.678,5.0,2021-09-23,19.91,20.21,18.42,18.63,0.0,VIX,-0.1073310972688069,5.0,2021-09-23,1.1323384400854697,1.3011307263089391,1.3474686600828705,1.1889896057420262,0.7009336525048091,0.6484664168479921,0.8750963498261313,5.0
2021-10-04,2021-10-04,1.1622,110.94,1.3602,1.2571,0.9248,8.7254,0.002069,-0.00027,0.00221,-0.006795,-0.005271,-0.003085,98.522765,98.092505,100.306472,98.600942,98.210166,99.740484,98.059688,0.002428,2.0,2021-07-01,3.3587499999999997,4.15625,2021-10-04,276.528,4.5,0.08,1.49,0.27,0.05,1.22,100.3542,542452.0,21142.9,21960.388,110.741,71.7,1.77,240.465,2.0,2021-10-04,22.9,24.58,21.88,22.96,0.0,VIX,0.0855791962174941,2.0,2021-10-04,1.1302799557930945,1.2976263798456071,1.0824815525969131,1.1863075982960614,0.6987392240453032,0.6461527251230819,0.8731223923459012,2.0
2021-10-06,2021-10-06,1.1546,111.33,1.3569,1.2612,0.9279,8.8093,-0.005427,-0.000539,-0.005205,0.00398,0.000863,0.009245,97.996755,97.451047,99.955088,98.361725,97.890898,99.407264,97.125765,-0.004434,4.0,2021-07-01,3.3587499999999997,4.15625,2021-10-06,276.528,4.5,0.08,1.53,0.3,0.05,1.23,100.3542,542452.0,21142.9,21960.388,110.741,71.7,1.77,240.465,4.0,2021-10-06,22.95,24.4,20.99,21.0,0.0,VIX,-0.0140845070422535,4.0,2021-10-06,1.1237781517908003,1.287153192421501,0.6038839620591391,1.178107382434758,0.692291026814022,0.6394428954214135,0.867087033471982,4.0
2021-10-14,2021-10-14,1.1591,113.59,1.3684,1.2362,0.9232,8.635,0.001988,0.000881,0.002858,-0.006909,-0.003024,-0.008918,98.324974,97.830858,97.96637,99.195361,99.870571,99.913345,99.086277,0.002493,5.0,2021-07-01,3.3587499999999997,4.15625,2021-10-14,276.528,4.5,0.08,1.52,0.36,0.05,1.16,100.3542,542452.0,21142.9,21960.388,110.741,71.7,1.77,240.465,5.0,2021-10-14,18.01,18.08,16.8,16.86,0.0,VIX,-0.0954935622317597,5.0,2021-10-14,1.1067355343589549,1.2597709166547526,0.1275231611464898,1.1566372696754663,0.6754591314018461,0.6219581686639774,0.8512850304811431,5.0
2021-10-18,2021-10-18,1.1609,114.22,1.3726,1.2362,0.9232,8.6592,0.001294,-0.000787,-0.002181,-0.002018,-0.000974,0.004862,98.363595,97.982782,97.42602,99.499819,99.870571,99.913345,98.809359,0.000602,2.0,2021-07-01,3.3587499999999997,4.15625,2021-10-18,276.528,4.5,0.08,1.59,0.44,0.05,1.15,100.3542,542452.0,21142.9,21960.388,110.741,71.7,1.77,240.465,2.0,2021-10-18,17.29,17.93,16.27,16.31,0.0,VIX,0.0006134969325151,2.0,2021-10-18,1.1220557668105755,1.2841826024680287,0.4975103930197551,1.17584500391915,0.6904251283719923,0.6374718276347957,0.8654219228844944,2.0
2021-10-20,2021-10-20,1.1643,114.24,1.3821,1.2328,0.9197,8.5928,0.000946,-0.000263,0.001014,-0.002105,-0.003251,-0.003548,98.679341,98.26975,97.408964,100.188474,100.146009,100.293574,99.572898,0.001165,4.0,2021-07-01,3.3587499999999997,4.15625,2021-10-20,276.528,4.5,0.08,1.65,0.4,0.05,1.25,100.3542,542452.0,21142.9,21960.388,110.741,71.7,1.77,240.465,4.0,2021-10-20,15.82,15.89,15.29,15.49,0.0,VIX,-0.0133757961783439,4.0,2021-10-20,1.1110043257509026,1.266475530829181,0.1836580973142513,1.1619454583373865,0.6795492969740402,0.6261807772100241,0.8551918573363165,4.0
2021-10-21,2021-10-21,1.1643,113.75,1.3812,1.2339,0.9173,8.5922,0.0,-0.004289,-0.000651,0.000892,-0.00261,-7e-05,98.730258,98.26975,97.828571,100.123233,100.056731,100.55598,99.579851,0.000516,5.0,2021-07-01,3.3587499999999997,4.15625,2021-10-21,276.528,4.5,0.08,1.68,0.45,0.05,1.23,100.3542,542452.0,21142.9,21960.388,110.741,71.7,1.77,240.465,5.0,2021-10-21,16.06,16.11,14.92,15.01,0.0,VIX,-0.0309877340219496,5.0,2021-10-21,1.1108948095706757,1.2662835392763354,0.1812455814196342,1.161800116452178,0.6794282660786293,0.6260526521944959,0.855084885708803,5.0
2021-10-27,2021-10-27,1.16,113.75,1.3739,1.2337,0.9183,8.5832,0.000863,-0.003853,-0.002396,-0.004117,-0.002282,-0.004431,98.460157,97.90682,97.828571,99.594056,100.072951,100.446477,99.684267,0.00138,4.0,2021-07-01,3.3587499999999997,4.15625,2021-10-27,276.528,4.5,0.08,1.54,0.5,0.05,1.04,100.3542,542452.0,21142.9,21960.388,110.741,71.7,1.77,240.465,4.0,2021-10-27,15.79,17.29,15.54,16.98,0.0,VIX,0.062578222778473,4.0,2021-10-27,1.119090288310951,1.2792770177387884,0.3704399318331674,1.1720451133840162,0.6873817078110884,0.634287194113405,0.862625203450636,4.0
2021-10-28,2021-10-28,1.1685,113.38,1.3804,1.2348,0.9123,8.5318,0.007328,-0.003253,0.004731,0.000892,-0.006534,-0.005988,99.013774,98.62424,98.147821,100.065241,99.983803,101.107092,100.284817,0.005623,5.0,2021-07-01,3.3587499999999997,4.15625,2021-10-28,276.528,4.5,0.08,1.57,0.5,0.05,1.07,100.3542,542452.0,21142.9,21960.388,110.741,71.7,1.77,240.465,5.0,2021-10-28,17.06,17.16,16.23,16.53,0.0,VIX,-0.0265017667844522,5.0,2021-10-28,1.1255414595356732,1.289595803490455,0.6559841991722762,1.1801494823739085,0.6937185469960894,0.6408665437994673,0.8685900190271965,5.0
2021-11-02,2021-11-02,1.1581,113.78,1.3612,1.242,0.9145,8.5707,-0.000863,-0.003591,-0.004898,0.005261,0.004393,0.006908,98.215,97.746455,97.802777,98.673432,99.404187,100.86386,99.829652,-0.001537,3.0,2021-07-01,3.3587499999999997,4.15625,2021-11-02,278.824,4.2,0.08,1.56,0.46,0.05,1.1,101.2684,563029.0,21317.4,21960.388,111.51,67.4,1.72,243.287,3.0,2021-11-02,16.54,16.65,15.89,16.03,0.0,VIX,-0.0231566118220596,3.0,2021-11-02,1.1293099398783488,1.2955566346067098,0.9010556685367764,1.184852373479238,0.6973674396604077,0.6446463517795796,0.8720513468807193,3.0
2021-11-03,2021-11-03,1.1584,114.06,1.3659,1.2416,0.9121,8.5583,0.000259,0.002461,0.003453,-0.000322,-0.002624,-0.001447,98.256019,97.771776,97.562686,99.014136,99.436211,101.129262,99.974294,0.000418,4.0,2021-07-01,3.3587499999999997,4.15625,2021-11-03,278.824,4.2,0.08,1.6,0.47,0.05,1.13,101.2684,563029.0,21317.4,21960.388,111.51,67.4,1.72,243.287,4.0,2021-11-03,16.11,16.39,14.9,15.1,0.0,VIX,-0.058016219588272,4.0,2021-11-03,1.132667023325055,1.3009339461099256,1.2083723628177003,1.1890721778446682,0.7006729933171125,0.648082225133925,0.8751571228936759,4.0
2021-11-05,2021-11-05,1.1554,113.45,1.3491,1.2439,0.9133,8.5831,0.000693,-0.001584,-0.000222,-0.001846,0.000657,0.000198,98.002945,97.518569,98.087263,97.796303,99.252351,100.996387,99.685428,0.000724,6.0,2021-07-01,3.3587499999999997,4.15625,2021-11-05,278.824,4.2,0.08,1.45,0.39,0.05,1.06,101.2684,563029.0,21317.4,21960.388,111.51,67.4,1.72,243.287,6.0,2021-11-05,15.59,17.02,14.95,16.48,0.0,VIX,0.0673575129533678,6.0,2021-11-05,1.1395604603180791,1.311996263639319,2.2018588395549994,1.197745233584686,0.7074794814207179,0.6551635070798029,0.8815404919183291,6.0
2021-11-08,2021-11-08,1.159,113.15,1.3563,1.2441,0.9132,8.5724,0.003116,-0.002644,0.005337,0.000161,-0.000109,-0.001247,98.279612,97.822417,98.347327,98.318231,99.236396,101.007446,99.809855,0.002823,2.0,2021-07-01,3.3587499999999997,4.15625,2021-11-08,278.824,4.2,0.08,1.51,0.45,0.05,1.06,101.2684,563029.0,21317.4,21960.388,111.51,67.4,1.72,243.287,2.0,2021-11-08,17.23,17.69,16.44,17.22,0.0,VIX,0.0449029126213591,2.0,2021-11-08,1.1341619274631307,1.3032497593333463,1.355733847796577,1.1909151636396167,0.7020815903699067,0.6495343404808437,0.8765135604387579,2.0
2021-11-09,2021-11-09,1.1589,112.87,1.3551,1.2457,0.9118,8.5724,-8.6e-05,-0.002475,-0.000885,0.001286,-0.001533,0.0,98.291564,97.813977,98.5913,98.231243,99.108935,101.162536,99.809855,0.000122,3.0,2021-07-01,3.3587499999999997,4.15625,2021-11-09,278.824,4.2,0.08,1.46,0.41,0.05,1.05,101.2684,563029.0,21317.4,21960.388,111.51,67.4,1.72,243.287,3.0,2021-11-09,17.43,18.57,17.21,17.78,0.0,VIX,0.0325203252032522,3.0,2021-11-09,1.1254406654872773,1.289223767272885,0.6244057807891282,1.1799264033986916,0.6934494222191492,0.6405541918968592,0.868425832901437,3.0
2021-12-07,2021-12-07,1.1247,113.61,1.3236,1.2651,0.9264,9.1201,-0.003102,0.002648,-0.001207,-0.010481,0.000864,0.002991,95.822393,94.927414,97.949124,95.947807,97.589123,99.568221,93.815857,-0.00147,3.0,2021-07-01,3.3587499999999997,4.15625,2021-12-07,280.806,3.9,0.08,1.48,0.7,0.06,0.78,101.1948,613925.0,21471.6,21960.388,112.221,70.6,1.84,241.338,3.0,2021-12-07,24.58,24.69,21.58,21.89,0.0,VIX,-0.1946284032376747,3.0,2021-12-07,1.1202151437594898,1.280363664025153,0.3568047157373294,1.1731319319370914,0.6879120685414686,0.6347272098968165,0.8634251019056993,3.0
2021-12-08,2021-12-08,1.133,113.83,1.3236,1.2653,0.9217,9.0472,0.00738,0.001936,0.0,0.000158,-0.005073,-0.007993,96.248782,95.627954,97.759817,95.947807,97.573698,100.075947,94.571801,0.00445,4.0,2021-07-01,3.3587499999999997,4.15625,2021-12-08,280.806,3.9,0.08,1.52,0.68,0.06,0.84,101.1948,613925.0,21471.6,21960.388,112.221,70.6,1.84,241.338,4.0,2021-12-08,21.74,23.11,19.85,19.9,0.0,VIX,-0.090909090909091,4.0,2021-12-08,1.123936795386416,1.2863053198126249,0.4954663360811284,1.1778024237940723,0.6915582894477719,0.6385106077224757,0.8668625839124372,4.0
2021-12-13,2021-12-13,1.1298,113.42,1.3233,1.2795,0.9212,9.0921,-0.001238,0.000529,-0.002187,0.007005,0.00076,0.004408,96.022483,95.357866,98.113208,95.92606,96.490817,100.130265,94.104772,-0.00189,2.0,2021-07-01,3.3587499999999997,4.15625,2021-12-13,280.806,3.9,0.08,1.42,0.66,0.06,0.76,101.1948,613925.0,21471.6,21960.388,112.221,70.6,1.84,241.338,2.0,2021-12-13,19.29,21.18,18.96,20.31,0.0,VIX,0.0866773675762437,2.0,2021-12-13,1.130404950789842,1.2965926881825918,0.8648149265479294,1.185900564240626,0.6978658782294431,0.6450523473359157,0.8728228152811007,2.0
2022-01-10,2022-01-10,1.1328,115.14,1.3567,1.2679,0.9252,9.104,-0.002641,-0.004065,-0.001178,0.002847,0.006637,0.004812,96.316704,95.611074,96.647559,98.347227,97.37361,99.697363,93.981766,-0.001806,2.0,2021-07-01,3.3587499999999997,4.15625,2022-01-10,282.542,4.0,0.08,1.78,0.92,0.15,0.86,101.2146,505782.0,21586.8,21903.85,112.776,67.2,1.82,246.453,2.0,2022-01-10,19.58,23.33,19.29,19.4,0.0,VIX,0.0341151385927502,2.0,2022-01-10,1.154630429013749,1.3351521578556038,6.559912160126072,1.2162317777413216,0.721536459596784,0.6696384767734119,0.8951465884176127,2.0
2022-01-18,2022-01-18,1.1336,114.6,1.3588,1.2535,0.9168,9.1213,-0.006834,0.006234,-0.005999,-0.001116,0.003832,0.012263,96.562839,95.678596,97.102967,98.499456,98.492222,100.61082,93.803515,-0.006016,3.0,2021-07-01,3.3587499999999997,4.15625,2022-01-18,282.542,4.0,0.08,1.87,1.06,0.15,0.81,101.2146,505782.0,21586.8,21903.85,112.776,67.2,1.82,246.453,3.0,2022-01-18,21.18,23.2,21.18,22.79,0.0,VIX,0.1875977071391348,3.0,2022-01-18,1.1426275819336185,1.315618314135715,2.2458310374730326,1.2010104135617574,0.7094571198754748,0.657017582885797,0.8839436643814536,3.0
2022-01-20,2022-01-20,1.1336,114.08,1.3642,1.2462,0.9157,9.121,-0.000881,-0.00175,0.001248,-0.00296,0.000218,0.001834,96.7266,95.678596,97.545582,98.890903,99.06917,100.731681,93.8066,8.2e-05,5.0,2021-07-01,3.3587499999999997,4.15625,2022-01-20,282.542,4.0,0.08,1.83,1.08,0.15,0.75,101.2146,505782.0,21586.8,21903.85,112.776,67.2,1.82,246.453,5.0,2022-01-20,23.46,25.89,21.68,25.59,0.0,VIX,0.0729559748427672,5.0,2022-01-20,1.152136064049548,1.3309348463799129,5.109295312205845,1.2129970638441936,0.7188974542377176,0.6668554350714262,0.8927658389893265,5.0
2022-01-21,2022-01-21,1.1346,113.72,1.3562,1.2542,0.912,9.1893,0.000882,-0.003156,-0.005864,0.00642,-0.004041,0.007488,96.676126,95.762998,97.854379,98.310982,98.437251,101.140351,93.109377,-0.000522,6.0,2021-07-01,3.3587499999999997,4.15625,2022-01-21,282.542,4.0,0.08,1.75,1.01,0.15,0.74,101.2146,505782.0,21586.8,21903.85,112.776,67.2,1.82,246.453,6.0,2022-01-21,25.38,29.79,25.31,28.85,0.0,VIX,0.1273935130910513,6.0,2022-01-21,1.1582620712071108,1.340834514562908,8.653782490722243,1.2207324069470722,0.7250083207543729,0.6732330078289491,0.8984590515130452,6.0
2022-01-25,2022-01-25,1.1283,113.88,1.3495,1.2637,0.9194,9.2868,-0.002387,0.000527,0.00357,-0.00402,0.005248,-0.004886,96.155648,95.231263,97.716895,97.825299,97.697238,100.3263,92.131843,-0.000636,3.0,2021-07-01,3.3587499999999997,4.15625,2022-01-25,282.542,4.0,0.08,1.78,1.02,0.15,0.76,101.2146,505782.0,21586.8,21903.85,112.776,67.2,1.82,246.453,3.0,2022-01-25,32.29,35.85,29.13,31.16,0.0,VIX,0.0421404682274249,3.0,2022-01-25,1.1509909456230327,1.328992905888618,4.548492569136327,1.211509296720726,0.7176813785591192,0.665572382211754,0.8916708423864543,3.0
2022-02-02,2022-02-02,1.1299,114.36,1.3565,1.2689,0.9186,9.2823,0.005339,-0.003572,0.004443,7.9e-05,-0.004875,0.00014,96.206626,95.366307,97.306751,98.332729,97.296871,100.413673,92.176508,0.00425,4.0,2021-07-01,3.3587499999999997,4.15625,2022-02-02,284.525,3.8,0.08,1.78,1.16,0.33,0.62,101.8458,496221.0,21685.0,21903.85,113.489,62.8,2.04,252.66,4.0,2022-02-02,21.56,22.73,20.46,22.09,0.0,VIX,0.0059198542805098,4.0,2022-02-02,1.1990287194950018,1.4071363248449908,264.20675451773843,1.2723668516783868,0.7660782039916697,0.7162500044934677,0.9364620028352928,4.0
2022-02-03,2022-02-03,1.1425,114.88,1.3602,1.2679,0.9213,9.1233,0.011151,0.004547,0.002728,-0.000788,0.002939,-0.017129,96.855061,96.429777,96.866295,98.600942,97.37361,100.119397,93.782951,0.00674,5.0,2021-07-01,3.3587499999999997,4.15625,2022-02-03,284.525,3.8,0.08,1.82,1.19,0.33,0.63,101.8458,496221.0,21685.0,21903.85,113.489,62.8,2.04,252.66,5.0,2022-02-03,22.63,25.81,22.3,24.35,0.0,VIX,0.1023087369850612,5.0,2022-02-03,1.1944450605441428,1.3995921571468233,179.53197771676665,1.266523655249923,0.7613823382612426,0.711309642529892,0.9321614102639436,5.0
2022-02-04,2022-02-04,1.1455,115.22,1.3543,1.2759,0.9248,9.1382,0.002626,0.00296,-0.004338,0.00631,0.003799,0.001633,96.835516,96.682984,96.580455,98.173251,96.763069,99.740484,93.630037,-0.000202,6.0,2021-07-01,3.3587499999999997,4.15625,2022-02-04,284.525,3.8,0.08,1.93,1.31,0.33,0.62,101.8458,496221.0,21685.0,21903.85,113.489,62.8,2.04,252.66,6.0,2022-02-04,23.77,26.26,22.07,23.22,0.0,VIX,-0.0464065708418892,6.0,2022-02-04,1.1930721158978466,1.397321427742878,159.48949021967996,1.2647683043436655,0.7599670589911816,0.7098193214902686,0.930869471996938,6.0
2022-02-09,2022-02-09,1.1435,115.44,1.354,1.2675,0.9233,9.0914,0.001664,-0.001557,-0.000885,-0.002675,-0.00119,-0.006643,96.795097,96.51418,96.396396,98.151504,97.404339,99.902524,94.112018,0.001621,4.0,2021-07-01,3.3587499999999997,4.15625,2022-02-09,284.525,3.8,0.08,1.94,1.36,0.33,0.58,101.8458,496221.0,21685.0,21903.85,113.489,62.8,2.04,252.66,4.0,2022-02-09,21.27,21.3,19.93,19.96,0.0,VIX,-0.0690298507462686,4.0,2022-02-09,1.1976392933746014,1.4047203440561982,229.80475530513112,1.2705373028768716,0.7645491812558001,0.714620684471045,0.9351154549173776,4.0
2022-02-16,2022-02-16,1.1381,115.41,1.3585,1.2687,0.9219,9.274,0.001584,-0.001989,0.003398,-0.004316,-0.004213,0.000712,96.494049,96.058406,96.421454,98.477709,97.312209,100.054236,92.259004,0.002118,4.0,2021-07-01,3.3587499999999997,4.15625,2022-02-16,284.525,3.8,0.08,2.03,1.52,0.33,0.51,101.8458,496221.0,21685.0,21903.85,113.489,62.8,2.04,252.66,4.0,2022-02-16,25.19,27.09,23.88,24.29,0.0,VIX,-0.054863813229572,4.0,2022-02-16,1.1857387022175307,1.3850858149354313,82.68465728175703,1.255342709187472,0.7523226931023148,0.7017561740923985,0.9239322339619794,4.0
2022-02-17,2022-02-17,1.1364,115.03,1.3624,1.2696,0.9202,9.33,-0.001494,-0.003293,0.002871,0.000709,-0.001844,0.006038,96.465484,95.914922,96.739981,98.76042,97.243226,100.239078,91.705252,-0.000296,5.0,2021-07-01,3.3587499999999997,4.15625,2022-02-17,284.525,3.8,0.08,1.97,1.49,0.33,0.48,101.8458,496221.0,21685.0,21903.85,113.489,62.8,2.04,252.66,5.0,2022-02-17,24.83,28.37,24.76,28.11,0.0,VIX,0.1572663647591601,5.0,2022-02-17,1.1814566367283763,1.3780693832628992,57.390841615107334,1.2498960664879504,0.7479651623593897,0.6971821452791535,0.9199235049351316,5.0
2022-02-23,2022-02-23,1.1316,115.12,1.3555,1.2717,0.9179,9.3662,-0.002292,0.001566,-0.003089,-0.001492,-0.002716,0.005162,96.141863,95.509791,96.66435,98.260239,97.082645,100.490249,91.350815,-0.001869,4.0,2021-07-01,3.3587499999999997,4.15625,2022-02-23,284.525,3.8,0.08,1.99,1.58,0.33,0.41,101.8458,496221.0,21685.0,21903.85,113.489,62.8,2.04,252.66,4.0,2022-02-23,28.04,31.07,27.2,31.02,0.0,VIX,0.0767094758764317,4.0,2022-02-23,1.1838452311947276,1.3818587582789783,68.83167167869678,1.252877928250401,0.7502943155260793,0.6996071774784202,0.9221181551922952,4.0
2022-02-24,2022-02-24,1.1154,115.45,1.336,1.284,0.9266,9.5721,-0.014316,0.002867,-0.014386,0.009672,0.009478,0.021983,94.947371,94.142471,96.388047,96.846684,96.152648,99.54673,89.385819,-0.012424,5.0,2021-07-01,3.3587499999999997,4.15625,2022-02-24,284.525,3.8,0.08,1.96,1.54,0.33,0.42,101.8458,496221.0,21685.0,21903.85,113.489,62.8,2.04,252.66,5.0,2022-02-24,37.5,37.79,29.45,30.32,0.0,VIX,-0.0225660863958736,5.0,2022-02-24,1.1849896887563276,1.3837105426712697,75.55985556074546,1.2543229738533648,0.7514398569029108,0.7008059863911599,0.9231817087560764,5.0
2022-03-10,2022-03-10,1.1007,116.05,1.3108,1.2772,0.9294,9.6597,-0.005601,0.001553,-0.003951,-0.003122,0.003238,-0.001592,93.949304,92.901756,95.889703,95.019935,96.664579,99.246826,88.575215,-0.003656,5.0,2021-07-01,3.3587499999999997,4.15625,2022-03-10,287.467,3.7,0.2,1.98,1.72,0.44,0.26,102.6732,584512.0,21721.5,21903.85,114.489,59.4,2.16,260.014,5.0,2022-03-10,33.03,34.03,30.23,30.23,0.0,VIX,-0.0684129429892143,5.0,2022-03-10,1.1844781637322668,1.3826111846229512,69.03668003837114,1.253553946311596,0.7507065527379886,0.6999950151846872,0.9226157044853346,5.0
2022-03-11,2022-03-11,1.0937,117.08,1.3063,1.2723,0.9326,9.7179,-0.00636,0.008875,-0.003433,-0.003837,0.003443,0.006025,93.454787,92.310939,95.046122,94.69373,97.036862,98.906284,88.044742,-0.005264,6.0,2021-07-01,3.3587499999999997,4.15625,2022-03-11,287.467,3.7,0.2,2.0,1.75,0.44,0.25,102.6732,584512.0,21721.5,21903.85,114.489,59.4,2.16,260.014,6.0,2022-03-11,30.43,31.04,28.84,30.75,0.0,VIX,0.0172014555077737,6.0,2022-03-11,1.1971540091398036,1.403351013886904,199.4871946593796,1.269660576183587,0.7635862412623413,0.7135172477811037,0.9344701840711204,6.0
2022-03-17,2022-03-17,1.111,118.45,1.3159,1.2637,0.9349,9.3951,0.010367,-0.000253,0.004811,-0.00824,-0.006905,-0.007438,94.407534,93.771101,93.946813,95.389634,97.697238,98.662959,91.069813,0.007879,5.0,2021-07-01,3.3587499999999997,4.15625,2022-03-17,287.467,3.7,0.2,2.2,1.94,0.44,0.26,102.6732,584512.0,21721.5,21903.85,114.489,59.4,2.16,260.014,5.0,2022-03-17,26.51,27.47,25.25,25.67,0.0,VIX,-0.0374953130858642,5.0,2022-03-17,1.1975893190673568,1.4039509332232036,202.7381321169385,1.270162796909868,0.7639370534502159,0.7138678448817684,0.9348398185256628,5.0
2022-03-21,2022-03-21,1.1048,119.15,1.3201,1.258,0.9303,9.4387,0.000362,-0.000168,0.00243,-0.004195,-0.003641,0.002209,94.107461,93.247806,93.39488,95.694092,98.139905,99.150812,90.649136,0.00097,2.0,2021-07-01,3.3587499999999997,4.15625,2022-03-21,287.467,3.7,0.2,2.32,2.14,0.44,0.18,102.6732,584512.0,21721.5,21903.85,114.489,59.4,2.16,260.014,2.0,2022-03-21,25.14,25.36,22.99,23.53,0.0,VIX,-0.0142438206954336,2.0,2022-03-21,1.177249931350803,1.3706083539795575,36.071625588627285,1.2442867896406886,0.7432233788511703,0.6921176903438946,0.9157950771755468,2.0
2022-03-25,2022-03-25,1.0985,121.98,1.3193,1.2512,0.9308,9.4281,-0.001908,-0.000819,0.000759,-0.001596,0.0,0.003267,93.550494,92.71607,91.22807,95.6361,98.673274,99.09755,90.751053,-0.00087,6.0,2021-07-01,3.3587499999999997,4.15625,2022-03-25,287.467,3.7,0.2,2.48,2.3,0.44,0.18,102.6732,584512.0,21721.5,21903.85,114.489,59.4,2.16,260.014,6.0,2022-03-25,21.87,22.86,20.8,20.81,0.0,VIX,-0.0396862021227505,6.0,2022-03-25,1.1721685272569324,1.3622590168050583,23.091825675911572,1.237811006104167,0.7380370189942362,0.6866749435812994,0.9110289004926668,6.0
2022-04-13,2022-04-13,1.0874,125.51,1.3072,1.2595,0.9335,9.4955,0.002027,0.002076,0.003146,-0.00111,0.003548,0.000938,92.460984,91.779203,88.662258,94.758971,98.023025,98.810927,90.106893,0.001202,4.0,2021-07-01,3.3587499999999997,4.15625,2022-04-13,288.582,3.7,0.33,2.7,2.37,0.76,0.33,102.9024,582200.0,21749.9,21919.222,114.845,65.2,1.91,265.31,4.0,2022-04-13,23.52,24.45,21.37,21.82,0.0,VIX,-0.1005770816158285,4.0,2022-04-13,1.1700444190677597,1.3584532938589196,18.06843259416678,1.2349602994319029,0.7356132266976223,0.6840832353476134,0.9089307803818804,4.0
2022-04-19,2022-04-19,1.0789,128.55,1.3009,1.2618,0.9482,9.5659,0.000371,0.014041,-0.000768,-0.000158,0.004343,-0.003209,91.608991,91.061783,86.565539,94.302283,97.844349,97.279055,89.443753,-0.001702,3.0,2021-07-01,3.3587499999999997,4.15625,2022-04-19,288.582,3.7,0.33,2.93,2.61,0.76,0.32,102.9024,582200.0,21749.9,21919.222,114.845,65.2,1.91,265.31,3.0,2022-04-19,22.55,22.92,20.36,21.37,0.0,VIX,-0.0360847992783039,3.0,2022-04-19,1.1667407319863377,1.3529760132143578,13.346056395691711,1.2307269042577755,0.7322031673589919,0.6804993410022983,0.9058150015337229,3.0
2022-04-22,2022-04-22,1.079,128.78,1.2848,1.2716,0.9587,9.5434,-0.004521,0.001244,-0.014875,0.015168,0.005665,0.005436,91.355824,91.070223,86.410933,93.135194,97.09028,96.213623,89.65463,-0.006463,6.0,2021-07-01,3.3587499999999997,4.15625,2022-04-22,288.582,3.7,0.33,2.9,2.72,0.76,0.18,102.9024,582200.0,21749.9,21919.222,114.845,65.2,1.91,265.31,6.0,2022-04-22,22.71,28.27,22.62,28.21,0.0,VIX,0.2438271604938271,6.0,2022-04-22,1.170466512475554,1.3589731280795656,18.173224410763044,1.2354193440704786,0.7359027821574815,0.6843600038425229,0.9092686372358724,6.0
2022-05-09,2022-05-09,1.0559,130.37,1.2335,1.2962,0.9927,10.084,-0.00123,0.000153,-0.000729,0.005586,0.006999,0.016522,89.158764,89.120527,85.357061,89.416455,95.247647,92.918304,84.848274,-0.002277,2.0,2021-07-01,3.3587499999999997,4.15625,2022-05-09,291.299,3.6,0.77,3.05,2.61,0.98,0.44,102.9659,601192.0,21690.1,21919.222,115.542,58.4,2.22,273.251,2.0,2022-05-09,31.9,35.48,31.9,34.75,0.0,VIX,0.1510433918516065,2.0,2022-05-09,1.1944044314565214,1.3977189936856458,129.96579368482074,1.2656543105986564,0.759867263540087,0.7094310658257449,0.9315215726006112,2.0
2022-05-20,2022-05-20,1.0559,127.86,1.2492,1.2837,0.9749,9.9506,-0.002645,0.001881,-0.00096,0.001248,0.002056,0.004107,89.715333,89.120527,87.032692,90.554549,96.175119,94.614832,85.98577,-0.002241,6.0,2021-07-01,3.3587499999999997,4.15625,2022-05-20,291.299,3.6,0.77,2.78,2.6,0.98,0.18,102.9659,601192.0,21690.1,21919.222,115.542,58.4,2.22,273.251,6.0,2022-05-20,28.78,32.91,28.06,29.43,0.0,VIX,0.0027257240204427,6.0,2022-05-20,1.2153678947698707,1.4319696384955425,713.4914206565419,1.292261039705565,0.7811428688140194,0.7317820198072619,0.951104125223296,6.0
2022-05-24,2022-05-24,1.0744,126.56,1.2544,1.284,0.9597,9.7688,0.007124,-0.009548,-0.002148,0.00438,-0.006933,-0.006286,90.900275,90.681972,87.926675,90.931497,96.152648,96.113369,87.585988,0.005188,3.0,2021-07-01,3.3587499999999997,4.15625,2022-05-24,291.299,3.6,0.77,2.76,2.5,0.98,0.26,102.9659,601192.0,21690.1,21919.222,115.542,58.4,2.22,273.251,3.0,2022-05-24,29.43,31.07,29.04,29.45,0.0,VIX,0.034058988764045,3.0,2022-05-24,1.221811077476143,1.442530514622408,1194.463550568831,1.3004510202190755,0.7877150107040665,0.738699548843113,0.9571319508812396,3.0
2022-06-03,2022-06-03,1.0721,130.71,1.2496,1.2581,0.9625,9.7769,-0.001118,0.006778,-0.004858,-0.000477,0.00344,0.005244,90.534406,90.487846,85.135032,90.583545,98.132104,95.833766,87.513425,-0.002384,6.0,2021-07-01,3.3587499999999997,4.15625,2022-06-03,295.072,3.6,1.21,2.96,2.66,1.49,0.3,102.8224,594419.0,21642.6,21919.222,116.631,50.0,2.13,280.251,6.0,2022-06-03,24.91,25.96,24.76,24.79,0.0,VIX,0.002831715210356,6.0,2022-06-03,1.2255053958190725,1.4484436311322917,1561.9804207954332,1.305082238793183,0.7913678838960971,0.7425228855686358,0.9605405277517828,6.0
2022-06-06,2022-06-06,1.0699,131.55,1.2544,1.257,0.969,9.7797,-0.002052,0.006426,0.003841,-0.000874,0.006753,0.000286,90.378545,90.302161,84.59141,90.931497,98.217979,95.190918,87.488369,-0.001722,2.0,2021-07-01,3.3587499999999997,4.15625,2022-06-06,295.072,3.6,1.21,3.04,2.73,1.49,0.31,102.8224,594419.0,21642.6,21919.222,116.631,50.0,2.13,280.251,2.0,2022-06-06,25.37,25.81,24.82,25.07,0.0,VIX,0.0112948769665188,2.0,2022-06-06,1.222740197545067,1.4438112822949374,1233.637371450849,1.3015227886521616,0.7884645815896691,0.7394495466360251,0.957920772447991,2.0
2022-06-10,2022-06-10,1.0521,134.19,1.233,1.2782,0.9886,10.017,-0.012669,0.00097,-0.014467,0.010355,0.011045,0.014102,88.799016,88.799797,82.927193,89.38021,96.588953,93.303662,85.415793,-0.011159,6.0,2021-07-01,3.3587499999999997,4.15625,2022-06-10,295.072,3.6,1.21,3.15,3.06,1.49,0.09,102.8224,594419.0,21642.6,21919.222,116.631,50.0,2.13,280.251,6.0,2022-06-10,26.26,29.63,26.05,27.75,0.0,VIX,0.0636259103104637,6.0,2022-06-10,1.2177779147557306,1.435536625572584,810.46111603044,1.2951517348149792,0.7832871586266914,0.7339768050299074,0.9532316768238248,6.0
2022-07-05,2022-07-05,1.0254,135.72,1.1932,1.3064,0.969,10.5264,-0.014891,0.004664,-0.009628,0.011537,0.006962,0.018441,86.735109,86.546253,81.992337,86.495107,94.50398,95.190918,81.2823,-0.01243,3.0,2021-07-01,3.3587499999999997,4.15625,2022-07-05,294.94,3.5,1.68,2.82,2.82,2.23,0.0,103.0505,584625.0,21641.9,22066.784,116.662,51.5,2.31,272.274,3.0,2022-07-05,27.37,29.82,27.3,27.54,0.0,VIX,0.000363240101707,3.0,2022-07-05,1.2163332772546764,1.4326659910988269,661.6770001863166,1.2930884610932185,0.7814024536493176,0.7319125418776427,0.9517131073646088,3.0
2022-07-08,2022-07-08,1.0178,136.16,1.2036,1.2947,0.9775,10.5523,0.00187,0.00125,0.003502,-0.003157,0.004212,0.0,86.458846,85.904794,81.72738,87.249003,95.357998,94.363171,81.082797,0.00148,6.0,2021-07-01,3.3587499999999997,4.15625,2022-07-08,294.94,3.5,1.68,3.09,3.12,2.23,-0.03,103.0505,584625.0,21641.9,22066.784,116.662,51.5,2.31,272.274,6.0,2022-07-08,26.41,26.61,24.43,24.64,0.0,VIX,-0.0552147239263802,6.0,2022-07-08,1.214934647813116,1.4303018418659974,583.8410867173502,1.29127806552173,0.7799176081952722,0.7303387649662911,0.9503806562239931,6.0
2022-07-12,2022-07-12,1.0069,136.68,1.1905,1.3003,0.9812,10.545,-0.001883,-0.004443,-0.000168,0.001849,0.001838,-0.004146,85.725818,84.984808,81.416447,86.299384,94.94732,94.007338,81.138928,-0.000617,3.0,2021-07-01,3.3587499999999997,4.15625,2022-07-12,294.94,3.5,1.68,2.96,3.03,2.23,-0.07,103.0505,584625.0,21641.9,22066.784,116.662,51.5,2.31,272.274,3.0,2022-07-12,27.14,27.75,25.82,27.29,0.0,VIX,0.0427970959113488,3.0,2022-07-12,1.2383842380641354,1.469019552908467,3896.716132819233,1.3212072927004657,0.8040763602819543,0.7558256243736315,0.9724085674275428,3.0
2022-07-25,2022-07-25,1.0211,136.72,1.2042,1.2845,0.9651,10.1975,-0.001369,0.004408,0.001914,-0.001244,0.003953,-0.000921,86.809968,86.183322,81.392627,87.292497,96.11522,95.575588,83.903898,-0.00111,2.0,2021-07-01,3.3587499999999997,4.15625,2022-07-25,294.94,3.5,1.68,2.81,3.0,2.23,-0.19,103.0505,584625.0,21641.9,22066.784,116.662,51.5,2.31,272.274,2.0,2022-07-25,24.33,24.57,23.19,23.36,0.0,VIX,0.0143291359096828,2.0,2022-07-25,1.2445691945481483,1.479039928873812,6138.515728415833,1.329012112330967,0.8102964975916243,0.7623644290999338,0.9781529146755916,2.0
2022-07-28,2022-07-28,1.0163,134.45,1.2126,1.2835,0.9568,10.247,0.005441,-0.020829,0.008231,-0.003571,-0.008497,-0.009387,86.855603,85.77819,82.766828,87.901414,96.190105,96.404682,83.498585,0.007902,5.0,2021-07-01,3.3587499999999997,4.15625,2022-07-28,294.94,3.5,1.68,2.68,2.85,2.23,-0.17,103.0505,584625.0,21641.9,22066.784,116.662,51.5,2.31,272.274,5.0,2022-07-28,23.33,23.54,22.22,22.33,0.0,VIX,-0.0391566265060241,5.0,2022-07-28,1.238590967800397,1.469043278467678,3754.6135679490176,1.3213282360001688,0.8040287323556763,0.7557238818528532,0.9724975816961244,5.0
2022-08-04,2022-08-04,1.0221,133.28,1.2141,1.2852,0.9565,10.1344,0.007392,-0.006707,0.000742,-0.001321,-0.00675,-0.008706,87.277802,86.267725,83.493397,88.010149,96.06287,96.434919,84.42631,0.005929,5.0,2021-07-01,3.3587499999999997,4.15625,2022-08-04,295.162,3.6,2.33,2.68,3.03,2.63,-0.35,103.1703,597265.0,21607.0,22066.784,117.002,58.2,2.25,269.546,5.0,2022-08-04,22.06,22.66,21.44,21.44,0.0,VIX,-0.0232346241457858,5.0,2022-08-04,1.243525873131753,1.4771035471698089,5457.917548347828,1.327585039029922,0.8090449216513446,0.7610074894813605,0.9771025887260228,5.0
2022-08-08,2022-08-08,1.0207,134.73,1.2098,1.2854,0.9545,10.1527,0.003638,-0.004434,0.003068,-0.0068,-0.009341,-0.00452,87.049963,86.149561,82.594819,87.698441,96.047923,96.636983,84.274134,0.004263,2.0,2021-07-01,3.3587499999999997,4.15625,2022-08-08,295.162,3.6,2.33,2.77,3.21,2.63,-0.44,103.1703,597265.0,21607.0,22066.784,117.002,58.2,2.25,269.546,2.0,2022-08-08,21.74,22.01,20.83,21.29,0.0,VIX,0.0066193853427896,2.0,2022-08-08,1.2377968176232148,1.4675052801090858,3393.398554001352,1.3202129343966629,0.8030238892211031,0.7546261622954803,0.9716767197159436,2.0
2022-08-09,2022-08-09,1.0226,134.95,1.2089,1.288,0.9525,10.1606,0.001861,0.001633,-0.000744,0.002023,-0.002095,0.000778,87.103166,86.309926,82.46017,87.6332,95.854037,96.839895,84.20861,0.000611,3.0,2021-07-01,3.3587499999999997,4.15625,2022-08-09,295.162,3.6,2.33,2.8,3.28,2.63,-0.48,103.1703,597265.0,21607.0,22066.784,117.002,58.2,2.25,269.546,3.0,2022-08-09,21.41,22.23,21.41,21.77,0.0,VIX,0.0225457961484265,3.0,2022-08-09,1.238129697834396,1.4680378678278754,3474.1721828349177,1.3206300212668367,0.803353064152807,0.7549709662194924,0.971983695652392,3.0
2022-08-11,2022-08-11,1.0338,132.66,1.223,1.2744,0.9391,10.0363,9.7e-05,0.000603,-0.001225,-0.00227,-0.002019,0.000808,88.149517,87.255233,83.883612,88.65531,96.876962,98.221702,85.251537,0.000106,5.0,2021-07-01,3.3587499999999997,4.15625,2022-08-11,295.162,3.6,2.33,2.87,3.23,2.63,-0.36,103.1703,597265.0,21607.0,22066.784,117.002,58.2,2.25,269.546,5.0,2022-08-11,19.84,20.85,19.71,20.2,0.0,VIX,0.0233029381965552,5.0,2022-08-11,1.2392840527380982,1.4699144437615397,3787.9176722995353,1.3220897111502217,0.8045189775106725,0.7561973100709322,0.9730580274065632,5.0
2022-08-26,2022-08-26,0.9998,137.07,1.1778,1.3006,0.9635,10.6126,0.003916,0.001754,-0.002118,0.00479,-0.001347,0.00151,85.278058,84.38555,81.184796,85.37876,94.925419,95.734302,80.622091,0.001254,6.0,2021-07-01,3.3587499999999997,4.15625,2022-08-26,295.162,3.6,2.33,3.04,3.37,2.63,-0.33,103.1703,597265.0,21607.0,22066.784,117.002,58.2,2.25,269.546,6.0,2022-08-26,22.07,25.9,21.67,25.56,0.0,VIX,0.1735537190082643,6.0,2022-08-26,1.2606294145679209,1.5051739432982632,19867.200000342647,1.3493248854676942,0.8265515724378731,0.7794851054608545,0.993103115704223,6.0
2022-09-07,2022-09-07,0.9942,144.39,1.1473,1.3166,0.9808,10.7604,0.002824,0.010073,-0.006581,0.003353,-0.003151,-0.003094,83.970688,83.912897,77.069049,83.167814,93.771837,94.045677,79.514702,-0.000507,4.0,2021-07-01,3.3587499999999997,4.15625,2022-09-07,296.421,3.5,2.56,3.27,3.45,3.13,-0.18,103.5326,562463.0,21521.3,22066.784,117.377,58.6,2.17,267.898,4.0,2022-09-07,26.93,27.15,24.54,24.64,0.0,VIX,-0.0843552582683017,4.0,2022-09-07,1.2612753234423326,1.506008010838997,20083.796185034986,1.3500444152326962,0.8270268528717759,0.7799495997873731,0.9936326896112644,4.0
2022-09-13,2022-09-13,0.9997,144.3,1.1526,1.3123,0.9608,10.6477,-0.013032,0.013272,-0.014956,0.011329,0.00935,0.003109,84.424116,84.37711,77.117117,83.552012,94.079098,96.003331,80.356321,-0.012535,3.0,2021-07-01,3.3587499999999997,4.15625,2022-09-13,296.421,3.5,2.56,3.42,3.75,3.13,-0.33,103.5326,562463.0,21521.3,22066.784,117.377,58.6,2.17,267.898,3.0,2022-09-13,23.67,28.15,23.53,27.27,0.0,VIX,0.1424382069543359,3.0,2022-09-13,1.2668366191957117,1.5151891333977003,30559.63868358603,1.357135446951634,0.8327671851636117,0.7860224673705231,0.9988516889564028,3.0
2022-09-16,2022-09-16,1.0013,143.04,1.1419,1.3273,0.9647,10.767,0.002202,-0.003692,-0.00462,0.005226,0.004164,0.003561,84.353866,84.512154,77.796421,82.776368,93.015897,95.615217,79.465961,0.000354,6.0,2021-07-01,3.3587499999999997,4.15625,2022-09-16,296.421,3.5,2.56,3.45,3.85,3.13,-0.4,103.5326,562463.0,21521.3,22066.784,117.377,58.6,2.17,267.898,6.0,2022-09-16,27.47,28.45,26.14,26.3,0.0,VIX,0.00114198705748,6.0,2022-09-16,1.2688411816942085,1.5184848130319009,35434.77255081465,1.3596850592573415,0.834825456581799,0.7881983370307348,1.0007282036134035,6.0
2022-09-20,2022-09-20,0.9994,143.64,1.1405,1.3339,0.9628,10.867,-0.0009,0.002093,0.000175,0.003914,-0.003622,0.004743,84.139423,84.351789,77.471456,82.674882,92.555664,95.803905,78.734701,-0.00119,3.0,2021-07-01,3.3587499999999997,4.15625,2022-09-20,296.421,3.5,2.56,3.57,3.96,3.13,-0.39,103.5326,562463.0,21521.3,22066.784,117.377,58.6,2.17,267.898,3.0,2022-09-20,25.65,27.81,25.61,27.16,0.0,VIX,0.0543478260869565,3.0,2022-09-20,1.2514253667147597,1.4893048276332783,8777.134869967971,1.3372842872743198,0.8165006905606726,0.7687482056749917,0.9842412354338994,3.0
2022-09-23,2022-09-23,0.9719,143.18,1.0921,1.3581,0.9816,11.2589,-0.012397,0.007175,-0.030881,0.006075,0.00102,0.017331,82.087582,82.030722,77.720352,79.166365,90.906413,93.96903,75.994102,-0.012964,6.0,2021-07-01,3.3587499999999997,4.15625,2022-09-23,296.421,3.5,2.56,3.69,4.2,3.13,-0.51,103.5326,562463.0,21521.3,22066.784,117.377,58.6,2.17,267.898,6.0,2022-09-23,27.68,32.31,27.58,29.92,0.0,VIX,0.0939670932358318,6.0,2022-09-23,1.2447683199487465,1.4781648980832922,5097.130694326792,1.328725200796101,0.8095127649742198,0.7613408235645381,0.9779417477859303,6.0
2022-09-27,2022-09-27,0.9616,144.71,1.0753,1.3738,0.9896,11.342,-0.000727,0.0018,0.004672,-0.000509,-0.002821,0.000697,81.184891,81.161377,76.898625,77.948532,89.867521,93.209378,75.437313,2.1e-05,3.0,2021-07-01,3.3587499999999997,4.15625,2022-09-27,296.421,3.5,2.56,3.97,4.3,3.13,-0.33,103.5326,562463.0,21521.3,22066.784,117.377,58.6,2.17,267.898,3.0,2022-09-27,31.2,34.14,30.3,32.6,0.0,VIX,0.0105393676379417,3.0,2022-09-27,1.2377843965005355,1.4664873922237027,2865.0206616428113,1.3197483715351357,0.8021925714934959,0.7535872431145135,0.9713348014498596,3.0
2022-09-29,2022-09-29,0.9774,144.45,1.1048,1.37,0.9798,11.1862,0.009606,0.002081,0.019941,0.00381,0.004305,-0.004866,82.326695,82.494936,77.037037,80.086988,90.116788,94.141662,76.487994,0.007175,5.0,2021-07-01,3.3587499999999997,4.15625,2022-09-29,296.421,3.5,2.56,3.76,4.16,3.13,-0.4,103.5326,562463.0,21521.3,22066.784,117.377,58.6,2.17,267.898,5.0,2022-09-29,31.67,33.46,31.16,31.84,0.0,VIX,0.0550033134526175,5.0,2022-09-29,1.2377063262701855,1.4663180274698902,2827.910193724683,1.3196305422018864,0.8020789025569623,0.7534607121518792,0.9712480790605884,5.0
2022-10-10,2022-10-10,0.9785,145.19,1.1116,1.3692,0.9914,11.1736,0.0,0.0,0.0,0.0,0.0,0.0,82.354192,82.587779,76.644397,80.57992,90.169442,93.040145,76.574246,0.0,2.0,2021-07-01,3.3587499999999997,4.15625,2022-10-10,297.979,3.6,3.08,3.89,4.3,3.72,-0.41,103.4442,581106.0,21424.5,22249.459,117.891,59.9,2.28,265.061,2.0,2022-10-10,32.93,33.99,32.05,32.45,0.0,VIX,0.0347576530612245,2.0,2022-10-10,1.2227533850210095,1.4413617404728485,808.1951314058997,1.3004252635928368,0.7864546516273927,0.7369346559697382,0.957112994004328,2.0
2022-11-04,2022-11-04,0.9895,147.22,1.1279,1.3528,0.9981,11.1854,0.013936,-0.006479,0.008584,-0.014641,-0.014806,8e-05,82.959442,83.516205,75.587556,81.761508,91.262567,92.41559,76.493465,0.011969,6.0,2021-07-01,3.3587499999999997,4.15625,2022-11-04,298.708,3.6,3.78,4.17,4.66,4.15,-0.49,103.1058,588876.0,21357.6,22249.459,118.221,56.7,2.18,263.157,6.0,2022-11-04,25.63,25.71,24.0,24.55,0.0,VIX,-0.0296442687747036,6.0,2022-11-04,1.2249554349569405,1.444506007637686,889.4511390184222,1.303014614721235,0.7883199575882555,0.7388228018833454,0.9590187564348288,6.0
2022-11-10,2022-11-10,1.0176,141.78,1.1677,1.3362,0.9672,10.6242,0.013849,-0.029901,0.024658,-0.006764,-0.016673,-0.019826,85.442474,85.887914,78.487798,84.646611,92.396348,95.368073,80.534064,0.016882,5.0,2021-07-01,3.3587499999999997,4.15625,2022-11-10,298.708,3.6,3.78,3.82,4.34,4.15,-0.52,103.1058,588876.0,21357.6,22249.459,118.221,56.7,2.18,263.157,5.0,2022-11-10,26.51,26.59,22.84,23.53,0.0,VIX,-0.0981218857799922,5.0,2022-11-10,1.235792528398502,1.4623095307650342,2103.2028396515966,1.3168063252848603,0.7994104492726692,0.750507316647004,0.9691694554096572,5.0
2022-11-14,2022-11-14,1.0337,140.43,1.1728,1.3295,0.9427,10.4862,0.015822,-0.009522,0.004368,-0.005014,-0.025331,-0.012989,86.547912,87.246793,79.242327,85.01631,92.861978,97.846611,81.593904,0.012938,2.0,2021-07-01,3.3587499999999997,4.15625,2022-11-14,298.708,3.6,3.78,3.88,4.4,4.15,-0.52,103.1058,588876.0,21357.6,22249.459,118.221,56.7,2.18,263.157,2.0,2022-11-14,23.99,24.33,22.86,23.73,0.0,VIX,0.0537300177619894,2.0,2022-11-14,1.2265870469387643,1.44700364173486,982.4633380177632,1.305008875234842,0.7898395681901924,0.7403937579013733,0.9604865321728436,2.0
2022-11-23,2022-11-23,1.0364,139.76,1.204,1.3416,0.9432,10.4909,0.008564,-0.010829,0.013468,0.001119,-0.010387,-0.016951,86.920362,87.474679,79.62221,87.277999,92.024448,97.794741,81.55735,0.008919,4.0,2021-07-01,3.3587499999999997,4.15625,2022-11-23,298.708,3.6,3.78,3.71,4.46,4.15,-0.75,103.1058,588876.0,21357.6,22249.459,118.221,56.7,2.18,263.157,4.0,2022-11-23,21.49,21.78,20.32,20.42,0.0,VIX,-0.0408642555190229,4.0,2022-11-23,1.212916335290632,1.424301529637206,310.7496258698991,1.2874959128305528,0.7756595178856691,0.7254289962395476,0.9475969918432868,4.0
2022-11-25,2022-11-25,1.0402,139.21,1.2102,1.337,0.9459,10.4153,0.003667,-0.003935,0.00515,-0.003429,0.002863,-0.007206,87.244993,87.795409,79.936786,87.727437,92.341062,97.515594,82.149338,0.003735,6.0,2021-07-01,3.3587499999999997,4.15625,2022-11-25,298.708,3.6,3.78,3.68,4.42,4.15,-0.74,103.1058,588876.0,21357.6,22249.459,118.221,56.7,2.18,263.157,6.0,2022-11-25,20.61,21.11,20.46,20.5,0.0,VIX,0.0039177277179234,6.0,2022-11-25,1.214335154096721,1.4265958058490245,346.9445141451645,1.2892858653253594,0.777080065128295,0.7269176142585746,0.9489143968794646,6.0
2022-11-30,2022-11-30,1.0323,139.31,1.1962,1.3538,0.9486,10.6181,-0.003187,0.007449,-0.002834,-0.007187,-0.002104,0.00594,86.552188,87.128629,79.879406,86.712577,91.195154,97.238035,80.58033,-0.002579,4.0,2021-07-01,3.3587499999999997,4.15625,2022-11-30,298.708,3.6,3.78,3.68,4.38,4.15,-0.7,103.1058,588876.0,21357.6,22249.459,118.221,56.7,2.18,263.157,4.0,2022-11-30,21.7,22.63,20.31,20.58,0.0,VIX,-0.0598446779351302,4.0,2022-11-30,1.2117090584346053,1.4221818136747693,274.7461292610104,1.2858970613057388,0.7743140528940284,0.7239919901534403,0.946420237121024,4.0
2022-12-01,2022-12-01,1.0498,135.55,1.2252,1.3427,0.9377,10.3419,0.016952,-0.02699,0.024243,-0.008199,-0.011491,-0.026012,88.154154,88.605672,82.095168,88.814788,91.949058,98.368348,82.73238,0.018509,5.0,2022-12-01,4.1,5.0,2022-12-01,298.808,3.5,4.1,3.53,4.25,4.25,-0.72,101.8266,637438.0,21219.2,22249.459,118.403,59.8,1.97,257.897,5.0,2022-12-01,20.83,21.06,19.8,19.84,0.0,VIX,-0.0359572400388725,5.0,2022-12-01,1.2058419326885277,1.4125312175221338,168.52833114970744,1.2784203778004413,0.7683083061653548,0.7176746425596019,0.9409173980611248,5.0
2022-12-12,2022-12-12,1.0545,137.47,1.2285,1.3654,0.9356,10.3183,-0.000474,0.007845,-0.002112,0.003675,0.003863,0.001942,88.131965,89.002363,80.948571,89.054005,90.42039,98.589141,82.921605,-0.002081,2.0,2021-07-01,3.3587499999999997,4.15625,2022-12-12,298.808,3.5,4.1,3.61,4.39,4.25,-0.78,101.8266,637438.0,21219.2,22249.459,118.403,59.8,1.97,257.897,2.0,2022-12-12,24.4,25.05,24.18,25.0,0.0,VIX,0.0950503723171267,2.0,2022-12-12,1.180898728161551,1.3715899179795312,20.08281089535473,1.2466597433892643,0.7428715668542242,0.690967766188268,0.9175415711344984,2.0
2022-12-13,2022-12-13,1.063,135.14,1.2375,1.353,0.9268,10.2125,0.008061,-0.016949,0.007326,-0.009082,-0.009406,-0.010254,88.957838,89.719784,82.344236,89.706415,91.249076,99.525248,83.780661,0.009371,3.0,2021-07-01,3.3587499999999997,4.15625,2022-12-13,298.808,3.5,4.1,3.51,4.22,4.25,-0.71,101.8266,637438.0,21219.2,22249.459,118.403,59.8,1.97,257.897,3.0,2022-12-13,25.24,25.84,21.46,22.55,0.0,VIX,-0.0979999999999999,3.0,2022-12-13,1.1756112087073456,1.3629812076548924,12.778191743063116,1.2399559565116032,0.7375417005445126,0.6853902029847249,0.91260758399254,3.0
2023-01-04,2023-01-04,1.062,132.0,1.2063,1.3492,0.9271,10.489,0.005777,0.008943,0.007769,-0.012588,-0.010354,-0.006752,88.835946,89.635381,84.30303,87.444726,91.506078,99.493043,81.572123,0.004969,4.0,2021-07-01,3.3587499999999997,4.15625,2023-01-04,300.456,3.5,4.33,3.69,4.36,4.54,-0.67,102.7476,535580.0,21205.4,22403.435,119.007,64.9,1.97,260.227,4.0,2023-01-04,22.93,23.27,21.94,22.01,0.0,VIX,-0.0388646288209605,4.0,2023-01-04,1.146071980985114,1.314883910382878,0.931398903613884,1.202483481728106,0.7077971451725408,0.6543118741245676,0.885027842551886,4.0
2023-01-05,2023-01-05,1.0522,133.57,1.1902,1.3579,0.9364,10.6977,-0.009228,0.011894,-0.013347,0.006448,0.010031,0.019897,87.930102,88.808238,83.312121,86.277637,90.919803,98.504912,79.980744,-0.010197,5.0,2021-07-01,3.3587499999999997,4.15625,2023-01-05,300.456,3.5,4.33,3.71,4.45,4.54,-0.74,102.7476,535580.0,21205.4,22403.435,119.007,64.9,1.97,260.227,5.0,2023-01-05,22.2,22.92,21.97,22.46,0.0,VIX,0.0204452521581099,5.0,2023-01-05,1.1528225513409385,1.3257215079954454,1.6700563957025634,1.2109796609128904,0.7144648361245611,0.6612474577665741,0.8912810304318874,5.0
2023-01-13,2023-01-13,1.0811,127.85,1.2194,1.3413,0.9284,10.4099,-0.001109,-0.014644,0.000985,0.002466,-0.000431,-0.003914,90.319735,91.247468,87.039499,88.394346,92.045031,99.353727,82.191952,0.001328,6.0,2021-07-01,3.3587499999999997,4.15625,2023-01-13,300.456,3.5,4.33,3.49,4.22,4.54,-0.73,102.7476,535580.0,21205.4,22403.435,119.007,64.9,1.97,260.227,6.0,2023-01-13,19.0,19.49,18.01,19.49,0.0,VIX,0.0350504514073286,6.0,2023-01-13,1.150390413583603,1.321663726665628,1.3161905832410716,1.2078488178372468,0.7119384795308066,0.6585952016614585,0.8889767299282137,6.0
2023-01-17,2023-01-17,1.0793,128.18,1.2264,1.338,0.9215,10.4035,-0.001665,0.002581,0.005741,-0.00246,-0.007432,-0.000615,90.311699,91.095544,86.815416,88.901776,92.272048,100.097667,82.242515,-8.9e-05,3.0,2021-07-01,3.3587499999999997,4.15625,2023-01-17,300.456,3.5,4.33,3.53,4.18,4.54,-0.65,102.7476,535580.0,21205.4,22403.435,119.007,64.9,1.97,260.227,3.0,2023-01-17,19.89,20.22,19.21,19.36,0.0,VIX,-0.0066700872242174,3.0,2023-01-17,1.172743547545769,1.357682653460097,8.89719047981911,1.2360331736113708,0.7341410611789355,0.6817346386309598,0.9097204157779688,3.0
2023-01-25,2023-01-25,1.0901,129.64,1.2374,1.3413,0.9199,10.2404,0.002575,-0.003306,0.004139,0.003291,-0.003359,0.003066,90.839295,92.00709,85.837704,89.699166,92.045031,100.271769,83.5524,0.002124,4.0,2021-07-01,3.3587499999999997,4.15625,2023-01-25,300.456,3.5,4.33,3.46,4.11,4.54,-0.65,102.7476,535580.0,21205.4,22403.435,119.007,64.9,1.97,260.227,4.0,2023-01-25,19.56,20.9,18.99,19.08,0.0,VIX,-0.00625,4.0,2023-01-25,1.1518205727153557,1.3237486248120505,1.4313287302762705,1.2095522752435548,0.7131805734050838,0.6598543547462935,0.8902304745792564,4.0
2023-02-07,2023-02-07,1.0705,131.37,1.2013,1.344,0.9239,10.6079,-0.001586,-0.01047,0.000333,-0.000149,-0.004203,-0.004047,89.267254,90.352802,84.707315,87.082276,91.860119,99.837645,80.657812,0.000801,3.0,2021-07-01,3.3587499999999997,4.15625,2023-02-07,301.476,3.6,4.57,3.67,4.47,4.65,-0.8,102.8003,516582.0,21185.4,22403.435,119.401,66.9,1.84,258.669,3.0,2023-02-07,19.54,19.99,18.43,18.66,0.0,VIX,-0.0396294390118373,3.0,2023-02-07,1.1658187272063991,1.3460879445755318,4.585223025570333,1.227104919525557,0.726906037350935,0.6741207832423568,0.90314922077081,3.0
2023-02-09,2023-02-09,1.0761,130.98,1.2157,1.3428,0.9192,10.3218,0.002515,-0.002209,0.005292,-0.000149,-0.000652,-0.024589,89.817769,90.825456,84.959536,88.126133,91.94221,100.348129,82.893488,0.003365,5.0,2021-07-01,3.3587499999999997,4.15625,2023-02-09,301.476,3.6,4.57,3.67,4.48,4.65,-0.81,102.8003,516582.0,21185.4,22403.435,119.401,66.9,1.84,258.669,5.0,2023-02-09,19.24,21.08,19.02,20.71,0.0,VIX,0.055017829852267,5.0,2023-02-09,1.1582909096842484,1.3338988378118937,2.3828663062691997,1.217586256155649,0.7193813171526877,0.6662696257122647,0.8961434845305576,5.0
2023-02-10,2023-02-10,1.067,131.5,1.2061,1.3363,0.9246,10.4607,-0.008456,0.00397,-0.007897,-0.004841,0.005875,0.013457,89.220232,90.057394,84.623574,87.430228,92.389434,99.762059,81.792805,-0.006653,6.0,2021-07-01,3.3587499999999997,4.15625,2023-02-10,301.476,3.6,4.57,3.74,4.5,4.65,-0.76,102.8003,516582.0,21185.4,22403.435,119.401,66.9,1.84,258.669,6.0,2023-02-10,20.74,21.94,20.44,20.53,0.0,VIX,-0.0086914534041525,6.0,2023-02-10,1.1631492933940233,1.3417201061663184,3.609271647088638,1.2237090184362214,0.7242004638987907,0.6712901413015671,0.900649837569059,6.0
2023-02-22,2023-02-22,1.0623,134.77,1.2064,1.354,0.9297,10.4026,-0.00319,-0.000741,-0.003881,0.00185,0.003237,0.005743,88.604662,89.660702,82.570305,87.451975,91.181684,99.2148,82.24963,-0.002749,4.0,2021-07-01,3.3587499999999997,4.15625,2023-02-22,301.476,3.6,4.57,3.93,4.66,4.65,-0.73,102.8003,516582.0,21185.4,22403.435,119.401,66.9,1.84,258.669,4.0,2023-02-22,23.03,23.63,22.02,22.29,0.0,VIX,-0.0253607345867949,4.0,2023-02-22,1.160830687212323,1.3377589270382184,2.839385619849962,1.220682828201345,0.7217154190892576,0.6686651819278617,0.8984225615561903,4.0
2023-02-24,2023-02-24,1.0545,136.36,1.1948,1.3618,0.94,10.4833,-0.003591,0.011573,-0.005659,0.003759,0.006101,0.003417,87.881197,89.002363,81.60751,86.611091,90.659421,98.12766,81.616476,-0.004938,6.0,2021-07-01,3.3587499999999997,4.15625,2023-02-24,301.476,3.6,4.57,3.95,4.78,4.65,-0.83,102.8003,516582.0,21185.4,22403.435,119.401,66.9,1.84,258.669,6.0,2023-02-24,21.35,22.9,21.32,21.67,0.0,VIX,0.0250709555345316,6.0,2023-02-24,1.160604560784527,1.3373577466644753,2.7659273752482263,1.2203808985728308,0.7214610633735452,0.6683943914870727,0.8982003413496036,6.0
2023-02-27,2023-02-27,1.0596,136.18,1.2036,1.3574,0.9375,10.4118,0.004836,-0.00132,0.007365,-0.003231,-0.00266,-0.00682,88.279422,89.432816,81.715377,87.249003,90.953293,98.389333,82.176953,0.004531,2.0,2021-07-01,3.3587499999999997,4.15625,2023-02-27,301.476,3.6,4.57,3.92,4.78,4.65,-0.86,102.8003,516582.0,21185.4,22403.435,119.401,66.9,1.84,258.669,2.0,2023-02-27,21.99,22.02,20.68,20.95,0.0,VIX,-0.0332256575911399,2.0,2023-02-27,1.1820761679121996,1.3720677217583512,17.122822716144505,1.247498323628191,0.7428895136143774,0.690760520581749,0.9181587661903484,2.0
2023-02-28,2023-02-28,1.0602,136.09,1.2093,1.3616,0.9376,10.4346,0.000566,-0.000661,0.004736,0.003094,0.000107,0.00219,88.331661,89.483457,81.769417,87.662196,90.672738,98.37884,81.997393,0.000592,3.0,2021-07-01,3.3587499999999997,4.15625,2023-02-28,301.476,3.6,4.57,3.92,4.81,4.65,-0.89,102.8003,516582.0,21185.4,22403.435,119.401,66.9,1.84,258.669,3.0,2023-02-28,21.3,21.37,20.1,20.7,0.0,VIX,-0.0119331742243437,3.0,2023-02-28,1.1775516396229466,1.364702360652901,11.629577371181638,1.2417621507574617,0.7383300947615162,0.6859900217341997,0.9139369429574918,3.0
2023-03-10,2023-03-10,1.0659,135.05,1.2043,1.3804,0.9213,10.6653,0.007753,-0.00997,0.010149,0.00196,-0.016021,-0.003513,88.527068,89.964551,82.399111,87.299746,89.437844,100.119397,80.223716,0.007607,6.0,2021-07-01,3.3587499999999997,4.15625,2023-03-10,301.643,3.5,4.65,3.7,4.6,4.69,-0.9,102.8143,589560.0,20876.9,22403.435,119.553,62.0,2.05,257.062,6.0,2023-03-10,23.34,28.97,21.79,24.8,0.0,VIX,0.0968597965501991,6.0,2023-03-10,1.1833256188061976,1.373893038596975,18.339193136594595,1.2489874115279311,0.7439793621034735,0.6918683333503745,0.9192547348845574,6.0
2023-03-14,2023-03-14,1.0722,134.33,1.2146,1.3676,0.9137,10.4788,-0.001025,0.009014,-0.001151,-0.000804,0.002084,-0.00979,89.148387,90.496286,82.840765,88.046394,90.274934,100.952172,81.651525,-0.001506,3.0,2021-07-01,3.3587499999999997,4.15625,2023-03-14,301.643,3.5,4.65,3.64,4.2,4.69,-0.56,102.8143,589560.0,20876.9,22403.435,119.553,62.0,2.05,257.062,3.0,2023-03-14,26.85,27.24,22.27,23.73,0.0,VIX,-0.1052036199095022,3.0,2023-03-14,1.1872808405076731,1.3802513274737136,25.261187964568336,1.2539646182855668,0.7479010930333984,0.695960773296593,0.9229179590581772,3.0
2023-03-22,2023-03-22,1.0792,132.67,1.2232,1.3722,0.9237,10.3496,0.002136,0.003024,0.003034,-0.000728,-0.000108,0.000261,89.679778,91.087103,83.87729,88.669808,89.972307,99.859262,82.670828,0.00128,4.0,2021-07-01,3.3587499999999997,4.15625,2023-03-22,301.643,3.5,4.65,3.48,3.96,4.69,-0.48,102.8143,589560.0,20876.9,22403.435,119.553,62.0,2.05,257.062,4.0,2023-03-22,21.8,22.38,19.94,22.26,0.0,VIX,0.0411599625818523,4.0,2023-03-22,1.209907237568204,1.4170624715945896,162.41415416308593,1.2826258895288438,0.7707101794105079,0.7198595874768985,0.9440126546932291,4.0
2023-03-29,2023-03-29,1.0826,132.69,1.2313,1.3575,0.9195,10.4126,-0.00166,0.013133,-0.002269,-0.002938,-0.000326,0.006865,89.997298,91.374072,83.864647,89.256977,90.946593,100.315389,82.170639,-0.002877,4.0,2021-07-01,3.3587499999999997,4.15625,2023-03-29,301.643,3.5,4.65,3.57,4.08,4.69,-0.51,102.8143,589560.0,20876.9,22403.435,119.553,62.0,2.05,257.062,4.0,2023-03-29,19.39,19.45,19.09,19.12,0.0,VIX,-0.0425638457686529,4.0,2023-03-29,1.19623456734954,1.3945614187591109,50.912125122086294,1.2651920758328123,0.7567142850582496,0.705148877100307,0.9311813678129498,4.0
2023-04-12,2023-04-12,1.0987,133.25,1.2471,1.345,0.8968,10.3359,0.007427,-0.002844,0.004996,-0.002226,-0.007965,-0.012402,91.062312,92.732951,83.512195,90.40232,91.791822,102.854594,82.780406,0.006307,4.0,2021-07-01,3.3587499999999997,4.15625,2023-04-12,302.858,3.4,4.83,3.41,3.95,4.92,-0.54,103.2241,574331.0,20730.0,22539.418,119.97,63.7,2.07,256.908,4.0,2023-04-12,19.38,19.98,18.25,19.09,0.0,VIX,-0.0005235602094241,4.0,2023-04-12,1.1677075935348562,1.3479687949679269,4.346472178468469,1.2289562925998785,0.7278407098592579,0.6749124618383577,0.9045118313535104,4.0
2023-04-14,2023-04-14,1.098,133.74,1.2417,1.3379,0.8955,10.3348,-0.006694,0.01035,-0.009097,0.002623,0.009128,0.007202,90.99016,92.673869,83.206221,90.010874,92.278945,103.003908,82.789217,-0.007159,6.0,2021-07-01,3.3587499999999997,4.15625,2023-04-14,302.858,3.4,4.83,3.52,4.08,4.92,-0.56,103.2241,574331.0,20730.0,22539.418,119.97,63.7,2.07,256.908,6.0,2023-04-14,17.94,18.12,17.07,17.07,0.0,VIX,-0.0410112359550561,6.0,2023-04-14,1.1852907363800451,1.3764331674886383,19.243879571167763,1.2511790844523816,0.7454248833827873,0.6932777186905709,0.9208678061569529,6.0
2023-04-19,2023-04-19,1.0953,134.79,1.2442,1.3454,0.8984,10.3426,-0.000456,0.00507,0.001852,0.004705,0.000445,0.0022,90.730909,92.445982,82.558053,90.192099,91.764531,102.671416,82.726781,-0.001211,4.0,2021-07-01,3.3587499999999997,4.15625,2023-04-19,302.858,3.4,4.83,3.6,4.24,4.92,-0.64,103.2241,574331.0,20730.0,22539.418,119.97,63.7,2.07,256.908,4.0,2023-04-19,17.3,17.72,16.17,16.46,0.0,VIX,-0.0219845513963159,4.0,2023-04-19,1.1930505432284673,1.388970874469443,36.33965187208239,1.2609720405209646,0.7531715809049395,0.701373430390463,0.92807542182343,4.0
2023-04-24,2023-04-24,1.1027,134.41,1.2457,1.3543,0.8887,10.2751,0.004921,0.000968,0.00306,0.000665,-0.004369,-0.003482,91.14364,93.07056,82.791459,90.300834,91.161486,103.792056,83.270236,0.003384,2.0,2021-07-01,3.3587499999999997,4.15625,2023-04-24,302.858,3.4,4.83,3.52,4.12,4.92,-0.6,103.2241,574331.0,20730.0,22539.418,119.97,63.7,2.07,256.908,2.0,2023-04-24,18.22,18.24,16.74,16.89,0.0,VIX,0.0071556350626118,2.0,2023-04-24,1.1867623116995765,1.3786387447009965,21.065120006942337,1.2529581889052044,0.7467538732205535,0.6946388799971467,0.9221772270342304,2.0
2023-04-26,2023-04-26,1.1052,133.72,1.2486,1.3601,0.8901,10.3153,0.007659,-0.001792,0.007098,-0.001908,-0.002689,-0.00032,91.293413,93.281567,83.218666,90.511055,90.772737,103.628806,82.945721,0.005856,4.0,2021-07-01,3.3587499999999997,4.15625,2023-04-26,302.858,3.4,4.83,3.43,3.9,4.92,-0.47,103.2241,574331.0,20730.0,22539.418,119.97,63.7,2.07,256.908,4.0,2023-04-26,18.66,19.61,17.87,18.84,0.0,VIX,0.0042643923240937,4.0,2023-04-26,1.183428747730134,1.373182900375973,15.79348562326557,1.2487189918034245,0.7433702219432666,0.6910930620106401,0.9190571779673206,4.0
2023-05-01,2023-05-01,1.097,137.35,1.2495,1.3541,0.8961,10.3295,-0.006341,0.010001,-0.006915,-0.000812,0.005611,0.00815,90.610245,92.589467,81.019294,90.576296,91.17495,102.93494,82.831696,-0.006229,2.0,2023-05-01,5.06,2.0,2023-05-01,303.316,3.6,5.06,3.59,4.14,5.14,-0.55,102.9809,615939.0,20801.3,22539.418,120.14,59.0,2.2,253.67,2.0,2023-05-01,16.41,16.62,15.53,16.08,0.0,VIX,0.0190114068441062,2.0,2023-05-01,1.171803538579973,1.3542430931317455,5.786818791041968,1.233971653692638,0.7316462968540102,0.6788289071217394,0.9082031371177816,2.0
2023-05-09,2023-05-09,1.0953,135.15,1.2618,1.3399,0.8916,10.1975,-0.00608,0.002373,-0.001187,0.00322,0.002474,0.005571,90.96473,92.445982,82.338143,91.467923,92.141205,103.454464,83.903898,-0.004608,3.0,2021-07-01,3.3587499999999997,4.15625,2023-05-09,303.316,3.6,5.06,3.53,4.01,5.14,-0.48,102.9809,615939.0,20801.3,22539.418,120.14,59.0,2.2,253.67,3.0,2023-05-09,17.29,17.86,17.22,17.71,0.0,VIX,0.0429917550058893,3.0,2023-05-09,1.1503736669585802,1.3195540031855473,0.8895311035224345,1.206875625824401,0.7102396675593559,0.6565038538721222,0.8882604606067592,3.0
2023-05-10,2023-05-10,1.0966,134.52,1.2614,1.3374,0.8911,10.2321,0.001187,-0.004661,-0.000317,-0.001866,-0.000561,0.003393,91.082771,92.555706,82.723759,91.438927,92.313444,103.512513,83.620176,0.001298,4.0,2021-07-01,3.3587499999999997,4.15625,2023-05-10,303.316,3.6,5.06,3.43,3.9,5.14,-0.47,102.9809,615939.0,20801.3,22539.418,120.14,59.0,2.2,253.67,4.0,2023-05-10,17.58,18.31,16.36,16.94,0.0,VIX,-0.0434782608695651,4.0,2023-05-10,1.160536223663869,1.3358845900864345,2.1363705983093193,1.219672653444748,0.7202905174226295,0.6669619438093758,0.8976790729353344,4.0
2023-05-11,2023-05-11,1.0916,134.46,1.2501,1.3487,0.8953,10.3364,-0.00456,-0.000446,-0.008958,0.008449,0.004713,0.010193,90.623932,92.133693,82.760672,90.61979,91.540001,103.026918,82.776402,-0.005038,5.0,2021-07-01,3.3587499999999997,4.15625,2023-05-11,303.316,3.6,5.06,3.39,3.89,5.14,-0.5,102.9809,615939.0,20801.3,22539.418,120.14,59.0,2.2,253.67,5.0,2023-05-11,16.8,18.19,16.63,16.93,0.0,VIX,-0.0005903187721369,5.0,2023-05-11,1.166018020211605,1.344708721892672,3.410918446521166,1.2265809296154075,0.7257270969765026,0.6726250785230765,0.90276356419694,5.0
2023-05-16,2023-05-16,1.0866,136.62,1.2494,1.3456,0.8965,10.4113,-0.000736,0.004042,-0.002555,-0.001928,0.001788,0.005767,90.186078,91.711681,81.452203,90.569047,91.750892,102.889013,82.1809,-0.001348,3.0,2021-07-01,3.3587499999999997,4.15625,2023-05-16,303.316,3.6,5.06,3.54,4.06,5.14,-0.52,102.9809,615939.0,20801.3,22539.418,120.14,59.0,2.2,253.67,3.0,2023-05-16,17.54,18.3,17.26,17.99,0.0,VIX,0.0508177570093455,3.0,2023-05-16,1.171060376849666,1.3527649190262387,5.163767186303057,1.2329068788026472,0.7306804582405981,0.6777776634257455,0.9074194627987484,3.0
2023-05-17,2023-05-17,1.083,137.51,1.2475,1.3483,0.8992,10.4576,-0.003313,0.006514,-0.001521,0.002007,0.003012,0.004447,89.879851,91.407833,80.925024,90.431316,91.567159,102.580071,81.817052,-0.003395,4.0,2021-07-01,3.3587499999999997,4.15625,2023-05-17,303.316,3.6,5.06,3.57,4.12,5.14,-0.55,102.9809,615939.0,20801.3,22539.418,120.14,59.0,2.2,253.67,4.0,2023-05-17,17.96,18.26,16.68,16.87,0.0,VIX,-0.0622568093385212,4.0,2023-05-17,1.163965831854111,1.341287108880166,2.802849207806533,1.22394092724897,0.723595983337458,0.6703863207239792,0.9008205224552418,4.0
2023-05-18,2023-05-18,1.0776,138.5,1.2424,1.3502,0.9046,10.5732,-0.004986,0.007199,-0.004088,0.001409,0.006005,0.011054,89.423322,90.952059,80.34657,90.061617,91.438305,101.967721,80.922521,-0.005079,5.0,2021-07-01,3.3587499999999997,4.15625,2023-05-18,303.316,3.6,5.06,3.65,4.24,5.14,-0.59,102.9809,615939.0,20801.3,22539.418,120.14,59.0,2.2,253.67,5.0,2023-05-18,16.92,17.15,16.05,16.05,0.0,VIX,-0.048606994665086,5.0,2023-05-18,1.1681624719565875,1.348044011528429,4.003502806688256,1.2292299322000018,0.7277598959104685,0.6747249461662127,0.9047132300992012,5.0
2023-05-19,2023-05-19,1.0819,137.67,1.2464,1.3508,0.8989,10.5107,0.00399,-0.005993,0.00322,0.000444,-0.006301,-0.005911,89.772545,91.31499,80.830973,90.351577,91.39769,102.614306,81.403712,0.003905,6.0,2021-07-01,3.3587499999999997,4.15625,2023-05-19,303.316,3.6,5.06,3.7,4.28,5.14,-0.58,102.9809,615939.0,20801.3,22539.418,120.14,59.0,2.2,253.67,6.0,2023-05-19,16.13,17.36,15.85,16.81,0.0,VIX,0.0473520249221182,6.0,2023-05-19,1.1667992788188248,1.3458238779100735,3.5503314701175466,1.2275004410959016,0.7263867364179944,0.6732900264903385,0.9034403246465836,6.0
2023-05-24,2023-05-24,1.0758,139.14,1.2368,1.3589,0.9058,10.7186,-0.001207,0.002883,-0.004427,0.007712,0.004881,0.00824,89.133005,90.800135,79.977002,89.655672,90.852896,101.832634,79.824791,-0.002811,4.0,2021-07-01,3.3587499999999997,4.15625,2023-05-24,303.316,3.6,5.06,3.73,4.31,5.14,-0.58,102.9809,615939.0,20801.3,22539.418,120.14,59.0,2.2,253.67,4.0,2023-05-24,18.8,20.81,18.8,20.03,0.0,VIX,0.0809498111171074,4.0,2023-05-24,1.176246132462107,1.3610108413149895,7.819291725342092,1.239393923927001,0.7357443067599371,0.6830410976161009,0.9121939280102728,4.0
2023-05-26,2023-05-26,1.0713,140.53,1.2342,1.3625,0.906,10.8107,-0.001119,0.00515,0.001379,-0.000807,0.0,-0.001395,88.733004,90.420324,79.185939,89.467198,90.612844,101.810155,79.144736,-0.000989,6.0,2021-07-01,3.3587499999999997,4.15625,2023-05-26,303.316,3.6,5.06,3.8,4.54,5.14,-0.74,102.9809,615939.0,20801.3,22539.418,120.14,59.0,2.2,253.67,6.0,2023-05-26,19.07,19.56,17.27,17.46,0.0,VIX,-0.0877742946708464,6.0,2023-05-26,1.173593566816273,1.3566789655433238,6.197203233364714,1.2360239102912656,0.7330615059628545,0.6802340032806033,0.9097135979743716,6.0
2023-06-02,2023-06-02,1.0724,139.76,1.2468,1.3438,0.9075,10.7896,-0.002604,0.007352,-0.005424,-0.000223,-0.00022,-0.002644,89.069695,90.513167,79.62221,90.380573,91.873791,101.641873,79.299511,-0.002943,6.0,2021-07-01,3.3587499999999997,4.15625,2023-06-02,304.099,3.6,5.08,3.69,4.5,5.16,-0.81,102.3809,597476.0,20782.8,22539.418,120.435,64.2,2.0,253.86,6.0,2023-06-02,15.65,15.65,14.42,14.6,0.0,VIX,-0.0670926517571885,6.0,2023-06-02,1.1713808660275475,1.3529704959021192,5.01194516204731,1.2331692651588249,0.7307470380396036,0.6777981840349643,0.9076125791568952,6.0
2023-06-13,2023-06-13,1.0792,140.0,1.2611,1.3298,0.9053,10.7179,0.004187,0.002004,0.009769,-0.005906,-0.005056,-0.009839,89.624266,91.087103,79.485714,91.41718,92.841029,101.888877,79.830004,0.004526,3.0,2021-07-01,3.3587499999999997,4.15625,2023-06-13,304.099,3.6,5.08,3.84,4.67,5.16,-0.83,102.3809,597476.0,20782.8,22539.418,120.435,64.2,2.0,253.86,3.0,2023-06-13,14.99,15.06,14.47,14.61,0.0,VIX,-0.0266489007328447,3.0,2023-06-13,1.161254726571309,1.3364246895030878,2.027064265982559,1.220296761339026,0.7205043805330498,0.6670883565490083,0.8981384163455232,3.0
2023-06-27,2023-06-27,1.0961,144.0,1.2752,1.3175,0.8941,10.7064,0.004675,0.003135,0.002201,0.002282,-0.000559,-0.000401,90.395648,92.513504,77.277778,92.43929,93.70778,103.165194,79.915751,0.002474,3.0,2021-07-01,3.3587499999999997,4.15625,2023-06-27,304.099,3.6,5.08,3.77,4.74,5.16,-0.97,102.3809,597476.0,20782.8,22539.418,120.435,64.2,2.0,253.86,3.0,2023-06-27,14.11,14.34,13.59,13.74,0.0,VIX,-0.0357894736842104,3.0,2023-06-27,1.1545309964126746,1.3253517849052727,1.0819764385165154,1.2117076461590046,0.7136373794998006,0.6599007347864208,0.8918168275730275,3.0
2023-06-28,2023-06-28,1.0904,144.23,1.2637,1.3249,0.8975,10.8036,-0.0052,0.001597,-0.009018,0.005617,0.003803,0.009079,89.91068,92.032411,77.154545,91.605654,93.184391,102.774373,79.196749,-0.005365,4.0,2021-07-01,3.3587499999999997,4.15625,2023-06-28,304.099,3.6,5.08,3.71,4.71,5.16,-1.0,102.3809,597476.0,20782.8,22539.418,120.435,64.2,2.0,253.86,4.0,2023-06-28,13.9,13.96,13.36,13.43,0.0,VIX,-0.0225618631732169,4.0,2023-06-28,1.1546766614024084,1.325567871988425,1.0920321970213205,1.211882864580079,0.7137668892784637,0.6600326594098359,0.8919457883309382,4.0
2023-07-06,2023-07-06,1.0873,144.09,1.2721,1.3353,0.8965,10.9585,0.00046,-0.003251,0.000865,0.006179,-0.00167,0.006105,89.733692,91.770763,77.229509,92.21457,92.458624,102.889013,78.077292,2.4e-05,5.0,2021-07-01,3.3587499999999997,4.15625,2023-07-06,304.615,3.5,5.12,4.05,4.99,5.25,-0.94,103.0722,591150.0,20772.3,22780.933,120.598,71.5,1.84,253.835,5.0,2023-07-06,14.85,17.08,14.79,15.44,0.0,VIX,0.0888575458392102,5.0,2023-07-06,1.1433943685251455,1.3073282830784352,0.3982081454716264,1.1976221482888234,0.7025263179751297,0.6483285391340274,0.8814499011405741,5.0
2023-07-11,2023-07-11,1.0992,140.51,1.2901,1.3249,0.8805,10.6731,9.1e-05,-0.007417,0.004986,-0.002409,-0.007216,-0.011173,90.956141,92.775152,79.19721,93.519391,93.184391,104.75866,80.165088,0.002482,3.0,2021-07-01,3.3587499999999997,4.15625,2023-07-11,304.615,3.5,5.12,3.99,4.88,5.25,-0.89,103.0722,591150.0,20772.3,22780.933,120.598,71.5,1.84,253.835,3.0,2023-07-11,15.02,15.25,14.63,14.84,0.0,VIX,-0.0152621101526211,3.0,2023-07-11,1.168974794420854,1.348366240646628,3.578597184297301,1.2298042083636471,0.7277678557725449,0.6745784582627916,0.9051358973556444,3.0
2023-07-12,2023-07-12,1.1123,138.21,1.2993,1.3179,0.8676,10.4025,0.011918,-0.016369,0.007131,-0.005283,-0.014651,-0.025353,92.040309,93.880824,80.515158,94.186299,93.679338,106.316275,82.250421,0.01192,4.0,2021-07-01,3.3587499999999997,4.15625,2023-07-12,304.615,3.5,5.12,3.86,4.72,5.25,-0.86,103.0722,591150.0,20772.3,22780.933,120.598,71.5,1.84,253.835,4.0,2023-07-12,14.82,14.82,13.51,13.54,0.0,VIX,-0.0876010781671159,4.0,2023-07-12,1.1583038536340369,1.3311477477533489,1.4255643215859266,1.2163368033306667,0.7171529337248705,0.6635167589864321,0.8952238872513708,4.0
2023-07-13,2023-07-13,1.1194,138.14,1.3097,1.3126,0.8595,10.215,0.006383,-0.000506,0.008004,-0.004022,-0.009336,-0.018025,92.614643,94.480081,80.555958,94.940196,94.057596,107.318208,83.760157,0.00624,5.0,2021-07-01,3.3587499999999997,4.15625,2023-07-13,304.615,3.5,5.12,3.76,4.59,5.25,-0.83,103.0722,591150.0,20772.3,22780.933,120.598,71.5,1.84,253.835,5.0,2023-07-13,13.44,13.61,13.12,13.61,0.0,VIX,0.0051698670605613,5.0,2023-07-13,1.150955935768323,1.3193226883742095,0.7518738344768628,1.2070752083201317,0.7098732899797038,0.6559416978020135,0.888407353323617,5.0
2023-07-17,2023-07-17,1.1236,138.92,1.3078,1.3173,0.8602,10.2514,-8.9e-05,0.001297,-0.002669,-0.002348,-0.001625,0.001916,92.694753,94.834571,80.103657,94.802465,93.722007,107.230877,83.462747,-0.000319,2.0,2021-07-01,3.3587499999999997,4.15625,2023-07-17,304.615,3.5,5.12,3.81,4.74,5.25,-0.93,103.0722,591150.0,20772.3,22780.933,120.598,71.5,1.84,253.835,2.0,2023-07-17,13.78,14.0,13.43,13.48,0.0,VIX,0.0104947526236882,2.0,2023-07-17,1.1464781279553748,1.3120709485929312,0.502350628194103,1.2014093647984871,0.7054020702523341,0.651284496111402,0.8842372924916866,2.0
2023-07-24,2023-07-24,1.1083,141.19,1.2828,1.3154,0.8664,10.408,-0.003327,-0.003951,-0.002023,-0.004767,0.000693,0.001308,91.492074,93.543214,78.81578,92.990214,93.857382,106.463527,82.206956,-0.00138,2.0,2021-07-01,3.3587499999999997,4.15625,2023-07-24,304.615,3.5,5.12,3.86,4.81,5.25,-0.95,103.0722,591150.0,20772.3,22780.933,120.598,71.5,1.84,253.835,2.0,2023-07-24,14.29,14.3,13.73,13.91,0.0,VIX,0.0227941176470589,2.0,2023-07-24,1.113763419228183,1.2598360530908883,0.0271327961324627,1.1603338374880232,0.6733768959971805,0.6180975040575377,0.8540057043911851,2.0
2023-07-25,2023-07-25,1.105,140.91,1.2876,1.3179,0.8644,10.3819,-0.002978,-0.001983,0.003742,0.001901,-0.002308,-0.002508,91.395693,93.264686,78.972394,93.338166,93.679338,106.709857,82.413624,-0.001053,3.0,2021-07-01,3.3587499999999997,4.15625,2023-07-25,304.615,3.5,5.12,3.91,4.85,5.25,-0.94,103.0722,591150.0,20772.3,22780.933,120.598,71.5,1.84,253.835,3.0,2023-07-25,14.02,14.09,13.82,13.86,0.0,VIX,-0.0035945363048167,3.0,2023-07-25,1.1196844985345429,1.26920545533155,0.0459520322099432,1.167732221742492,0.6790999520526052,0.624007872964906,0.8594509152024742,3.0
2023-07-28,2023-07-28,1.1039,140.72,1.287,1.3225,0.8687,10.5148,0.003728,-0.002198,0.0,0.00235,0.000115,0.005239,91.259125,93.171843,79.079022,93.294672,93.353497,106.181651,81.371971,0.002028,6.0,2021-07-01,3.3587499999999997,4.15625,2023-07-28,304.615,3.5,5.12,3.96,4.87,5.25,-0.91,103.0722,591150.0,20772.3,22780.933,120.598,71.5,1.84,253.835,6.0,2023-07-28,14.03,14.18,13.27,13.33,0.0,VIX,-0.0749479528105482,6.0,2023-07-28,1.132050312786934,1.2888201119678488,0.1364353101894349,1.1832008772360778,0.691097353424596,0.6364155091915011,0.8708358456457533,6.0
2023-08-01,2023-08-01,1.0971,143.34,1.275,1.3289,0.8763,10.6153,-0.004446,0.008159,-0.008322,0.009802,0.008633,0.011087,90.522023,92.597907,77.633598,92.424792,92.903905,105.260755,80.601585,-0.006255,3.0,2023-08-01,5.33,3.0,2023-08-01,306.138,3.7,5.33,4.05,4.92,5.3,-0.87,103.0951,613511.0,20747.3,22780.933,120.965,69.4,1.85,257.68,3.0,2023-08-01,13.75,14.3,13.75,13.93,0.0,VIX,0.0220102714600145,3.0,2023-08-01,1.1291014491193696,1.284052603203382,0.1037061837429685,1.179471242099055,0.6881630951078708,0.6333657008979975,0.8680908341849045,3.0
2023-08-07,2023-08-07,1.1,142.45,1.2769,1.3372,0.8742,10.5972,-0.003262,0.004655,-0.00047,0.002624,0.003328,0.004131,90.707774,92.842674,78.118638,92.562523,92.327251,105.513612,80.739252,-0.003059,2.0,2021-07-01,3.3587499999999997,4.15625,2023-08-07,306.138,3.7,5.33,4.09,4.76,5.3,-0.67,103.0951,613511.0,20747.3,22780.933,120.965,69.4,1.85,257.68,2.0,2023-08-07,16.9,17.36,15.77,15.77,0.0,VIX,-0.0777777777777778,2.0,2023-08-07,1.146383031474658,1.311544060941562,0.4642100386745454,1.2011182984601374,0.7050064505519252,0.6508155121247914,0.8840230676666612,2.0
2023-08-14,2023-08-14,1.0922,145.3,1.2691,1.3451,0.8775,10.8015,-0.003194,0.002484,-0.000236,0.001042,0.001141,-0.002899,89.925129,92.184335,76.586373,91.9971,91.784997,105.116809,79.212146,-0.002241,2.0,2021-07-01,3.3587499999999997,4.15625,2023-08-14,306.138,3.7,5.33,4.19,4.96,5.3,-0.77,103.0951,613511.0,20747.3,22780.933,120.965,69.4,1.85,257.68,2.0,2023-08-14,15.88,16.06,14.77,14.82,0.0,VIX,-0.0013477088948786,2.0,2023-08-14,1.1739596799449514,1.3557960266319429,4.884585917592677,1.2358143537178214,0.7322317935864845,0.679137023604361,0.9095593643363166,2.0
2023-08-16,2023-08-16,1.0904,145.81,1.2749,1.3516,0.8786,10.88,-0.002196,0.00282,0.000314,0.003266,0.001939,0.003931,89.782312,92.032411,76.318497,92.417543,91.343593,104.985204,78.640625,-0.002111,4.0,2021-07-01,3.3587499999999997,4.15625,2023-08-16,306.138,3.7,5.33,4.28,4.97,5.3,-0.69,103.0951,613511.0,20747.3,22780.933,120.965,69.4,1.85,257.68,4.0,2023-08-16,16.54,16.93,15.8,16.78,0.0,VIX,0.0194410692588091,4.0,2023-08-16,1.1684852873067069,1.346916401846308,3.040266323297532,1.2288854752348983,0.7267465444615089,0.6734105392550803,0.9044597097728851,4.0
2023-08-18,2023-08-18,1.0875,145.15,1.2738,1.3557,0.8817,10.9613,9.2e-05,-0.00691,-0.001176,0.002588,0.002843,0.00484,89.616108,91.787643,76.665518,92.337804,91.067345,104.616083,78.057347,0.000178,6.0,2021-07-01,3.3587499999999997,4.15625,2023-08-18,306.138,3.7,5.33,4.26,4.92,5.3,-0.66,103.0951,613511.0,20747.3,22780.933,120.965,69.4,1.85,257.68,6.0,2023-08-18,17.8,18.88,17.14,17.3,0.0,VIX,-0.0329793180547791,6.0,2023-08-18,1.1628838362850935,1.3378491645328388,1.8676579134768088,1.2218030615656772,0.7211509801080987,0.6675746612483541,0.8992470533123385,6.0
2023-09-08,2023-09-08,1.0709,147.7,1.2476,1.3621,0.8927,11.1088,0.000467,0.003874,-0.000721,-0.004167,0.0,-0.001905,88.27419,90.386563,75.341909,90.438565,90.639454,103.326986,77.02092,0.000197,6.0,2021-07-01,3.3587499999999997,4.15625,2023-09-08,307.374,3.8,5.33,4.26,4.98,5.32,-0.72,103.3081,579306.0,20720.6,22780.933,121.387,67.8,1.78,258.934,6.0,2023-09-08,14.22,14.87,13.58,13.84,0.0,VIX,-0.0388888888888889,6.0,2023-09-08,1.174566209721439,1.3563156978378064,4.728509459919141,1.2363704359158354,0.7324636358813845,0.6793067785246776,0.9099686408340548,6.0
2023-09-21,2023-09-21,1.0664,147.42,1.2299,1.3484,0.9033,11.1692,-0.00476,-0.002166,-0.007265,0.00447,0.008936,0.009682,87.944854,90.006752,75.485009,89.155491,91.560368,102.114469,76.604412,-0.004579,5.0,2021-07-01,3.3587499999999997,4.15625,2023-09-21,307.374,3.8,5.33,4.49,5.12,5.32,-0.63,103.3081,579306.0,20720.6,22780.933,121.387,67.8,1.78,258.934,5.0,2023-09-21,15.49,17.54,15.1,17.54,0.0,VIX,0.1585204755614266,5.0,2023-09-21,1.16817335131783,1.345754173351555,2.622436158149681,1.2281911995863286,0.725903002908358,0.6724284042604364,0.903948722895538,5.0
2023-09-22,2023-09-22,1.066,148.24,1.2257,1.3467,0.9064,11.1132,-0.000375,0.005562,-0.003415,-0.001261,0.003432,-0.005014,87.846547,89.972991,75.067458,88.851033,91.675949,101.765225,76.990426,-0.001118,6.0,2021-07-01,3.3587499999999997,4.15625,2023-09-22,307.374,3.8,5.33,4.44,5.1,5.32,-0.66,103.3081,579306.0,20720.6,22780.933,121.387,67.8,1.78,258.934,6.0,2023-09-22,17.31,17.41,15.93,17.2,0.0,VIX,-0.0193842645381984,6.0,2023-09-22,1.176695599190409,1.3595005848179078,5.4066336306438405,1.2389427257432526,0.7343797127304025,0.6812657297036127,0.911861846147034,6.0
2023-09-27,2023-09-27,1.051,149.48,1.2133,1.3512,0.9198,11.0391,-0.005959,0.003895,-0.002876,0.000222,0.005906,0.00117,86.866205,88.706955,74.444742,87.952157,91.370634,100.28267,77.507224,-0.004617,4.0,2021-07-01,3.3587499999999997,4.15625,2023-09-27,307.374,3.8,5.33,4.61,5.1,5.32,-0.49,103.3081,579306.0,20720.6,22780.933,121.387,67.8,1.78,258.934,4.0,2023-09-27,18.29,19.71,18.03,18.22,0.0,VIX,-0.0380147835269272,4.0,2023-09-27,1.182200725338162,1.368320407392104,8.478695491267601,1.2458592441627157,0.7398092088638561,0.6869201583499674,0.9169524037037587,4.0
2023-10-12,2023-10-12,1.0553,149.71,1.2214,1.3656,0.9064,10.9661,-0.006309,0.00362,-0.007315,0.002864,0.004321,0.006184,87.116936,89.069885,74.330372,88.539326,90.407147,101.765225,78.023181,-0.005702,5.0,2021-07-01,3.3587499999999997,4.15625,2023-10-12,307.653,3.9,5.33,4.7,5.06,5.34,-0.36,102.5781,594266.0,20687.6,22960.6,121.421,63.8,1.83,255.192,5.0,2023-10-12,16.08,18.08,15.44,16.69,0.0,VIX,0.0372902423865755,5.0,2023-10-12,1.1951167649983585,1.38901199763025,23.895678638142225,1.2620821777973334,0.7525536449627372,0.7002022948615081,0.9288924828588374,5.0
2023-10-17,2023-10-17,1.0593,149.71,1.2206,1.3622,0.8995,10.8881,0.004457,0.000936,0.000656,0.000514,-0.001332,-0.003897,87.376611,89.407495,74.330372,88.481334,90.6328,102.545859,78.582122,0.002748,3.0,2021-07-01,3.3587499999999997,4.15625,2023-10-17,307.653,3.9,5.33,4.83,5.19,5.34,-0.36,102.5781,594266.0,20687.6,22960.6,121.421,63.8,1.83,255.192,3.0,2023-10-17,17.41,18.54,16.97,17.88,0.0,VIX,0.0389308541545612,3.0,2023-10-17,1.1952235487594816,1.389091317394574,23.70786740195244,1.2621745969036655,0.7525844869516068,0.7002197028088383,0.928960503321098,3.0
2023-10-24,2023-10-24,1.0595,149.84,1.217,1.3744,0.8935,11.1072,-0.004791,0.000401,-0.005313,0.004972,0.001794,0.011207,87.232984,89.424375,74.265884,88.22037,89.828289,103.234471,77.032015,-0.004469,3.0,2021-07-01,3.3587499999999997,4.15625,2023-10-24,307.653,3.9,5.33,4.83,5.02,5.34,-0.19,102.5781,594266.0,20687.6,22960.6,121.421,63.8,1.83,255.192,3.0,2023-10-24,20.03,20.24,18.65,18.97,0.0,VIX,-0.0687285223367698,3.0,2023-10-24,1.200430590329706,1.3974379762660858,35.76463368107658,1.268715552772036,0.7577290234493237,0.7055859157064213,0.9337746468402184,3.0
2023-11-01,2023-11-01,1.0538,150.96,1.2127,1.3879,0.9103,11.224,-0.002839,-0.003301,-0.000659,7.2e-05,0.00033,0.004304,86.662078,88.943282,73.714891,87.908663,88.954536,101.329232,76.230399,-0.001558,4.0,2023-11-01,5.33,4.0,2023-11-01,308.087,3.7,5.33,4.77,4.95,5.27,-0.18,102.8868,608426.0,20696.8,22960.6,121.415,61.3,1.79,252.856,4.0,2023-11-01,18.02,18.42,16.63,16.87,0.0,VIX,-0.0700110253583241,4.0,2023-11-01,1.2022720399336706,1.4002876997812936,40.581837359000694,1.2709822246592526,0.7594657179962515,0.7073814634419512,0.93544291734921,4.0
2023-11-03,2023-11-03,1.0733,149.36,1.2374,1.3671,0.8984,10.9064,0.010831,-0.007443,0.016345,-0.008486,-0.008498,-0.020248,88.195264,90.589129,74.504553,89.699166,90.307951,102.671416,78.450268,0.011167,6.0,2021-07-01,3.3587499999999997,4.15625,2023-11-03,308.087,3.7,5.33,4.57,4.83,5.27,-0.26,102.8868,608426.0,20696.8,22960.6,121.415,61.3,1.79,252.856,6.0,2023-11-03,15.7,15.83,14.91,14.91,0.0,VIX,-0.0478927203065133,6.0,2023-11-03,1.2181444010208509,1.426198255986286,149.62751633369174,1.2911265249299686,0.775539821398813,0.7242406601105245,0.950269122348457,6.0
2023-11-13,2023-11-13,1.07,151.56,1.2268,1.3781,0.9014,10.8347,-0.000934,0.003443,-0.000896,0.00109,0.002001,-0.0013,87.740218,90.310601,73.423067,88.930772,89.587113,102.329709,78.969422,-0.001189,2.0,2021-07-01,3.3587499999999997,4.15625,2023-11-13,308.087,3.7,5.33,4.63,5.02,5.27,-0.39,102.8868,608426.0,20696.8,22960.6,121.415,61.3,1.79,252.856,2.0,2023-11-13,15.16,15.19,14.58,14.76,0.0,VIX,0.0416372618207481,2.0,2023-11-13,1.2220167903319523,1.432354817553877,198.7179857488088,1.2959652581317525,0.7793292391202504,0.7281920405845022,0.9538304299849698,2.0
2023-11-16,2023-11-16,1.0851,150.59,1.2423,1.3774,0.8882,10.6114,-0.000184,-0.003177,-0.000644,0.007977,0.001127,0.008238,88.80103,91.585078,73.896009,90.054368,89.632641,103.850484,80.631208,-0.000921,5.0,2021-07-01,3.3587499999999997,4.15625,2023-11-16,308.087,3.7,5.33,4.45,4.83,5.27,-0.38,102.8868,608426.0,20696.8,22960.6,121.415,61.3,1.79,252.856,5.0,2023-11-16,14.12,14.42,13.68,14.32,0.0,VIX,0.0098730606488011,5.0,2023-11-16,1.2235637109540114,1.4348353891837131,223.25150128225215,1.2979076732525692,0.7808605152695464,0.7297925841414078,0.9552600475138908,5.0
2023-11-20,2023-11-20,1.0945,148.26,1.2505,1.372,0.8841,10.4518,0.006067,-0.010412,0.006034,-0.001456,-0.003269,-0.00989,89.587848,92.37846,75.057332,90.648786,89.985423,104.332089,81.862454,0.006178,2.0,2021-07-01,3.3587499999999997,4.15625,2023-11-20,308.087,3.7,5.33,4.42,4.89,5.27,-0.47,102.8868,608426.0,20696.8,22960.6,121.415,61.3,1.79,252.856,2.0,2023-11-20,14.26,14.31,13.39,13.41,0.0,VIX,-0.0282608695652174,2.0,2023-11-20,1.2341360355057571,1.452143329877886,520.7067774064104,1.311341256977025,0.7916192513132203,0.7411017004443056,0.9651471651350904,2.0
2023-11-21,2023-11-21,1.0923,147.88,1.254,1.369,0.8831,10.4492,-0.00201,-0.002563,0.002799,-0.002187,-0.001131,-0.000249,89.560369,92.192775,75.250203,90.902501,90.182615,104.450232,81.882824,-0.000307,3.0,2021-07-01,3.3587499999999997,4.15625,2023-11-21,308.087,3.7,5.33,4.41,4.86,5.27,-0.45,102.8868,608426.0,20696.8,22960.6,121.415,61.3,1.79,252.856,3.0,2023-11-21,13.45,14.31,13.13,13.35,0.0,VIX,-0.0044742729306488,3.0,2023-11-21,1.2256956412404576,1.4382389006264689,261.27185427613404,1.3005776979902397,0.7829587163145786,0.7319835059646026,0.9572251857208164,3.0
2023-11-24,2023-11-24,1.0934,149.57,1.2601,1.3608,0.8818,10.4512,0.005795,-0.000668,0.010667,-0.009102,-0.003953,-0.005699,89.605169,92.285618,74.399947,91.34469,90.726044,104.604219,81.867154,0.006034,6.0,2021-07-01,3.3587499999999997,4.15625,2023-11-24,308.087,3.7,5.33,4.47,4.92,5.27,-0.45,102.8868,608426.0,20696.8,22960.6,121.415,61.3,1.79,252.856,6.0,2023-11-24,13.03,13.17,12.45,12.48,0.0,VIX,-0.025,6.0,2023-11-24,1.2321529793107988,1.4487988833673993,437.4287560884932,1.3087775392396617,0.7895206173869913,0.7388792122142364,0.9632602688803912,6.0
2023-11-27,2023-11-27,1.0937,148.89,1.2613,1.3633,0.8811,10.447,0.000274,-0.004546,0.000952,0.001837,-0.000794,-0.000402,89.665552,92.310939,74.739741,91.431678,90.559671,104.687323,81.900067,0.000674,2.0,2021-07-01,3.3587499999999997,4.15625,2023-11-27,308.087,3.7,5.33,4.39,4.84,5.27,-0.45,102.8868,608426.0,20696.8,22960.6,121.415,61.3,1.79,252.856,2.0,2023-11-27,13.14,13.28,12.64,12.69,0.0,VIX,0.0168269230769229,2.0,2023-11-27,1.2303685629219596,1.445803329705987,374.6127025319949,1.3064767619991866,0.7876437938066512,0.7368941176899915,0.9615668968314014,2.0
2023-11-29,2023-11-29,1.0969,147.39,1.269,1.3596,0.8752,10.367,-0.003452,-0.000136,-0.001809,0.002507,-0.001255,0.004214,90.065368,92.581026,75.500373,91.989851,90.806119,105.393053,82.532073,-0.002589,4.0,2021-07-01,3.3587499999999997,4.15625,2023-11-29,308.087,3.7,5.33,4.27,4.64,5.27,-0.37,102.8868,608426.0,20696.8,22960.6,121.415,61.3,1.79,252.856,4.0,2023-11-29,12.71,13.1,12.48,12.98,0.0,VIX,0.0228526398739166,4.0,2023-11-29,1.25352349080705,1.4839988435438451,2400.9590235124097,1.336018543026026,0.8114611697991934,0.7620027217209241,0.9833096476671552,4.0
2023-11-30,2023-11-30,1.0908,147.87,1.264,1.3587,0.8725,10.4386,-0.005561,0.003257,-0.00394,-0.000662,-0.003085,0.006907,89.685788,92.066172,75.255292,91.627401,90.866269,105.719198,81.965972,-0.004214,5.0,2021-07-01,3.3587499999999997,4.15625,2023-11-30,308.087,3.7,5.33,4.37,4.73,5.27,-0.36,102.8868,608426.0,20696.8,22960.6,121.415,61.3,1.79,252.856,5.0,2023-11-30,13.07,13.39,12.82,12.92,0.0,VIX,-0.0046224961479198,5.0,2023-11-30,1.2502431160361287,1.4785446724044446,1841.292654699706,1.3318150782979687,0.8080497078139239,0.7583964719906172,0.980215897627305,5.0
2023-12-01,2023-12-01,1.0878,147.0,1.2682,1.3495,0.8706,10.3749,-0.00275,-0.005884,0.003323,-0.006771,-0.002178,-0.006102,89.722558,91.812964,75.70068,91.931859,91.485735,105.94992,82.469229,0.00041,6.0,2023-12-01,5.33,6.0,2023-12-01,308.735,3.8,5.33,4.22,4.56,5.24,-0.34,102.6309,657243.0,20701.5,22960.6,121.602,69.7,1.62,249.866,6.0,2023-12-01,12.94,12.96,12.48,12.63,0.0,VIX,-0.0224458204334364,6.0,2023-12-01,1.2472296584449587,1.473537818928767,1441.6411093124543,1.3279548954413238,0.8049193218913135,0.7550887820983769,0.9773748030448144,6.0
2023-12-13,2023-12-13,1.0793,145.17,1.2527,1.357,0.8761,10.4443,0.000278,-0.001925,-0.001753,-0.003012,0.000457,-0.000966,89.212424,91.095544,76.654956,90.808264,90.980103,105.284785,81.921239,0.000473,4.0,2021-07-01,3.3587499999999997,4.15625,2023-12-13,308.735,3.8,5.33,4.04,4.46,5.24,-0.42,102.6309,657243.0,20701.5,22960.6,121.602,69.7,1.62,249.866,4.0,2023-12-13,12.2,12.46,11.82,12.19,0.0,VIX,0.0099420049710023,4.0,2023-12-13,1.314617702331725,1.585932484258854,267069.7474035953,1.414397732975759,0.8754088675240779,0.8298350760111702,1.040996731470159,4.0
2023-12-15,2023-12-15,1.0906,141.8,1.2709,1.3374,0.8688,10.2539,-0.008275,0.001908,-0.004543,-0.002238,0.005672,0.004999,90.383612,92.049291,78.476728,92.127582,92.313444,106.169429,83.442398,-0.005865,6.0,2021-07-01,3.3587499999999997,4.15625,2023-12-15,308.735,3.8,5.33,3.91,4.44,5.24,-0.53,102.6309,657243.0,20701.5,22960.6,121.602,69.7,1.62,249.866,6.0,2023-12-15,12.12,12.54,12.01,12.28,0.0,VIX,-0.016025641025641,6.0,2023-12-15,1.317876649702087,1.5913960917448975,339805.6155408344,1.4185870512288992,0.8788478337715452,0.8334963180097168,1.04408006970447,6.0
2023-12-18,2023-12-18,1.092,143.04,1.2632,1.3391,0.8682,10.2216,0.001284,0.008745,-0.006059,0.001271,-0.000691,-0.00315,90.295781,92.167454,77.796421,91.569409,92.196251,106.242801,83.706073,-0.000972,2.0,2021-07-01,3.3587499999999997,4.15625,2023-12-18,308.735,3.8,5.33,3.95,4.43,5.24,-0.48,102.6309,657243.0,20701.5,22960.6,121.602,69.7,1.62,249.866,2.0,2023-12-18,12.62,12.64,12.4,12.56,0.0,VIX,0.0228013029315961,2.0,2023-12-18,1.3215499457138309,1.5975443298833305,444352.9582076605,1.4233041505442567,0.882716458173461,0.8376143895936572,1.0475518548005731,2.0
2023-12-19,2023-12-19,1.0977,143.62,1.2751,1.334,0.8609,10.1649,0.00522,0.004055,0.009421,-0.003809,-0.008408,-0.005547,90.716934,92.648548,77.482245,92.432041,92.548726,107.143687,84.172987,0.004664,3.0,2021-07-01,3.3587499999999997,4.15625,2023-12-19,308.735,3.8,5.33,3.93,4.41,5.24,-0.48,102.6309,657243.0,20701.5,22960.6,121.602,69.7,1.62,249.866,3.0,2023-12-19,12.6,12.6,12.33,12.53,0.0,VIX,-0.0023885350318472,3.0,2023-12-19,1.3240332971302284,1.6017269005738746,534317.2920976741,1.4265045275701391,0.8853538663465663,0.8404268262091996,1.0499073322916224,3.0
2023-12-26,2023-12-26,1.1035,142.48,1.2709,1.3208,0.8552,10.0285,0.002453,-0.000842,-0.000865,-0.003846,-0.001401,0.001358,91.204949,93.138082,78.10219,92.127582,93.473652,107.857811,85.317844,0.001801,3.0,2021-07-01,3.3587499999999997,4.15625,2023-12-26,308.735,3.8,5.33,3.89,4.26,5.24,-0.37,102.6309,657243.0,20701.5,22960.6,121.602,69.7,1.62,249.866,3.0,2023-12-26,13.77,13.8,12.96,12.99,0.0,VIX,-0.0030698388334611,3.0,2023-12-26,1.3279142710514338,1.6081506108664223,699330.3491255785,1.4314554794345842,0.8893827428602745,0.8447054112495836,1.053551232863854,3.0
2024-01-04,2024-01-04,1.0957,144.59,1.2692,1.3355,0.8503,10.2089,0.0044,0.007245,0.004034,-0.000225,-0.002347,-0.009085,90.521503,92.479743,76.962446,92.004349,92.444777,108.47936,83.810205,0.002709,5.0,2021-07-01,3.3587499999999997,4.15625,2024-01-04,309.794,3.7,5.33,3.99,4.38,5.22,-0.39,101.483,539834.0,20773.1,23053.545,122.115,79.0,1.62,251.306,5.0,2024-01-04,13.93,14.2,13.64,14.13,0.0,VIX,0.0064102564102566,5.0,2024-01-04,1.3642546843210863,1.6698949786827475,10094180.809088863,1.478501509917264,0.9284737906942364,0.8865530708793425,1.0881771112991063,5.0
2024-01-10,2024-01-10,1.096,145.68,1.273,1.3379,0.8514,10.2338,0.002286,0.009214,0.000786,-0.000374,-0.000117,-0.001317,90.461852,92.505064,76.386601,92.279812,92.278945,108.339206,83.606285,0.000472,4.0,2021-07-01,3.3587499999999997,4.15625,2024-01-10,309.794,3.7,5.33,4.04,4.37,5.22,-0.33,101.483,539834.0,20773.1,23053.545,122.115,79.0,1.62,251.306,4.0,2024-01-10,12.86,12.95,12.67,12.69,0.0,VIX,-0.0054858934169279,4.0,2024-01-10,1.3653133486305165,1.6715730709447434,10690322.107355429,1.4798180399116152,0.929513107492516,0.887646960450699,1.0891460773749488,4.0
2024-01-23,2024-01-23,1.0829,148.55,1.2661,1.3486,0.8718,10.502,-0.006058,0.004055,-0.005264,0.002378,0.003684,0.005987,89.317188,91.399392,74.910804,91.77963,91.546789,105.804084,81.471148,-0.005282,3.0,2021-07-01,3.3587499999999997,4.15625,2024-01-23,309.794,3.7,5.33,4.14,4.31,5.22,-0.17,101.483,539834.0,20773.1,23053.545,122.115,79.0,1.62,251.306,3.0,2024-01-23,13.2,13.29,12.53,12.55,0.0,VIX,-0.0485216072782409,3.0,2024-01-23,1.351696325514384,1.647988284107896,3755536.085455768,1.461995691285246,0.9144821876319572,0.8714670699010019,1.0760288287859412,3.0
2024-02-21,2024-02-21,1.0818,150.29,1.2624,1.3504,0.8799,10.3701,0.00037,0.002802,-0.001661,-0.000962,-0.000908,0.001826,89.111197,91.30655,74.043516,91.511417,91.424763,104.830094,82.507401,-0.000244,4.0,2021-07-01,3.3587499999999997,4.15625,2024-02-21,311.022,3.9,5.33,4.32,4.64,5.24,-0.32,102.7267,544169.0,20861.2,23053.545,122.494,76.9,1.56,254.926,4.0,2024-02-21,15.54,16.12,15.22,15.34,0.0,VIX,-0.0051880674448767,4.0,2024-02-21,1.381810488465085,1.6989475611189258,30847910.11089701,1.5008721388709545,0.946737013499722,0.9060107243619308,1.1046418942090224,4.0
2024-02-22,2024-02-22,1.0815,150.62,1.2649,1.3496,0.8816,10.3371,-0.000277,0.002196,0.00198,-0.000592,0.001932,-0.003182,89.104832,91.281229,73.881291,91.692642,91.478957,104.627949,82.770796,-7.1e-05,5.0,2021-07-01,3.3587499999999997,4.15625,2024-02-22,311.022,3.9,5.33,4.33,4.69,5.24,-0.36,102.7267,544169.0,20861.2,23053.545,122.494,76.9,1.56,254.926,5.0,2024-02-22,14.28,14.64,14.12,14.54,0.0,VIX,-0.0521512385919166,5.0,2024-02-22,1.3918435509544482,1.7162192975026125,63380839.69120433,1.5139483792630375,0.957739938301722,0.9178612068902968,1.1142660071375958,5.0
2024-02-26,2024-02-26,1.0855,150.79,1.2681,1.3513,0.8801,10.2837,0.002494,0.00286,0.000237,0.000815,-0.000341,-0.002967,89.329571,91.618839,73.797997,91.92461,91.363872,104.806272,83.200599,0.001233,2.0,2021-07-01,3.3587499999999997,4.15625,2024-02-26,311.022,3.9,5.33,4.28,4.69,5.24,-0.41,102.7267,544169.0,20861.2,23053.545,122.494,76.9,1.56,254.926,2.0,2024-02-26,14.17,14.2,13.66,13.74,0.0,VIX,-0.0007272727272726,2.0,2024-02-26,1.389623992229828,1.712295822185778,53308996.33331868,1.51101061925999,0.9552195033623838,0.9151286770760558,1.1121038157753529,2.0
2024-02-28,2024-02-28,1.0843,150.68,1.267,1.357,0.8786,10.3329,-0.001289,0.001462,-0.001812,0.00355,-0.000682,0.003574,89.22395,91.517556,73.851872,91.844871,90.980103,104.985204,82.80444,-0.001587,4.0,2021-07-01,3.3587499999999997,4.15625,2024-02-28,311.022,3.9,5.33,4.27,4.64,5.24,-0.37,102.7267,544169.0,20861.2,23053.545,122.494,76.9,1.56,254.926,4.0,2024-02-28,13.52,13.9,13.44,13.84,0.0,VIX,0.0305286671630677,4.0,2024-02-28,1.3858815649100626,1.7057969252809149,40435150.28932413,1.5061082542163382,0.9510679998841556,0.9106477339503456,1.1084956751032249,4.0
2024-03-07,2024-03-07,1.0941,148.08,1.2796,1.3466,0.8781,10.2287,0.002566,-0.007307,0.003057,-0.003183,-0.003518,-0.004118,90.086948,92.3447,75.148568,92.758246,91.682757,105.044983,83.647971,0.003328,5.0,2021-07-01,3.3587499999999997,4.15625,2024-03-07,312.107,3.9,5.33,4.09,4.5,5.24,-0.41,102.5186,597695.0,20901.4,23053.545,122.912,79.4,1.54,255.095,5.0,2024-03-07,14.98,14.98,14.25,14.44,0.0,VIX,-0.0041379310344827,5.0,2024-03-07,1.3463153330085185,1.6378307967375276,2173377.0092913904,1.4545792188905349,0.9078493585413344,0.8641977846681963,1.0705703051034337,5.0
2024-03-14,2024-03-14,1.0888,148.19,1.2749,1.3516,0.8834,10.3287,-0.005117,0.003114,-0.003907,0.003415,0.00615,0.00947,89.693589,91.897367,75.092786,92.417543,91.343593,104.414761,82.838111,-0.004789,5.0,2021-07-01,3.3587499999999997,4.15625,2024-03-14,312.107,3.9,5.33,4.29,4.68,5.24,-0.39,102.5186,597695.0,20901.4,23053.545,122.912,79.4,1.54,255.095,5.0,2024-03-14,13.62,15.33,13.42,14.4,0.0,VIX,0.0472727272727273,5.0,2024-03-14,1.3502630398290645,1.644401723002845,2844879.649068026,1.4596294517054575,0.9119821375686816,0.868599031490927,1.0742872764552167,5.0
2024-03-22,2024-03-22,1.0817,151.35,1.2603,1.3594,0.8983,10.5507,-0.004051,-0.001583,-0.005288,0.004285,-0.001112,0.008295,88.825995,91.298109,73.524942,91.359188,90.819479,102.682845,81.095093,-0.003539,6.0,2021-07-01,3.3587499999999997,4.15625,2024-03-22,312.107,3.9,5.33,4.22,4.59,5.24,-0.37,102.5186,597695.0,20901.4,23053.545,122.912,79.4,1.54,255.095,6.0,2024-03-22,12.92,13.15,12.58,13.06,0.0,VIX,0.0108359133126936,6.0,2024-03-22,1.3299842405115798,1.6097559754843396,609795.1580765838,1.4332855964811588,0.8900214199386713,0.8450754228900397,1.054898199010133,6.0
2024-03-25,2024-03-25,1.0837,151.42,1.2648,1.3579,0.8983,10.5689,0.001849,0.000463,0.003571,-0.001103,0.0,0.001725,88.960687,91.466914,73.490952,91.685393,90.919803,102.682845,80.955445,0.001516,2.0,2021-07-01,3.3587499999999997,4.15625,2024-03-25,312.107,3.9,5.33,4.25,4.54,5.24,-0.29,102.5186,597695.0,20901.4,23053.545,122.912,79.4,1.54,255.095,2.0,2024-03-25,13.67,13.67,13.11,13.19,0.0,VIX,0.0099540581929555,2.0,2024-03-25,1.3445457314194669,1.634417668090187,1793527.4702291326,1.4521075366523857,0.9056083555970772,0.861732342182358,1.068751146976156,2.0
2024-03-27,2024-03-27,1.0821,151.35,1.2631,1.3586,0.9056,10.6099,-0.000739,-0.001517,7.9e-05,0.001327,0.003213,0.003025,88.82566,91.33187,73.524942,91.56216,90.872957,101.855124,80.642607,-0.000628,4.0,2021-07-01,3.3587499999999997,4.15625,2024-03-27,312.107,3.9,5.33,4.2,4.54,5.24,-0.34,102.5186,597695.0,20901.4,23053.545,122.912,79.4,1.54,255.095,4.0,2024-03-27,13.13,13.34,12.66,12.78,0.0,VIX,-0.0347432024169185,4.0,2024-03-27,1.3446465760276791,1.6345448430007814,1794908.7969900025,1.452218487300898,0.9056800928514912,0.8618018136124246,1.0688328066534611,4.0
2024-04-01,2024-04-01,1.0733,151.72,1.2545,1.3579,0.9055,10.8241,-0.005375,0.003306,-0.00728,0.00288,0.004437,0.01317,88.236911,90.589129,73.345637,90.938746,90.919803,101.866372,79.046757,-0.00539,2.0,2024-04-01,5.33,2.0,2024-04-01,313.016,3.9,5.33,4.33,4.72,5.24,-0.39,102.3568,593774.0,20932.5,23223.906,123.234,77.2,1.46,256.978,2.0,2024-04-01,13.61,14.15,13.55,13.65,0.0,VIX,0.0491929285165257,2.0,2024-04-01,1.3613484179119166,1.6629259590468453,6065258.5798357995,1.473840777139119,0.923651970981094,0.881045646084608,1.0847468119743915,2.0
2024-04-02,2024-04-02,1.0769,151.55,1.2576,1.357,0.9071,10.7143,0.003354,-0.00112,0.002471,-0.000663,0.001767,-0.010144,88.482901,90.892978,73.427912,91.163465,90.980103,101.686694,79.856827,0.002788,3.0,2021-07-01,3.3587499999999997,4.15625,2024-04-02,313.016,3.9,5.33,4.36,4.7,5.24,-0.34,102.3568,593774.0,20932.5,23223.906,123.234,77.2,1.46,256.978,3.0,2024-04-02,13.74,15.43,13.68,14.61,0.0,VIX,0.0703296703296703,3.0,2024-04-02,1.3640757727135773,1.6675693128641962,7384283.272234794,1.4773747125627832,0.92659559540864,0.8842013385269419,1.0873477884462084,3.0
2024-04-09,2024-04-09,1.0856,151.73,1.2676,1.3583,0.9032,10.5682,0.000276,-0.000329,0.001659,0.0,-0.002099,0.000511,89.034525,91.627279,73.340803,91.888365,90.893028,102.125775,80.960807,0.000472,3.0,2021-07-01,3.3587499999999997,4.15625,2024-04-09,313.016,3.9,5.33,4.36,4.74,5.24,-0.38,102.3568,593774.0,20932.5,23223.906,123.234,77.2,1.46,256.978,3.0,2024-04-09,15.34,16.63,14.94,14.98,0.0,VIX,-0.0138248847926266,3.0,2024-04-09,1.40338858283426,1.7350731219665383,123601209.06219064,1.528541825271212,0.969552523810306,0.9304209909997796,1.125006783399612,3.0
2024-04-11,2024-04-11,1.0722,153.19,1.2535,1.3705,0.9107,10.7582,-0.001397,0.001897,-0.000717,0.001242,-0.002191,0.003058,88.002419,90.496286,72.641817,90.866256,90.083911,101.284726,79.530962,-0.001269,5.0,2021-07-01,3.3587499999999997,4.15625,2024-04-11,313.016,3.9,5.33,4.56,4.93,5.24,-0.37,102.3568,593774.0,20932.5,23223.906,123.234,77.2,1.46,256.978,5.0,2024-04-11,16.02,17.61,14.91,14.91,0.0,VIX,-0.0563291139240507,5.0,2024-04-11,1.410848913217353,1.747952268651833,208620393.30908027,1.538276851645367,0.9777723170165844,0.9392917436308318,1.1321717628109904,5.0
2024-04-15,2024-04-15,1.0644,154.25,1.2466,1.3751,0.9137,10.8778,-0.000282,0.00738,0.000722,-0.000363,0.001864,-0.000129,87.419683,89.837947,72.142626,90.366075,89.782561,100.952172,78.65653,-0.000944,2.0,2021-07-01,3.3587499999999997,4.15625,2024-04-15,313.016,3.9,5.33,4.63,4.93,5.24,-0.3,102.3568,593774.0,20932.5,23223.906,123.234,77.2,1.46,256.978,2.0,2024-04-15,16.94,19.46,16.26,19.23,0.0,VIX,0.1109185441941076,2.0,2024-04-15,1.40219497685257,1.7328661123057136,111250240.32468556,1.526919614690594,0.968114995549986,0.9288455079774022,1.1238128364122772,2.0
2024-04-19,2024-04-19,1.0655,154.55,1.2397,1.3742,0.9092,10.9212,-0.000469,-0.000388,-0.005455,-0.000945,-0.002523,-0.000942,87.404804,89.93079,72.002588,89.865893,89.841362,101.451826,78.343955,-0.000676,6.0,2021-07-01,3.3587499999999997,4.15625,2024-04-19,313.016,3.9,5.33,4.62,4.97,5.24,-0.35,102.3568,593774.0,20932.5,23223.906,123.234,77.2,1.46,256.978,6.0,2024-04-19,21.33,21.36,18.17,18.71,0.0,VIX,0.0394444444444443,6.0,2024-04-19,1.4048345608572914,1.7373402291617277,132474670.65916976,1.5303278984761124,0.9709533403198524,0.9318938461226322,1.1263213332784188,6.0
2024-04-26,2024-04-26,1.0686,157.62,1.2474,1.3678,0.9142,10.9472,-0.003265,0.013503,-0.001601,-0.00095,0.000876,0.003824,87.441672,90.192438,70.600178,90.424067,90.261734,100.896959,78.157885,-0.003703,6.0,2021-07-01,3.3587499999999997,4.15625,2024-04-26,313.016,3.9,5.33,4.67,4.96,5.24,-0.29,102.3568,593774.0,20932.5,23223.906,123.234,77.2,1.46,256.978,6.0,2024-04-26,15.49,16.06,14.92,15.03,0.0,VIX,-0.022121014964216,6.0,2024-04-26,1.4339486978875466,1.7877852352860488,1006342853.3500264,1.568389572652079,1.0032053738553688,0.9667606234585808,1.15433472547193,6.0
2024-04-29,2024-04-29,1.0717,156.71,1.2553,1.3649,0.9108,10.932,0.002901,-0.005773,0.006333,-0.00212,-0.003719,-0.001388,87.75186,90.454085,71.010146,90.996738,90.453513,101.273606,78.266557,0.003547,2.0,2021-07-01,3.3587499999999997,4.15625,2024-04-29,313.016,3.9,5.33,4.63,4.97,5.24,-0.34,102.3568,593774.0,20932.5,23223.906,123.234,77.2,1.46,256.978,2.0,2024-04-29,15.37,15.42,14.63,14.67,0.0,VIX,-0.0239520958083832,2.0,2024-04-29,1.4231891732475683,1.7689609920221825,469097824.7238173,1.5542465423635483,0.991127910466682,0.953664806000145,1.1439254551795714,2.0
2024-05-02,2024-05-02,1.0706,153.77,1.2507,1.3696,0.9119,10.8953,0.002434,-0.024611,0.001521,-0.004651,-0.008265,-0.007108,87.821773,90.361242,72.367822,90.663284,90.143107,101.151442,78.530192,0.005458,5.0,2021-07-01,3.3587499999999997,4.15625,2024-05-02,313.14,4.0,5.33,4.58,4.87,5.25,-0.29,102.9797,631832.0,20997.0,23223.906,123.224,69.1,1.47,255.313,5.0,2024-05-02,15.14,16.09,14.6,14.68,0.0,VIX,-0.046133853151397,5.0,2024-05-02,1.43575695177401,1.790796170949626,1118687520.0075388,1.570699149555313,1.0051072583151217,0.9687980611323675,1.1560345740727107,5.0
2024-05-03,2024-05-03,1.077,152.85,1.255,1.3683,0.9047,10.8001,0.005978,-0.005983,0.003438,-0.000949,-0.007896,-0.008738,88.295093,90.901418,72.803402,90.974991,90.228751,101.95645,79.222415,0.00539,6.0,2021-07-01,3.3587499999999997,4.15625,2024-05-03,313.14,4.0,5.33,4.5,4.81,5.25,-0.31,102.9797,631832.0,20997.0,23223.906,123.224,69.1,1.47,255.313,6.0,2024-05-03,14.51,14.58,13.48,13.49,0.0,VIX,-0.0810626702997274,6.0,2024-05-03,1.4270328589579315,1.7755565801285549,606110661.402347,1.559242669209833,0.9953330499000488,0.9582016921779468,1.147602604538437,6.0
2024-05-10,2024-05-10,1.0773,155.85,1.2528,1.3663,0.9063,10.8322,0.000186,0.001092,0.001839,-0.001972,-0.000992,-0.003835,88.095787,90.926739,71.401989,90.815513,90.360829,101.776454,78.987648,0.000585,6.0,2021-07-01,3.3587499999999997,4.15625,2024-05-10,313.14,4.0,5.33,4.5,4.87,5.25,-0.37,102.9797,631832.0,20997.0,23223.906,123.224,69.1,1.47,255.313,6.0,2024-05-10,12.77,12.96,12.5,12.55,0.0,VIX,-0.0110323089046492,6.0,2024-05-10,1.4422397012476875,1.8019305368918352,1708713503.2915606,1.579127555562791,1.0122131663129033,0.9764736278324728,1.1622378808942142,6.0
2024-05-23,2024-05-23,1.0827,157.05,1.2717,1.3696,0.9144,10.7266,-0.000831,0.003579,-0.001727,0.002122,0.000438,-0.000168,88.427542,91.382512,70.856415,92.185574,90.143107,100.874891,79.765256,-0.001306,5.0,2021-07-01,3.3587499999999997,4.15625,2024-05-23,313.14,4.0,5.33,4.47,4.91,5.25,-0.44,102.9797,631832.0,20997.0,23223.906,123.224,69.1,1.47,255.313,5.0,2024-05-23,11.53,13.37,11.52,12.77,0.0,VIX,0.0390561432058584,5.0,2024-05-23,1.4568031561451598,1.827132663863502,4466974140.9206085,1.5981404495386262,1.0283437740047403,0.9939422781369516,1.1762313708604288,5.0
2024-05-30,2024-05-30,1.0837,156.63,1.2739,1.3668,0.9036,10.5925,0.002405,-0.006281,0.001966,-0.002481,-0.010837,-0.006919,88.623597,91.466914,71.046415,92.345053,90.327773,102.080567,80.775077,0.00331,5.0,2021-07-01,3.3587499999999997,4.15625,2024-05-30,313.14,4.0,5.33,4.55,4.92,5.25,-0.37,102.9797,631832.0,20997.0,23223.906,123.224,69.1,1.47,255.313,5.0,2024-05-30,14.82,14.88,13.67,14.47,0.0,VIX,0.0133053221288517,5.0,2024-05-30,1.447549263752267,1.8107321768225944,2306913798.9777837,1.585890699173533,1.0177668229821248,0.982419467776965,1.1672155545917209,5.0
2024-06-11,2024-06-11,1.0733,157.32,1.2725,1.3764,0.8987,10.5102,-0.001674,0.002485,-0.000628,0.000654,0.002119,0.001353,88.052809,90.589129,70.734808,92.243567,89.697762,102.637143,81.407585,-0.001543,3.0,2021-07-01,3.3587499999999997,4.15625,2024-06-11,313.131,4.1,5.33,4.39,4.81,5.24,-0.42,103.2534,592999.0,21065.4,23223.906,123.369,68.2,1.51,255.914,3.0,2024-06-11,12.85,13.47,12.78,12.85,0.0,VIX,0.0086342229199372,3.0,2024-06-11,1.4336538651735646,1.7861531838493887,844481164.3201725,1.5675123533881892,1.001934971745157,0.9651947894337782,1.1536890920937073,3.0
2024-06-13,2024-06-13,1.0756,156.77,1.2764,1.3746,0.8935,10.4739,-0.008024,0.00571,-0.006151,0.004091,0.001906,0.016134,88.27606,90.783255,70.982969,92.526278,89.815219,103.234471,81.689724,-0.007221,5.0,2021-07-01,3.3587499999999997,4.15625,2024-06-13,313.131,4.1,5.33,4.24,4.68,5.24,-0.44,103.2534,592999.0,21065.4,23223.906,123.369,68.2,1.51,255.914,5.0,2024-06-13,12.05,12.68,11.88,11.94,0.0,VIX,-0.0083056478405315,5.0,2024-06-13,1.419593881214826,1.7616297053548031,313074719.7224126,1.5490621341395294,0.9862193413262912,0.9481717367272322,1.1401097307266936,5.0
2024-06-17,2024-06-17,1.0723,157.8,1.2689,1.3752,0.8914,10.5146,0.002243,0.003306,0.000315,0.001238,0.000786,-0.001605,87.979827,90.504727,70.519645,91.982602,89.776033,103.477676,81.373519,0.00092,2.0,2021-07-01,3.3587499999999997,4.15625,2024-06-17,313.131,4.1,5.33,4.28,4.75,5.24,-0.47,103.2534,592999.0,21065.4,23223.906,123.369,68.2,1.51,255.914,2.0,2024-06-17,13.07,13.29,12.5,12.75,0.0,VIX,0.0071090047393365,2.0,2024-06-17,1.4315705838629558,1.7823751224946731,715594518.8938924,1.5647155732546036,0.9994841751533092,0.9625146144686652,1.1516306619153884,2.0
2024-06-18,2024-06-18,1.0739,157.81,1.2699,1.3723,0.8842,10.4425,0.001492,6.3e-05,0.000788,-0.002109,-0.008077,-0.006857,88.136827,90.63977,70.515176,92.055092,89.965751,104.32029,81.93536,0.001784,3.0,2021-07-01,3.3587499999999997,4.15625,2024-06-18,313.131,4.1,5.33,4.22,4.69,5.24,-0.47,103.2534,592999.0,21065.4,23223.906,123.369,68.2,1.51,255.914,3.0,2024-06-18,12.7,12.74,12.24,12.48,0.0,VIX,-0.0211764705882352,3.0,2024-06-18,1.4293188000746402,1.7784271649152938,609311820.3942751,1.561751964572585,0.9969496140528752,0.959765059604362,1.1494494459254223,3.0
2024-06-21,2024-06-21,1.0694,159.45,1.2645,1.3698,0.8938,10.5173,-0.001307,0.004283,-0.002052,-0.000365,0.002917,0.004489,87.722966,90.259959,69.789903,91.663646,90.129946,103.199821,81.352629,-0.001756,6.0,2021-07-01,3.3587499999999997,4.15625,2024-06-21,313.131,4.1,5.33,4.25,4.7,5.24,-0.45,103.2534,592999.0,21065.4,23223.906,123.369,68.2,1.51,255.914,6.0,2024-06-21,13.22,13.78,12.99,13.2,0.0,VIX,-0.0060240963855421,6.0,2024-06-21,1.450261034543703,1.8149399930661083,2583226995.9235764,1.5892187881238873,1.0203612428514073,0.9851451809385487,1.1696650280591812,6.0
2024-06-24,2024-06-24,1.0727,159.71,1.2684,1.3658,0.8939,10.468,0.003086,0.001631,0.003084,-0.00292,0.000112,-0.004688,87.941286,90.538488,69.676288,91.946357,90.393908,103.188276,81.735766,0.002489,2.0,2021-07-01,3.3587499999999997,4.15625,2024-06-24,313.131,4.1,5.33,4.25,4.71,5.24,-0.46,103.2534,592999.0,21065.4,23223.906,123.369,68.2,1.51,255.914,2.0,2024-06-24,13.85,13.88,13.15,13.33,0.0,VIX,0.0098484848484849,2.0,2024-06-24,1.4577522401515652,1.8280038702190071,4280871438.729914,1.5990420345312428,1.0287443073571017,0.9942426263632144,1.1768949374149948,2.0
2024-06-27,2024-06-27,1.0708,160.7,1.2653,1.3693,0.898,10.616,0.002434,0.000124,0.002218,-0.000292,0.00078,0.00439,87.677952,90.378123,69.247044,91.721638,90.162857,102.717149,80.59627,0.001531,5.0,2021-07-01,3.3587499999999997,4.15625,2024-06-27,313.131,4.1,5.33,4.29,4.7,5.24,-0.41,103.2534,592999.0,21065.4,23223.906,123.369,68.2,1.51,255.914,5.0,2024-06-27,12.69,12.77,12.21,12.24,0.0,VIX,-0.0247011952191235,5.0,2024-06-27,1.455678030700676,1.824289047735182,3675436477.4705434,1.5962795700575425,1.026340460067165,0.9916167373197556,1.1748617635623513,5.0
2024-07-09,2024-07-09,1.0813,161.4,1.2787,1.3636,0.8978,10.5532,-0.00203,0.003919,-0.003274,-7.3e-05,0.00078,0.00036,88.318431,91.264348,68.946716,92.693005,90.539748,102.740031,81.075882,-0.002073,3.0,2021-07-01,3.3587499999999997,4.15625,2024-07-09,313.566,4.2,5.33,4.3,4.62,5.2,-0.32,102.5192,618432.0,21098.0,23400.294,123.575,66.4,1.59,257.321,3.0,2024-07-09,12.48,12.61,12.35,12.51,0.0,VIX,0.011317704122878,3.0,2024-07-09,1.4622935464060718,1.8356070785320464,5555144728.000254,1.6048579934006533,1.033560590621172,0.9994170604290344,1.181175483142881,3.0
2024-07-11,2024-07-11,1.087,158.58,1.292,1.3619,0.8939,10.4836,0.004343,-0.019477,0.006074,0.000808,-0.005894,-0.005908,88.926044,91.745442,70.172783,93.657122,90.652765,103.188276,81.61414,0.005849,5.0,2021-07-01,3.3587499999999997,4.15625,2024-07-11,313.566,4.2,5.33,4.2,4.5,5.2,-0.3,102.5192,618432.0,21098.0,23400.294,123.575,66.4,1.59,257.321,5.0,2024-07-11,12.88,13.33,12.23,12.92,0.0,VIX,0.0054474708171206,5.0,2024-07-11,1.4628922813505212,1.8366094452470336,5748453730.264129,1.6056247245656543,1.0341955944751515,1.0000993683622488,1.1817397972803216,5.0
2024-07-22,2024-07-22,1.088,157.08,1.2911,1.3756,0.89,10.732,-0.000735,-0.001906,-0.000851,0.002405,0.001801,0.005095,88.912811,91.829845,70.842883,93.591881,89.749927,103.640449,79.725121,-0.000825,2.0,2021-07-01,3.3587499999999997,4.15625,2024-07-22,313.566,4.2,5.33,4.26,4.5,5.2,-0.24,102.5192,618432.0,21098.0,23400.294,123.575,66.4,1.59,257.321,2.0,2024-07-22,16.79,16.89,14.75,14.91,0.0,VIX,-0.097457627118644,2.0,2024-07-22,1.5016942453797393,1.9048847127686568,75926286638.935,1.65674081927063,1.078191550134753,1.0480397406062756,1.2193612429831835,2.0
2024-07-24,2024-07-24,1.0853,153.39,1.2925,1.3783,0.8838,10.7577,-0.000184,-0.016857,0.000697,0.001453,-0.008637,-0.000511,89.027575,91.601958,72.547102,93.693367,89.574113,104.367504,79.534659,0.002101,4.0,2021-07-01,3.3587499999999997,4.15625,2024-07-24,313.566,4.2,5.33,4.28,4.37,5.2,-0.09,102.5192,618432.0,21098.0,23400.294,123.575,66.4,1.59,257.321,4.0,2024-07-24,15.35,18.46,15.18,18.04,0.0,VIX,0.2255434782608694,4.0,2024-07-24,1.5028741125932457,1.9069284976327423,81578933665.62878,1.6582804185565605,1.0795032374078557,1.0494653130655784,1.2204943880576284,4.0
2024-07-25,2024-07-25,1.0861,153.97,1.2884,1.3809,0.8802,10.801,0.000737,0.003781,-0.003172,0.001886,-0.004073,0.004025,88.980561,91.66948,72.27382,93.396158,89.40546,104.794365,79.215813,-0.000528,5.0,2021-07-01,3.3587499999999997,4.15625,2024-07-25,313.566,4.2,5.33,4.27,4.41,5.2,-0.14,102.5192,618432.0,21098.0,23400.294,123.575,66.4,1.59,257.321,5.0,2024-07-25,18.41,19.36,16.42,18.46,0.0,VIX,0.0232815964523283,5.0,2024-07-25,1.5108412460776428,1.921070153698051,137955649250.9805,1.6688238383434448,1.0886519585822332,1.0594720191214435,1.2282543450207757,5.0
2024-07-29,2024-07-29,1.0819,153.96,1.2853,1.3853,0.886,10.8291,-0.003684,0.00065,-0.000855,0.001518,0.003852,0.001674,88.6911,91.31499,72.278514,93.171439,89.12149,104.108352,79.010259,-0.002728,2.0,2021-07-01,3.3587499999999997,4.15625,2024-07-29,313.566,4.2,5.33,4.17,4.36,5.2,-0.19,102.5192,618432.0,21098.0,23400.294,123.575,66.4,1.59,257.321,2.0,2024-07-29,16.59,17.21,16.23,16.6,0.0,VIX,0.0128126906650396,2.0,2024-07-29,1.5246181449830398,1.945533699866243,337379694863.7526,1.6870555665412057,1.1044885862028075,1.0768080812179233,1.2416728969743274,2.0
2024-08-07,2024-08-07,1.0925,147.42,1.2718,1.3729,0.8652,10.4514,-9.2e-05,0.015919,0.001812,-0.004496,0.013946,-0.007182,89.809332,92.209656,75.485009,92.192823,89.926433,106.611188,81.865587,-0.001562,4.0,2021-07-01,3.3587499999999997,4.15625,2024-08-07,314.131,4.2,5.33,3.96,4.0,5.05,-0.04,103.0196,622421.0,21185.0,23400.294,123.727,67.9,1.73,255.463,4.0,2024-08-07,24.77,29.76,21.97,27.85,0.0,VIX,0.005052327679538,4.0,2024-08-07,1.5454810043935157,1.9826645314582747,1274162564863.251,1.7146912063286384,1.1285626102900308,1.1032061592771982,1.262012727857878,4.0
2024-08-19,2024-08-19,1.107,146.42,1.2984,1.3659,0.8629,10.3304,0.00673,-0.011544,0.006044,-0.003356,-0.006448,-0.015459,90.906275,93.433491,76.000546,94.121058,90.38729,106.895353,82.824479,0.00723,2.0,2021-07-01,3.3587499999999997,4.15625,2024-08-19,314.131,4.2,5.33,3.86,4.06,5.05,-0.2,103.0196,622421.0,21185.0,23400.294,123.727,67.9,1.73,255.463,2.0,2024-08-19,15.94,16.07,14.46,14.65,0.0,VIX,-0.0101351351351351,2.0,2024-08-19,1.5719478839533587,2.030030865243406,6685515850977.276,1.7498461182046186,1.1593605740781283,1.1370747439011637,1.2878867429985992,2.0
2024-08-27,2024-08-27,1.116,144.26,1.3235,1.3454,0.8439,10.1818,-0.000358,-0.00173,0.003792,-0.002299,-0.004718,-0.002879,91.977839,94.193113,77.1385,95.940558,91.764531,109.30205,84.033275,0.000977,3.0,2021-07-01,3.3587499999999997,4.15625,2024-08-27,314.131,4.2,5.33,3.83,3.83,5.05,0.0,103.0196,622421.0,21185.0,23400.294,123.727,67.9,1.73,255.463,3.0,2024-08-27,16.21,16.81,15.37,15.43,0.0,VIX,-0.0445820433436532,3.0,2024-08-27,1.5292887033421878,1.95311256934804,415505922035.28595,1.692925489016342,1.1092509507774253,1.081899559469644,1.2459931599160277,3.0
2024-08-29,2024-08-29,1.1086,144.98,1.3186,1.346,0.8466,10.222,-0.003685,0.00353,-0.001136,-0.000149,0.005463,0.003515,91.493562,93.568535,76.755415,95.585357,91.723626,108.953461,83.702798,-0.003069,5.0,2021-07-01,3.3587499999999997,4.15625,2024-08-29,314.131,4.2,5.33,3.87,3.87,5.05,0.0,103.0196,622421.0,21185.0,23400.294,123.727,67.9,1.73,255.463,5.0,2024-08-29,16.54,16.57,15.19,15.65,0.0,VIX,-0.0853302162478082,5.0,2024-08-29,1.5318334255185255,1.9576107958309843,487371921755.772,1.6962834028299565,1.11216031356357,1.0850831899248965,1.248464584482848,5.0
2024-09-05,2024-09-05,1.1096,143.43,1.3165,1.3515,0.8453,10.2567,0.001354,-0.006098,0.00175,-0.000296,-0.003419,-0.001558,91.597041,93.652937,77.584885,95.433128,91.350351,109.121022,83.419618,0.001952,5.0,2021-07-01,3.3587499999999997,4.15625,2024-09-05,314.851,4.1,5.13,3.73,3.75,4.72,-0.02,102.5954,579083.0,21272.0,23400.294,123.939,70.1,1.7,252.682,5.0,2024-09-05,20.75,21.53,19.21,19.9,0.0,VIX,-0.0666041275797374,5.0,2024-09-05,1.5555297086291997,1.9999470314107863,2209567822701.195,1.7277379309977692,1.1396519101146945,1.1152713647632282,1.2716151172143582,5.0
2024-09-24,2024-09-24,1.115,143.77,1.3376,1.347,0.8459,10.1284,0.001797,0.001254,0.001873,-0.00237,-0.001888,-0.005694,92.085995,94.10871,77.401405,96.962668,91.655531,109.043622,84.476324,0.001664,3.0,2021-07-01,3.3587499999999997,4.15625,2024-09-24,314.851,4.1,5.13,3.74,3.49,4.72,0.25,102.5954,579083.0,21272.0,23400.294,123.939,70.1,1.7,252.682,3.0,2024-09-24,15.87,16.67,15.27,15.39,0.0,VIX,-0.0314663310258024,3.0,2024-09-24,1.5578365016977898,2.003582801368753,2403791534926.88,1.7305894485626558,1.141914643600961,1.1176725610173914,1.2737138341421148,3.0
2024-10-01,2024-10-01,1.1067,143.66,1.3282,1.3492,0.8458,10.2766,-0.006999,0.002862,-0.008732,-0.001406,0.001658,0.013202,91.545154,93.40817,77.460671,96.281261,91.506078,109.056515,83.258081,-0.005986,3.0,2024-10-01,4.83,3.0,2024-10-01,315.564,4.1,4.83,3.74,3.61,4.51,0.13,102.2138,622738.0,21323.2,23542.349,124.265,70.5,1.53,253.081,3.0,2024-10-01,16.96,20.73,16.61,19.26,0.0,VIX,0.151225343693963,3.0,2024-10-01,1.5541909769107949,1.996831746101082,1857451949073.5183,1.7256487217186258,1.137479699722132,1.112757259867948,1.2700774591849089,3.0
2024-10-07,2024-10-07,1.0976,148.13,1.308,1.3608,0.8555,10.3598,0.001368,-0.003766,-0.00206,0.002209,-0.003959,-0.002484,90.467022,92.640108,75.123203,94.816963,90.726044,107.819988,82.589432,0.001038,2.0,2021-07-01,3.3587499999999997,4.15625,2024-10-07,315.564,4.1,4.83,4.03,3.99,4.51,0.04,102.2138,622738.0,21323.2,23542.349,124.265,70.5,1.53,253.081,2.0,2024-10-07,20.76,23.03,20.65,22.64,0.0,VIX,0.178552837064029,2.0,2024-10-07,1.539590451978598,1.9704580808502736,708323438447.4962,1.7061439512696377,1.120293543913076,1.0938331116057862,1.2557219481344537,2.0
2024-10-10,2024-10-10,1.0925,148.56,1.3053,1.3752,0.8573,10.4004,-0.002374,-0.00429,-0.002064,0.005116,-0.00256,0.001512,90.058077,92.209656,74.905762,94.62124,89.776033,107.593608,82.267028,-0.001586,5.0,2021-07-01,3.3587499999999997,4.15625,2024-10-10,315.564,4.1,4.83,4.09,3.98,4.51,0.11,102.2138,622738.0,21323.2,23542.349,124.265,70.5,1.53,253.081,5.0,2024-10-10,20.91,21.39,20.64,20.93,0.0,VIX,0.0033557046979866,5.0,2024-10-10,1.5307497196938202,1.9545557269226344,394226019171.3463,1.6943596055339634,1.1099505456222454,1.082464844174682,1.247048669672997,5.0
2024-10-15,2024-10-15,1.0899,149.22,1.3083,1.3803,0.8621,10.3876,-0.00393,0.000671,0.000995,0.002542,0.005482,0.002103,89.865003,91.990209,74.574454,94.83871,89.444324,106.994548,82.368401,-0.002815,3.0,2021-07-01,3.3587499999999997,4.15625,2024-10-15,315.564,4.1,4.83,4.03,3.95,4.51,0.08,102.2138,622738.0,21323.2,23542.349,124.265,70.5,1.53,253.081,3.0,2024-10-15,19.61,20.89,19.44,20.64,0.0,VIX,0.0477157360406093,3.0,2024-10-15,1.545132084177011,1.9801793367666864,987598353151.4292,1.713422768399714,1.1265685385716062,1.1006907393435998,1.2610791575421896,3.0
2024-10-18,2024-10-18,1.0854,149.58,1.3022,1.3804,0.8659,10.5323,0.001569,-0.003597,0.001076,0.000943,0.000578,0.000874,89.50418,91.610398,74.394973,94.39652,89.437844,106.525003,81.236767,0.001323,6.0,2021-07-01,3.3587499999999997,4.15625,2024-10-18,315.564,4.1,4.83,4.08,3.95,4.51,0.13,102.2138,622738.0,21323.2,23542.349,124.265,70.5,1.53,253.081,6.0,2024-10-18,19.3,19.32,17.99,18.03,0.0,VIX,-0.0565149136577707,6.0,2024-10-18,1.5508197274142728,1.990310338144937,1411778960987.341,1.720959000631519,1.1331415832148524,1.1079040636875137,1.266625824464798,6.0
2024-10-21,2024-10-21,1.082,150.47,1.298,1.3847,0.8658,10.5623,-0.003132,0.00595,-0.003225,0.003115,-0.000115,0.002848,89.208289,91.32343,73.954941,94.092062,89.160107,106.537307,81.006031,-0.003306,2.0,2021-07-01,3.3587499999999997,4.15625,2024-10-21,315.564,4.1,4.83,4.19,4.02,4.51,0.17,102.2138,622738.0,21323.2,23542.349,124.265,70.5,1.53,253.081,2.0,2024-10-21,18.78,19.34,18.36,18.37,0.0,VIX,0.0188574597892401,2.0,2024-10-21,1.5407419935892506,1.9721462967923855,728186631258.1554,1.707512887326902,1.1213143247086423,1.094889300448798,1.2567294850726,2.0
2024-10-25,2024-10-25,1.0813,152.08,1.2978,1.3882,0.8664,10.5936,0.000648,0.001383,0.00108,0.001732,-0.000461,0.001248,89.03289,91.264348,73.172015,94.077564,88.935312,106.463527,80.766689,0.000178,6.0,2021-07-01,3.3587499999999997,4.15625,2024-10-25,315.564,4.1,4.83,4.25,4.11,4.51,0.14,102.2138,622738.0,21323.2,23542.349,124.265,70.5,1.53,253.081,6.0,2024-10-25,19.22,20.51,18.23,20.33,0.0,VIX,0.0655136268343816,6.0,2024-10-25,1.5287510449190858,1.9505859676006547,328913519645.15875,1.6915326984291492,1.1072938744417946,1.079481736071504,1.244968066043854,6.0
2024-10-28,2024-10-28,1.0819,153.21,1.2981,1.3903,0.8659,10.6353,0.000555,0.00743,0.000231,0.001513,-0.000577,0.003936,88.967939,91.31499,72.632335,94.099311,88.800978,106.525003,80.450011,-0.00073,2.0,2021-07-01,3.3587499999999997,4.15625,2024-10-28,315.564,4.1,4.83,4.28,4.12,4.51,0.16,102.2138,622738.0,21323.2,23542.349,124.265,70.5,1.53,253.081,2.0,2024-10-28,19.11,19.88,18.91,19.8,0.0,VIX,-0.026069847515986,2.0,2024-10-28,1.5280018479645756,1.9491682967801216,310033558851.6558,1.6905035043386043,1.106358065218466,1.078441701587139,1.2442105791932128,2.0
2024-11-05,2024-11-05,1.092,151.96,1.3015,1.385,0.8635,10.7044,0.003308,-0.000395,0.005641,-0.003454,0.000348,-0.000224,89.589313,92.167454,73.229797,94.345777,89.140794,106.821077,79.930683,0.003016,3.0,2021-07-01,3.3587499999999997,4.15625,2024-11-05,316.449,4.2,4.64,4.26,4.19,4.42,0.07,101.9503,630399.0,21424.2,23542.349,124.399,71.8,1.42,253.211,3.0,2024-11-05,21.98,22.06,20.2,20.49,0.0,VIX,-0.0677888989990901,3.0,2024-11-05,1.5431535128540808,1.9760660383466548,809547863403.8937,1.7105460057016708,1.1237798815370803,1.0975281072333112,1.25896186019643,3.0
2024-11-11,2024-11-11,1.071,152.58,1.2905,1.3921,0.8755,10.8435,0.0,0.0,0.0,0.0,0.0,0.0,88.295878,90.395003,72.932232,93.548387,88.686158,105.356939,78.905335,0.0,2.0,2021-07-01,3.3587499999999997,4.15625,2024-11-11,316.449,4.2,4.64,4.3,4.26,4.42,0.04,101.9503,630399.0,21424.2,23542.349,124.399,71.8,1.42,253.211,2.0,2024-11-11,15.33,15.56,14.89,14.97,0.0,VIX,0.002008032128514,2.0,2024-11-11,1.5508899040382444,1.9897870384609784,1308150392494.632,1.7207716776015622,1.132669090897784,1.1072714464037383,1.2664879547147498,2.0
2024-11-14,2024-11-14,1.0562,155.96,1.2706,1.4025,0.8878,10.9627,-0.000473,0.004379,-0.000236,0.00286,0.003164,-0.002203,87.041311,89.145847,71.351629,92.105835,88.02852,103.897274,78.047379,-0.001112,5.0,2021-07-01,3.3587499999999997,4.15625,2024-11-14,316.449,4.2,4.64,4.43,4.34,4.42,0.09,101.9503,630399.0,21424.2,23542.349,124.399,71.8,1.42,253.211,5.0,2024-11-14,14.17,14.32,13.59,14.31,0.0,VIX,0.0206847360912982,5.0,2024-11-14,1.553246117640277,1.9939392132950255,1507315592364.6824,1.7238741674343474,1.135354199404775,1.1102107456906698,1.2687713872316797,5.0
2024-11-15,2024-11-15,1.0552,154.59,1.2629,1.4076,0.8878,10.9726,-0.000947,-0.008784,-0.00606,0.003636,0.0,0.000903,86.980288,89.061445,71.983958,91.547662,87.709577,103.897274,77.976961,-0.000701,6.0,2021-07-01,3.3587499999999997,4.15625,2024-11-15,316.449,4.2,4.64,4.43,4.31,4.42,0.12,101.9503,630399.0,21424.2,23542.349,124.399,71.8,1.42,253.211,6.0,2024-11-15,15.02,17.55,14.56,16.14,0.0,VIX,0.1278825995807126,6.0,2024-11-15,1.5526134233760425,1.992775124922518,1442277240753.0515,1.7230198516541784,1.1345911959867148,1.1093666981911796,1.2681426108174754,6.0
2024-11-19,2024-11-19,1.0578,154.34,1.2667,1.3981,0.8824,10.9347,-0.000756,-0.002843,0.000237,-0.00335,-0.002938,-0.000421,87.243802,89.280891,72.100557,91.823124,88.305558,104.533092,78.247231,0.000355,3.0,2021-07-01,3.3587499999999997,4.15625,2024-11-19,316.449,4.2,4.64,4.39,4.27,4.42,0.12,101.9503,630399.0,21424.2,23542.349,124.399,71.8,1.42,253.211,3.0,2024-11-19,15.44,17.93,15.37,16.35,0.0,VIX,0.0494223363286265,3.0,2024-11-19,1.592873813338073,2.065379798033522,18408001573042.0,1.7767245972478931,1.181932945110776,1.1615565322058286,1.307669303574449,3.0
2024-11-20,2024-11-20,1.0521,155.38,1.2639,1.3995,0.8855,11.0367,-0.005389,0.006738,-0.00221,0.001001,0.003513,0.009328,86.825321,88.799797,71.617969,91.620152,88.21722,104.167137,77.524079,-0.004797,4.0,2021-07-01,3.3587499999999997,4.15625,2024-11-20,316.449,4.2,4.64,4.41,4.31,4.42,0.1,101.9503,630399.0,21424.2,23542.349,124.399,71.8,1.42,253.211,4.0,2024-11-20,16.19,18.79,16.04,17.16,0.0,VIX,0.0495412844036695,4.0,2024-11-20,1.5885249223555096,2.0574616285774057,13957615981913.88,1.770893136728783,1.176750083078388,1.155822995068859,1.3033773486323843,4.0
2024-12-03,2024-12-03,1.0518,149.12,1.2677,1.4065,0.8852,11.0017,0.003243,-0.000938,0.003007,-0.000284,-0.001579,-0.000736,87.224075,88.774477,74.624464,91.895614,87.778173,104.20244,77.770708,0.002508,3.0,2021-07-01,3.3587499999999997,4.15625,2024-12-03,317.603,4.1,4.48,4.23,4.17,4.27,0.06,103.0447,691312.0,21441.9,23542.349,124.769,74.0,1.41,253.423,3.0,2024-12-03,13.38,13.77,13.19,13.3,0.0,VIX,-0.0029985007496251,3.0,2024-12-03,1.5610165201240112,2.0073996103505536,2328945579047.94,1.734004153864769,1.1440121610752847,1.119649386205308,1.27622705724447,3.0
2024-12-09,2024-12-09,1.057,151.24,1.2783,1.412,0.8774,10.9071,0.000663,0.009748,0.00306,-0.001697,-0.000228,-0.002488,87.456619,89.213369,73.578418,92.664009,87.436261,105.12879,78.445233,-8.4e-05,2.0,2021-07-01,3.3587499999999997,4.15625,2024-12-09,317.603,4.1,4.48,4.2,4.13,4.27,0.07,103.0447,691312.0,21441.9,23542.349,124.769,74.0,1.41,253.423,2.0,2024-12-09,13.36,14.23,13.35,14.19,0.0,VIX,0.1111981205951448,2.0,2024-12-09,1.5684116489011513,2.020561115790227,3661396718224.3193,1.7437952538641543,1.1525548282819624,1.1290308201339334,1.2834333068440176,2.0
2024-12-10,2024-12-10,1.0512,152.05,1.2758,1.416,0.8823,10.9867,-0.005487,0.005356,-0.001956,0.002833,0.005585,0.007298,87.032408,88.723835,73.186452,92.482784,87.189266,104.544939,77.876888,-0.004851,3.0,2021-07-01,3.3587499999999997,4.15625,2024-12-10,317.603,4.1,4.48,4.22,4.15,4.27,0.07,103.0447,691312.0,21441.9,23542.349,124.769,74.0,1.41,253.423,3.0,2024-12-10,14.3,14.54,13.86,14.18,0.0,VIX,-0.0007047216349541,3.0,2024-12-10,1.5717544887803665,2.0265652733912627,4514923245263.88,1.74824429236573,1.1564641582749466,1.1333351489583052,1.2867077991811773,3.0
2024-12-12,2024-12-12,1.0514,152.07,1.2715,1.4179,0.8879,10.967,0.000571,-0.001772,-0.003761,0.003752,0.005549,9.1e-05,86.975235,88.740716,73.176826,92.171076,87.072431,103.885573,78.016778,-0.000521,5.0,2021-07-01,3.3587499999999997,4.15625,2024-12-12,317.603,4.1,4.48,4.32,4.18,4.27,0.14,103.0447,691312.0,21441.9,23542.349,124.769,74.0,1.41,253.423,5.0,2024-12-12,13.73,13.95,13.39,13.92,0.0,VIX,0.0250368188512517,5.0,2024-12-12,1.5658934888735236,2.0159385949945663,3086586232422.933,1.7404006027474197,1.1495251501145785,1.125678198960132,1.2809348436221009,5.0
2024-12-23,2024-12-23,1.0409,157.04,1.2529,1.439,0.8991,11.0407,-0.002013,0.005957,-0.004608,0.002508,0.007056,0.003536,85.804714,87.85449,70.860927,90.822762,85.795691,102.59148,77.495992,-0.003098,2.0,2021-07-01,3.3587499999999997,4.15625,2024-12-23,317.603,4.1,4.48,4.59,4.3,4.27,0.29,103.0447,691312.0,21441.9,23542.349,124.769,74.0,1.41,253.423,2.0,2024-12-23,18.09,20.02,16.74,16.78,0.0,VIX,-0.0860566448801741,2.0,2024-12-23,1.5632304465783553,2.0108396898678396,2508888776944.843,1.7367195498200534,1.1461416848674737,1.1218990154292672,1.2782255886675593,2.0
2025-01-02,2025-01-02,1.0261,157.65,1.2376,1.4422,0.9124,11.1443,-0.008695,0.001779,-0.011581,0.001528,0.006176,0.00693,84.814511,86.605334,70.586743,89.713664,85.605325,101.096011,76.775571,-0.007448,5.0,2021-07-01,3.3587499999999997,4.15625,2025-01-02,319.086,4.0,4.33,4.57,4.25,4.21,0.32,102.9343,566662.0,21519.8,23512.717,125.239,71.7,1.45,257.36,5.0,2025-01-02,17.21,19.5,16.96,17.93,0.0,VIX,0.03342939481268,5.0,2025-01-02,1.5896536245588206,2.058304865062076,12966330937289.432,1.7718851514870262,1.177055486402097,1.1559492592589693,1.3041074714944514,5.0
2025-01-23,2025-01-23,1.042,156.0,1.2347,1.4359,0.9072,10.9966,0.0,-0.003959,0.001866,-0.000139,0.000221,-0.000118,85.762372,87.947333,71.333333,89.503443,85.980918,101.675485,77.806777,0.000687,5.0,2021-07-01,3.3587499999999997,4.15625,2025-01-23,319.086,4.0,4.33,4.65,4.29,4.21,0.36,102.9343,566662.0,21519.8,23512.717,125.239,71.7,1.45,257.36,5.0,2025-01-23,15.28,15.39,14.59,15.02,0.0,VIX,-0.005298013245033,5.0,2025-01-23,1.5911819298047962,2.0604874214087703,13300271406023.416,1.773676324661242,1.178361839910598,1.1572893904575137,1.3054257749506744,5.0
2025-02-03,2025-02-03,1.0277,154.68,1.2389,1.4601,0.9139,11.1561,-0.011827,-0.001485,-0.00466,0.009821,0.005612,0.009483,84.982949,86.740378,71.942074,89.807901,84.555852,100.93008,76.694365,-0.008864,2.0,2021-07-01,3.3587499999999997,4.15625,2025-02-03,319.775,4.1,4.33,4.54,4.26,4.22,0.28,104.0003,543970.0,21613.5,23512.717,125.772,64.7,1.47,259.529,2.0,2025-02-03,20.36,20.42,17.66,18.62,0.0,VIX,0.1332927571515521,2.0,2025-02-03,1.6115568292115996,2.097206122369371,45747092328782.12,1.8008304979069556,1.2023267242286146,1.1837458879864566,1.3254112464595194,2.0
2025-02-06,2025-02-06,1.0368,152.04,1.2435,1.4314,0.9055,10.9099,-0.004895,-0.001904,-0.006472,0.002381,0.005106,0.002186,85.8956,87.50844,73.191265,90.141356,86.251223,101.866372,78.4251,-0.003983,5.0,2021-07-01,3.3587499999999997,4.15625,2025-02-06,319.775,4.1,4.33,4.45,4.21,4.22,0.24,104.0003,543970.0,21613.5,23512.717,125.772,64.7,1.47,259.529,5.0,2025-02-06,15.88,16.15,14.99,15.5,0.0,VIX,-0.0171211160431198,5.0,2025-02-06,1.6057393285494694,2.086529791831001,31544320357505.535,1.7929958459997797,1.1953167360339614,1.1759693703151226,1.3196449426558376,5.0
2025-02-12,2025-02-12,1.0392,154.62,1.2444,1.4288,0.913,10.8774,0.004446,0.014767,0.00169,-0.001398,-0.000328,0.000893,85.847948,87.711006,71.969991,90.206597,86.408175,101.029573,78.659422,0.001242,4.0,2021-07-01,3.3587499999999997,4.15625,2025-02-12,319.775,4.1,4.33,4.62,4.36,4.22,0.26,104.0003,543970.0,21613.5,23512.717,125.772,64.7,1.47,259.529,4.0,2025-02-12,15.91,17.18,15.64,15.89,0.0,VIX,-0.008114856429463,4.0,2025-02-12,1.5934250808322066,2.0639938910782516,14315715196736.146,1.7764357080114312,1.1805392323784898,1.1595968871479314,1.3074566810964134,4.0
2025-02-19,2025-02-19,1.0406,151.67,1.2571,1.4235,0.9054,10.7539,-0.004877,-0.000791,-0.003409,0.003242,0.003436,0.004221,86.313686,87.829169,73.369816,91.12722,86.729891,101.877623,79.562763,-0.003802,4.0,2021-07-01,3.3587499999999997,4.15625,2025-02-19,319.775,4.1,4.33,4.53,4.28,4.22,0.25,104.0003,543970.0,21613.5,23512.717,125.772,64.7,1.47,259.529,4.0,2025-02-19,15.14,15.9,15.05,15.27,0.0,VIX,-0.0052117263843648,4.0,2025-02-19,1.5639008371833605,2.0104610470250672,2154464806268.5,1.7369283499142418,1.1455723581701658,1.120995807611489,1.278379265536882,4.0
2025-02-21,2025-02-21,1.0455,149.49,1.2647,1.4196,0.899,10.64,-0.001909,-0.000936,0.000316,7e-05,-0.000334,-0.001904,86.84654,88.242741,74.439762,91.678144,86.96816,102.602892,80.414474,-0.000888,6.0,2021-07-01,3.3587499999999997,4.15625,2025-02-21,319.775,4.1,4.33,4.42,4.19,4.22,0.23,104.0003,543970.0,21613.5,23512.717,125.772,64.7,1.47,259.529,6.0,2025-02-21,15.63,19.03,15.28,18.21,0.0,VIX,0.1628352490421456,6.0,2025-02-21,1.5807582161244529,2.040810045768478,6252304433099.677,1.7593955198367894,1.1653457285602116,1.1427772697855758,1.294915102599877,6.0
2025-02-24,2025-02-24,1.0478,149.57,1.264,1.4224,0.8966,10.6501,0.0022,0.000535,-0.000553,0.001972,-0.00267,0.000949,86.938009,88.436867,74.399947,91.627401,86.796963,102.877537,80.338213,0.001053,2.0,2021-07-01,3.3587499999999997,4.15625,2025-02-24,319.775,4.1,4.33,4.4,4.13,4.22,0.27,104.0003,543970.0,21613.5,23512.717,125.772,64.7,1.47,259.529,2.0,2025-02-24,18.08,20.24,17.31,18.98,0.0,VIX,0.0422844590884128,2.0,2025-02-24,1.6007732801549523,2.0769928399216853,21781797312696.23,1.7861251228220325,1.1889708940942958,1.1688587889588933,1.314588090397016,2.0
2025-03-05,2025-03-05,1.0768,148.82,1.2864,1.4375,0.89,10.2391,0.022214,6.7e-05,0.010844,-0.009645,0.0,-0.028004,88.672027,90.884537,74.774896,93.251178,85.885217,103.640449,83.563008,0.016387,4.0,2021-07-01,3.3587499999999997,4.15625,2025-03-05,319.615,4.2,4.33,4.28,3.99,4.2,0.29,103.7483,624954.0,21706.4,23512.717,125.791,57.0,1.65,258.573,4.0,2025-03-05,23.03,24.84,21.37,21.93,0.0,VIX,-0.0672054444917057,4.0,2025-03-05,1.5954969585853664,2.06716180735334,15189948179402.754,1.7789538951383124,1.1824896706009014,1.1616487747543487,1.309310066821798,4.0
2025-03-14,2025-03-14,1.0872,148.51,1.2917,1.4377,0.8855,10.1343,0.001197,0.005416,-0.002163,-0.001459,0.000678,-0.005144,89.298745,91.762323,74.930981,93.635375,85.87327,104.167137,84.427143,0.000123,6.0,2021-07-01,3.3587499999999997,4.15625,2025-03-14,319.615,4.2,4.33,4.31,4.02,4.2,0.29,103.7483,624954.0,21706.4,23512.717,125.791,57.0,1.65,258.573,6.0,2025-03-14,24.35,24.36,21.48,21.77,0.0,VIX,-0.1171938361719383,6.0,2025-03-14,1.552475871664416,1.9893067651290788,957836337331.2172,1.7214435093071665,1.1316805379966757,1.1056063756740109,1.2669824228500746,6.0
2025-03-17,2025-03-17,1.0922,148.56,1.2988,1.4298,0.8812,10.0745,0.004599,0.000337,0.005497,-0.005495,-0.004856,-0.005901,89.682165,92.184335,74.905762,94.150054,86.347741,104.675443,84.928284,0.004294,2.0,2021-07-01,3.3587499999999997,4.15625,2025-03-17,319.615,4.2,4.33,4.31,4.06,4.2,0.25,103.7483,624954.0,21706.4,23512.717,125.791,57.0,1.65,258.573,2.0,2025-03-17,22.89,22.95,20.32,20.51,0.0,VIX,-0.057877813504823,2.0,2025-03-17,1.558265746638012,1.999619560420406,1375857759723.3206,1.729115151989162,1.1383713050072828,1.1129485886775343,1.2726287518640231,2.0
2025-03-18,2025-03-18,1.0927,149.49,1.2987,1.4312,0.8773,10.0445,0.000458,0.00626,-7.7e-05,0.000979,-0.004426,-0.002978,89.661954,92.226536,74.439762,94.142805,86.263276,105.140773,85.18194,-0.000225,3.0,2021-07-01,3.3587499999999997,4.15625,2025-03-18,319.615,4.2,4.33,4.29,4.04,4.2,0.25,103.7483,624954.0,21706.4,23512.717,125.791,57.0,1.65,258.573,3.0,2025-03-18,20.83,22.57,20.41,21.7,0.0,VIX,0.0580204778156996,3.0,2025-03-18,1.538260574542276,1.9637455354705589,376660964815.64343,1.702499629727516,1.1150555376215072,1.087332543804358,1.2530397274794516,3.0
2025-03-24,2025-03-24,1.0794,150.74,1.2913,1.4292,0.8842,10.1138,-0.00111,0.011814,0.001318,-0.004458,0.000906,-0.002584,88.824512,91.103984,73.822476,93.606379,86.383991,104.32029,84.598272,-0.001366,2.0,2021-07-01,3.3587499999999997,4.15625,2025-03-24,319.615,4.2,4.33,4.34,4.04,4.2,0.3,103.7483,624954.0,21706.4,23512.717,125.791,57.0,1.65,258.573,2.0,2025-03-24,19.13,19.14,17.46,17.48,0.0,VIX,-0.0933609958506224,2.0,2025-03-24,1.5317734345417156,1.9520019889502085,241904787209.1137,1.6938184562469274,1.1074056999747464,1.078916544803294,1.2466503837977387,2.0
2025-03-28,2025-03-28,1.0826,150.26,1.2942,1.4282,0.8809,9.9926,0.002407,-0.004703,-0.00162,-0.002375,-0.001021,-0.002237,89.099839,91.374072,74.058299,93.8166,86.444476,104.711091,85.624362,0.002094,6.0,2021-07-01,3.3587499999999997,4.15625,2025-03-28,319.615,4.2,4.33,4.27,3.89,4.2,0.38,103.7483,624954.0,21706.4,23512.717,125.791,57.0,1.65,258.573,6.0,2025-03-28,19.08,22.18,18.92,21.65,0.0,VIX,0.158373461744248,6.0,2025-03-28,1.5333960258468295,1.954791117271714,265325360264.2448,1.6959256600123782,1.1091927087896427,1.0808570383592475,1.2482012857691105,6.0
2025-04-03,2025-04-03,1.1052,146.04,1.3113,1.4062,0.859,9.7478,0.01693,-0.02627,0.010714,-0.017331,-0.025967,-0.015185,90.946595,93.281567,76.198302,95.05618,87.796899,107.380675,87.774677,0.017697,5.0,2021-07-01,3.3587499999999997,4.15625,2025-04-03,320.321,4.2,4.33,4.06,3.71,4.21,0.35,103.8216,623545.0,21862.4,23512.717,125.939,52.2,1.9,258.603,5.0,2025-04-03,26.38,30.02,24.93,30.02,0.0,VIX,0.3956299395629938,5.0,2025-04-03,1.5279689473013034,1.9449534039289145,182402041237.75867,1.6886565576497647,1.102783285783442,1.0738058081702209,1.242851226430227,5.0
2025-04-04,2025-04-04,1.1014,145.93,1.2927,1.4194,0.8547,9.9729,-0.003438,-0.000753,-0.014184,0.009387,-0.005006,0.023092,90.471156,92.960837,76.255739,93.707865,86.980414,107.920908,85.7935,-0.005228,6.0,2021-07-01,3.3587499999999997,4.15625,2025-04-04,320.321,4.2,4.33,4.01,3.68,4.21,0.33,103.8216,623545.0,21862.4,23512.717,125.939,52.2,1.9,258.603,6.0,2025-04-04,30.12,45.61,29.99,45.31,0.0,VIX,0.5093271152564958,6.0,2025-04-04,1.5175752833845184,1.926430295352355,91862848502.74307,1.674870518881451,1.090783259882171,1.0606649769490957,1.232704701896748,6.0
2025-04-10,2025-04-10,1.1192,144.34,1.294,1.401,0.8283,9.8359,0.013768,-0.005169,0.013233,-0.012476,-0.015452,-0.019547,91.739946,94.463201,77.095746,93.802102,88.122769,111.360618,86.988481,0.012945,5.0,2021-07-01,3.3587499999999997,4.15625,2025-04-10,320.321,4.2,4.33,4.4,3.84,4.21,0.56,103.8216,623545.0,21862.4,23512.717,125.939,52.2,1.9,258.603,5.0,2025-04-10,34.44,54.87,34.44,40.72,0.0,VIX,0.2111838191552648,5.0,2025-04-10,1.513440149194362,1.91892888301925,68528619519.64517,1.669327437031089,1.0858987459771765,1.0552962213248995,1.2286249936548816,5.0
2025-04-11,2025-04-11,1.1325,143.57,1.3051,1.3895,0.8153,9.8196,0.011883,-0.005335,0.008578,-0.008208,-0.015695,-0.001657,92.674879,95.585753,77.509229,94.606742,88.852105,113.136269,87.132877,0.010191,6.0,2021-07-01,3.3587499999999997,4.15625,2025-04-11,320.321,4.2,4.33,4.48,3.96,4.21,0.52,103.8216,623545.0,21862.4,23512.717,125.939,52.2,1.9,258.603,6.0,2025-04-11,40.8,46.12,36.85,37.56,0.0,VIX,-0.0776031434184675,6.0,2025-04-11,1.5273731174476328,1.9436802565370848,170765335750.31732,1.687774608954338,1.101915522680429,1.072818807360925,1.2422021121903928,6.0
2025-04-21,2025-04-21,1.1508,140.81,1.3385,1.3818,0.8069,9.5423,0.01036,-0.009914,0.007983,-0.002022,-0.012846,-0.009652,94.253089,97.130317,79.028478,97.027909,89.347228,114.314041,89.664965,0.009396,2.0,2021-07-01,3.3587499999999997,4.15625,2025-04-21,320.321,4.2,4.33,4.42,3.75,4.21,0.67,103.8216,623545.0,21862.4,23512.717,125.939,52.2,1.9,258.603,2.0,2025-04-21,32.75,35.75,31.79,33.82,0.0,VIX,0.1406408094435076,2.0,2025-04-21,1.5659824964841895,2.0125387032255784,2004294582506.3745,1.738981806740226,1.146585769300723,1.1218207096284678,1.2798906097608065,2.0
2025-05-14,2025-05-14,1.1206,146.54,1.3303,1.3963,0.8397,9.7256,0.002684,-0.00819,0.001732,0.000358,-0.001783,-0.000411,91.977733,94.581364,75.93831,96.43349,88.419394,109.848756,87.975035,0.002791,4.0,2021-07-01,3.3587499999999997,4.15625,2025-05-14,320.58,4.2,4.33,4.53,4.05,4.25,0.48,103.5948,648397.0,21942.0,23512.717,126.11,52.2,1.87,259.033,4.0,2025-05-14,18.1,18.82,18.06,18.62,0.0,VIX,0.021953896816685,4.0,2025-05-14,1.5945262303641956,2.063436468874148,11293412569145.668,1.7768094324685677,1.1796534886244587,1.1581702646622782,1.307731742296866,4.0
2025-05-20,2025-05-20,1.1254,144.72,1.3371,1.3941,0.8321,9.6677,0.001602,-0.001862,0.001048,-0.000215,-0.002517,-0.001745,92.470573,94.986496,76.893311,96.926423,88.558927,110.852061,88.501919,0.001487,3.0,2021-07-01,3.3587499999999997,4.15625,2025-05-20,320.58,4.2,4.33,4.48,3.97,4.25,0.51,103.5948,648397.0,21942.0,23512.717,126.11,52.2,1.87,259.033,3.0,2025-05-20,18.46,18.68,17.7,18.09,0.0,VIX,-0.0027563395810363,3.0,2025-05-20,1.6295397143701165,2.126974422726264,97137021695875.02,1.8236566496331,1.2212218440982243,1.2041524124402705,1.3422112941299615,3.0
2025-06-11,2025-06-11,1.149,144.48,1.3556,1.3662,0.8195,9.5482,0.005865,-0.002967,0.003553,-0.001535,-0.00292,-0.005178,94.067318,96.978393,77.021041,98.267488,90.367443,112.556437,89.60956,0.004723,4.0,2021-07-01,3.3587499999999997,4.15625,2025-06-11,320.58,4.1,4.33,4.41,3.94,4.23,0.47,103.5948,648397.0,21942.0,23512.717,126.11,52.2,1.77,259.033,4.0,2025-06-11,17.04,18.09,16.23,17.26,0.0,VIX,0.0182890855457229,4.0,2025-06-11,1.6564115227517695,2.175589599687338,462980580399483.25,1.859525227547394,1.253040121347555,1.239388835198732,1.368610567474882,4.0
2025-06-20,2025-06-20,1.152,145.92,1.3465,1.3739,0.8175,9.6761,-8.7e-05,0.009268,-0.000445,0.004093,0.000122,0.008494,93.945372,97.2316,76.260965,97.607829,89.86098,112.831804,88.425089,-0.001824,6.0,2021-07-01,3.3587499999999997,4.15625,2025-06-20,320.58,4.1,4.33,4.38,3.9,4.23,0.48,103.5948,648397.0,21942.0,23512.717,126.11,52.2,1.77,259.033,6.0,2025-06-20,20.74,21.07,19.11,20.62,0.0,VIX,-0.069914298601714,6.0,2025-06-20,1.666250555791522,2.1934347584285643,812112827192424.4,1.8726731358680229,1.2647379948929147,1.2523652535841547,1.3782874279988648,6.0
2020-06-30,2021-07-02,1.0860103896103894,138.36648351648353,1.2723084915084917,1.3387159840159841,0.9065211788211788,10.189976423576423,1.7420000000000074e-06,0.000282524,1.5157000000000018e-05,0.000107107,-0.000131059,0.00012570300000000004,90.46100674725275,91.66191675824176,81.37544374425573,92.22968404295705,92.36440729770229,101.95294091808192,84.4257861978022,-3.467600000000001e-05,4.033966033966034,2021-07-01,3.3587499999999997,4.15625,2021-07-02,302.7755117227319,3.8927624872579,3.581304791029561,3.5051348651348655,3.5293306693306694,3.61592252803262,-0.024195804195804214,102.57233200815496,589797.0968399593,21238.371967380222,22732.834846481874,119.76254026503567,65.20672782874617,1.8339653414882773,256.22076962283387,4.033966033966034,2020-06-30,32.54,32.94,29.56,30.43,0.0,VIX,-0.0424795468848332,3.0,2021-07-02,1.3055136886294159,1.5801088207870895,43769606179769.55,1.4065100494773115,0.8743551058358242,0.8313589939484075,1.0351913964153014,4.033966033966034
2020-07-06,2021-07-02,1.0860103896103894,138.36648351648353,1.2723084915084917,1.3387159840159841,0.9065211788211788,10.189976423576423,1.7420000000000074e-06,0.000282524,1.5157000000000018e-05,0.000107107,-0.000131059,0.00012570300000000004,90.46100674725275,91.66191675824176,81.37544374425573,92.22968404295705,92.36440729770229,101.95294091808192,84.4257861978022,-3.467600000000001e-05,4.033966033966034,2021-07-01,3.3587499999999997,4.15625,2021-07-02,302.7755117227319,3.8927624872579,3.581304791029561,3.5051348651348655,3.5293306693306694,3.61592252803262,-0.024195804195804214,102.57233200815496,589797.0968399593,21238.371967380222,22732.834846481874,119.76254026503567,65.20672782874617,1.8339653414882773,256.22076962283387,4.033966033966034,2020-07-06,27.76,28.33,24.92,27.94,0.0,VIX,0.009393063583815,2.0,2021-07-02,1.3055136886294159,1.5801088207870895,43769606179769.55,1.4065100494773115,0.8743551058358242,0.8313589939484075,1.0351913964153014,4.033966033966034
2020-07-08,2021-07-02,1.0860103896103894,138.36648351648353,1.2723084915084917,1.3387159840159841,0.9065211788211788,10.189976423576423,1.7420000000000074e-06,0.000282524,1.5157000000000018e-05,0.000107107,-0.000131059,0.00012570300000000004,90.46100674725275,91.66191675824176,81.37544374425573,92.22968404295705,92.36440729770229,101.95294091808192,84.4257861978022,-3.467600000000001e-05,4.033966033966034,2021-07-01,3.3587499999999997,4.15625,2021-07-02,302.7755117227319,3.8927624872579,3.581304791029561,3.5051348651348655,3.5293306693306694,3.61592252803262,-0.024195804195804214,102.57233200815496,589797.0968399593,21238.371967380222,22732.834846481874,119.76254026503567,65.20672782874617,1.8339653414882773,256.22076962283387,4.033966033966034,2020-07-08,28.95,30.2,27.24,28.08,0.0,VIX,-0.0458715596330275,4.0,2021-07-02,1.3055136886294159,1.5801088207870895,43769606179769.55,1.4065100494773115,0.8743551058358242,0.8313589939484075,1.0351913964153014,4.033966033966034
2020-07-16,2021-07-02,1.0860103896103894,138.36648351648353,1.2723084915084917,1.3387159840159841,0.9065211788211788,10.189976423576423,1.7420000000000074e-06,0.000282524,1.5157000000000018e-05,0.000107107,-0.000131059,0.00012570300000000004,90.46100674725275,91.66191675824176,81.37544374425573,92.22968404295705,92.36440729770229,101.95294091808192,84.4257861978022,-3.467600000000001e-05,4.033966033966034,2021-07-01,3.3587499999999997,4.15625,2021-07-02,302.7755117227319,3.8927624872579,3.581304791029561,3.5051348651348655,3.5293306693306694,3.61592252803262,-0.024195804195804214,102.57233200815496,589797.0968399593,21238.371967380222,22732.834846481874,119.76254026503567,65.20672782874617,1.8339653414882773,256.22076962283387,4.033966033966034,2020-07-16,28.41,29.29,26.98,28.0,0.0,VIX,0.0086455331412103,5.0,2021-07-02,1.3055136886294159,1.5801088207870895,43769606179769.55,1.4065100494773115,0.8743551058358242,0.8313589939484075,1.0351913964153014,4.033966033966034
2020-07-22,2021-07-02,1.0860103896103894,138.36648351648353,1.2723084915084917,1.3387159840159841,0.9065211788211788,10.189976423576423,1.7420000000000074e-06,0.000282524,1.5157000000000018e-05,0.000107107,-0.000131059,0.00012570300000000004,90.46100674725275,91.66191675824176,81.37544374425573,92.22968404295705,92.36440729770229,101.95294091808192,84.4257861978022,-3.467600000000001e-05,4.033966033966034,2021-07-01,3.3587499999999997,4.15625,2021-07-02,302.7755117227319,3.8927624872579,3.581304791029561,3.5051348651348655,3.5293306693306694,3.61592252803262,-0.024195804195804214,102.57233200815496,589797.0968399593,21238.371967380222,22732.834846481874,119.76254026503567,65.20672782874617,1.8339653414882773,256.22076962283387,4.033966033966034,2020-07-22,24.56,26.26,24.13,24.32,0.0,VIX,-0.0209339774557165,4.0,2021-07-02,1.3055136886294159,1.5801088207870895,43769606179769.55,1.4065100494773115,0.8743551058358242,0.8313589939484075,1.0351913964153014,4.033966033966034
2020-07-24,2021-07-02,1.0860103896103894,138.36648351648353,1.2723084915084917,1.3387159840159841,0.9065211788211788,10.189976423576423,1.7420000000000074e-06,0.000282524,1.5157000000000018e-05,0.000107107,-0.000131059,0.00012570300000000004,90.46100674725275,91.66191675824176,81.37544374425573,92.22968404295705,92.36440729770229,101.95294091808192,84.4257861978022,-3.467600000000001e-05,4.033966033966034,2021-07-01,3.3587499999999997,4.15625,2021-07-02,302.7755117227319,3.8927624872579,3.581304791029561,3.5051348651348655,3.5293306693306694,3.61592252803262,-0.024195804195804214,102.57233200815496,589797.0968399593,21238.371967380222,22732.834846481874,119.76254026503567,65.20672782874617,1.8339653414882773,256.22076962283387,4.033966033966034,2020-07-24,27.96,28.58,25.53,25.84,0.0,VIX,-0.00920245398773,6.0,2021-07-02,1.3055136886294159,1.5801088207870895,43769606179769.55,1.4065100494773115,0.8743551058358242,0.8313589939484075,1.0351913964153014,4.033966033966034
2020-07-29,2021-07-02,1.0860103896103894,138.36648351648353,1.2723084915084917,1.3387159840159841,0.9065211788211788,10.189976423576423,1.7420000000000074e-06,0.000282524,1.5157000000000018e-05,0.000107107,-0.000131059,0.00012570300000000004,90.46100674725275,91.66191675824176,81.37544374425573,92.22968404295705,92.36440729770229,101.95294091808192,84.4257861978022,-3.467600000000001e-05,4.033966033966034,2021-07-01,3.3587499999999997,4.15625,2021-07-02,302.7755117227319,3.8927624872579,3.581304791029561,3.5051348651348655,3.5293306693306694,3.61592252803262,-0.024195804195804214,102.57233200815496,589797.0968399593,21238.371967380222,22732.834846481874,119.76254026503567,65.20672782874617,1.8339653414882773,256.22076962283387,4.033966033966034,2020-07-29,25.16,25.42,23.73,24.1,0.0,VIX,-0.0526729559748427,4.0,2021-07-02,1.3055136886294159,1.5801088207870895,43769606179769.55,1.4065100494773115,0.8743551058358242,0.8313589939484075,1.0351913964153014,4.033966033966034
2020-07-31,2021-07-02,1.0860103896103894,138.36648351648353,1.2723084915084917,1.3387159840159841,0.9065211788211788,10.189976423576423,1.7420000000000074e-06,0.000282524,1.5157000000000018e-05,0.000107107,-0.000131059,0.00012570300000000004,90.46100674725275,91.66191675824176,81.37544374425573,92.22968404295705,92.36440729770229,101.95294091808192,84.4257861978022,-3.467600000000001e-05,4.033966033966034,2021-07-01,3.3587499999999997,4.15625,2021-07-02,302.7755117227319,3.8927624872579,3.581304791029561,3.5051348651348655,3.5293306693306694,3.61592252803262,-0.024195804195804214,102.57233200815496,589797.0968399593,21238.371967380222,22732.834846481874,119.76254026503567,65.20672782874617,1.8339653414882773,256.22076962283387,4.033966033966034,2020-07-31,24.79,26.41,23.55,24.46,0.0,VIX,-0.0121163166397415,6.0,2021-07-02,1.3055136886294159,1.5801088207870895,43769606179769.55,1.4065100494773115,0.8743551058358242,0.8313589939484075,1.0351913964153014,4.033966033966034
2020-08-12,2021-07-02,1.0860103896103894,138.36648351648353,1.2723084915084917,1.3387159840159841,0.9065211788211788,10.189976423576423,1.7420000000000074e-06,0.000282524,1.5157000000000018e-05,0.000107107,-0.000131059,0.00012570300000000004,90.46100674725275,91.66191675824176,81.37544374425573,92.22968404295705,92.36440729770229,101.95294091808192,84.4257861978022,-3.467600000000001e-05,4.033966033966034,2021-07-01,3.3587499999999997,4.15625,2021-07-02,302.7755117227319,3.8927624872579,3.581304791029561,3.5051348651348655,3.5293306693306694,3.61592252803262,-0.024195804195804214,102.57233200815496,589797.0968399593,21238.371967380222,22732.834846481874,119.76254026503567,65.20672782874617,1.8339653414882773,256.22076962283387,4.033966033966034,2020-08-12,22.82,22.88,21.54,22.28,0.0,VIX,-0.0728256346233874,4.0,2021-07-02,1.3055136886294159,1.5801088207870895,43769606179769.55,1.4065100494773115,0.8743551058358242,0.8313589939484075,1.0351913964153014,4.033966033966034
2020-08-13,2021-07-02,1.0860103896103894,138.36648351648353,1.2723084915084917,1.3387159840159841,0.9065211788211788,10.189976423576423,1.7420000000000074e-06,0.000282524,1.5157000000000018e-05,0.000107107,-0.000131059,0.00012570300000000004,90.46100674725275,91.66191675824176,81.37544374425573,92.22968404295705,92.36440729770229,101.95294091808192,84.4257861978022,-3.467600000000001e-05,4.033966033966034,2021-07-01,3.3587499999999997,4.15625,2021-07-02,302.7755117227319,3.8927624872579,3.581304791029561,3.5051348651348655,3.5293306693306694,3.61592252803262,-0.024195804195804214,102.57233200815496,589797.0968399593,21238.371967380222,22732.834846481874,119.76254026503567,65.20672782874617,1.8339653414882773,256.22076962283387,4.033966033966034,2020-08-13,22.2,22.92,21.45,22.13,0.0,VIX,-0.0067324955116697,5.0,2021-07-02,1.3055136886294159,1.5801088207870895,43769606179769.55,1.4065100494773115,0.8743551058358242,0.8313589939484075,1.0351913964153014,4.033966033966034
2020-08-21,2021-07-02,1.0860103896103894,138.36648351648353,1.2723084915084917,1.3387159840159841,0.9065211788211788,10.189976423576423,1.7420000000000074e-06,0.000282524,1.5157000000000018e-05,0.000107107,-0.000131059,0.00012570300000000004,90.46100674725275,91.66191675824176,81.37544374425573,92.22968404295705,92.36440729770229,101.95294091808192,84.4257861978022,-3.467600000000001e-05,4.033966033966034,2021-07-01,3.3587499999999997,4.15625,2021-07-02,302.7755117227319,3.8927624872579,3.581304791029561,3.5051348651348655,3.5293306693306694,3.61592252803262,-0.024195804195804214,102.57233200815496,589797.0968399593,21238.371967380222,22732.834846481874,119.76254026503567,65.20672782874617,1.8339653414882773,256.22076962283387,4.033966033966034,2020-08-21,22.58,24.47,22.06,22.54,0.0,VIX,-0.0079225352112676,6.0,2021-07-02,1.3055136886294159,1.5801088207870895,43769606179769.55,1.4065100494773115,0.8743551058358242,0.8313589939484075,1.0351913964153014,4.033966033966034
2020-09-01,2021-07-02,1.0860103896103894,138.36648351648353,1.2723084915084917,1.3387159840159841,0.9065211788211788,10.189976423576423,1.7420000000000074e-06,0.000282524,1.5157000000000018e-05,0.000107107,-0.000131059,0.00012570300000000004,90.46100674725275,91.66191675824176,81.37544374425573,92.22968404295705,92.36440729770229,101.95294091808192,84.4257861978022,-3.467600000000001e-05,4.033966033966034,2021-07-01,3.3587499999999997,4.15625,2021-07-02,302.7755117227319,3.8927624872579,3.581304791029561,3.5051348651348655,3.5293306693306694,3.61592252803262,-0.024195804195804214,102.57233200815496,589797.0968399593,21238.371967380222,22732.834846481874,119.76254026503567,65.20672782874617,1.8339653414882773,256.22076962283387,4.033966033966034,2020-09-01,25.86,26.59,25.02,26.12,0.0,VIX,-0.0109806891329041,3.0,2021-07-02,1.3055136886294159,1.5801088207870895,43769606179769.55,1.4065100494773115,0.8743551058358242,0.8313589939484075,1.0351913964153014,4.033966033966034
2020-09-11,2021-07-02,1.0860103896103894,138.36648351648353,1.2723084915084917,1.3387159840159841,0.9065211788211788,10.189976423576423,1.7420000000000074e-06,0.000282524,1.5157000000000018e-05,0.000107107,-0.000131059,0.00012570300000000004,90.46100674725275,91.66191675824176,81.37544374425573,92.22968404295705,92.36440729770229,101.95294091808192,84.4257861978022,-3.467600000000001e-05,4.033966033966034,2021-07-01,3.3587499999999997,4.15625,2021-07-02,302.7755117227319,3.8927624872579,3.581304791029561,3.5051348651348655,3.5293306693306694,3.61592252803262,-0.024195804195804214,102.57233200815496,589797.0968399593,21238.371967380222,22732.834846481874,119.76254026503567,65.20672782874617,1.8339653414882773,256.22076962283387,4.033966033966034,2020-09-11,28.63,29.73,26.51,26.87,0.0,VIX,-0.0955907101985863,6.0,2021-07-02,1.3055136886294159,1.5801088207870895,43769606179769.55,1.4065100494773115,0.8743551058358242,0.8313589939484075,1.0351913964153014,4.033966033966034
2020-09-29,2021-07-02,1.0860103896103894,138.36648351648353,1.2723084915084917,1.3387159840159841,0.9065211788211788,10.189976423576423,1.7420000000000074e-06,0.000282524,1.5157000000000018e-05,0.000107107,-0.000131059,0.00012570300000000004,90.46100674725275,91.66191675824176,81.37544374425573,92.22968404295705,92.36440729770229,101.95294091808192,84.4257861978022,-3.467600000000001e-05,4.033966033966034,2021-07-01,3.3587499999999997,4.15625,2021-07-02,302.7755117227319,3.8927624872579,3.581304791029561,3.5051348651348655,3.5293306693306694,3.61592252803262,-0.024195804195804214,102.57233200815496,589797.0968399593,21238.371967380222,22732.834846481874,119.76254026503567,65.20672782874617,1.8339653414882773,256.22076962283387,4.033966033966034,2020-09-29,26.81,27.43,25.98,26.27,0.0,VIX,0.0030546009927452,3.0,2021-07-02,1.3055136886294159,1.5801088207870895,43769606179769.55,1.4065100494773115,0.8743551058358242,0.8313589939484075,1.0351913964153014,4.033966033966034
2020-10-07,2021-07-02,1.0860103896103894,138.36648351648353,1.2723084915084917,1.3387159840159841,0.9065211788211788,10.189976423576423,1.7420000000000074e-06,0.000282524,1.5157000000000018e-05,0.000107107,-0.000131059,0.00012570300000000004,90.46100674725275,91.66191675824176,81.37544374425573,92.22968404295705,92.36440729770229,101.95294091808192,84.4257861978022,-3.467600000000001e-05,4.033966033966034,2021-07-01,3.3587499999999997,4.15625,2021-07-02,302.7755117227319,3.8927624872579,3.581304791029561,3.5051348651348655,3.5293306693306694,3.61592252803262,-0.024195804195804214,102.57233200815496,589797.0968399593,21238.371967380222,22732.834846481874,119.76254026503567,65.20672782874617,1.8339653414882773,256.22076962283387,4.033966033966034,2020-10-07,29.26,29.76,27.94,28.06,0.0,VIX,-0.048168249660787,4.0,2021-07-02,1.3055136886294159,1.5801088207870895,43769606179769.55,1.4065100494773115,0.8743551058358242,0.8313589939484075,1.0351913964153014,4.033966033966034
2020-10-08,2021-07-02,1.0860103896103894,138.36648351648353,1.2723084915084917,1.3387159840159841,0.9065211788211788,10.189976423576423,1.7420000000000074e-06,0.000282524,1.5157000000000018e-05,0.000107107,-0.000131059,0.00012570300000000004,90.46100674725275,91.66191675824176,81.37544374425573,92.22968404295705,92.36440729770229,101.95294091808192,84.4257861978022,-3.467600000000001e-05,4.033966033966034,2021-07-01,3.3587499999999997,4.15625,2021-07-02,302.7755117227319,3.8927624872579,3.581304791029561,3.5051348651348655,3.5293306693306694,3.61592252803262,-0.024195804195804214,102.57233200815496,589797.0968399593,21238.371967380222,22732.834846481874,119.76254026503567,65.20672782874617,1.8339653414882773,256.22076962283387,4.033966033966034,2020-10-08,27.65,27.99,24.88,26.36,0.0,VIX,-0.0605844618674269,5.0,2021-07-02,1.3055136886294159,1.5801088207870895,43769606179769.55,1.4065100494773115,0.8743551058358242,0.8313589939484075,1.0351913964153014,4.033966033966034
2020-10-19,2021-07-02,1.0860103896103894,138.36648351648353,1.2723084915084917,1.3387159840159841,0.9065211788211788,10.189976423576423,1.7420000000000074e-06,0.000282524,1.5157000000000018e-05,0.000107107,-0.000131059,0.00012570300000000004,90.46100674725275,91.66191675824176,81.37544374425573,92.22968404295705,92.36440729770229,101.95294091808192,84.4257861978022,-3.467600000000001e-05,4.033966033966034,2021-07-01,3.3587499999999997,4.15625,2021-07-02,302.7755117227319,3.8927624872579,3.581304791029561,3.5051348651348655,3.5293306693306694,3.61592252803262,-0.024195804195804214,102.57233200815496,589797.0968399593,21238.371967380222,22732.834846481874,119.76254026503567,65.20672782874617,1.8339653414882773,256.22076962283387,4.033966033966034,2020-10-19,27.36,29.69,27.04,29.18,0.0,VIX,0.0645749726377233,2.0,2021-07-02,1.3055136886294159,1.5801088207870895,43769606179769.55,1.4065100494773115,0.8743551058358242,0.8313589939484075,1.0351913964153014,4.033966033966034
2020-10-21,2021-07-02,1.0860103896103894,138.36648351648353,1.2723084915084917,1.3387159840159841,0.9065211788211788,10.189976423576423,1.7420000000000074e-06,0.000282524,1.5157000000000018e-05,0.000107107,-0.000131059,0.00012570300000000004,90.46100674725275,91.66191675824176,81.37544374425573,92.22968404295705,92.36440729770229,101.95294091808192,84.4257861978022,-3.467600000000001e-05,4.033966033966034,2021-07-01,3.3587499999999997,4.15625,2021-07-02,302.7755117227319,3.8927624872579,3.581304791029561,3.5051348651348655,3.5293306693306694,3.61592252803262,-0.024195804195804214,102.57233200815496,589797.0968399593,21238.371967380222,22732.834846481874,119.76254026503567,65.20672782874617,1.8339653414882773,256.22076962283387,4.033966033966034,2020-10-21,29.12,30.55,28.37,28.65,0.0,VIX,-0.0238500851788757,4.0,2021-07-02,1.3055136886294159,1.5801088207870895,43769606179769.55,1.4065100494773115,0.8743551058358242,0.8313589939484075,1.0351913964153014,4.033966033966034
2020-10-22,2021-07-02,1.0860103896103894,138.36648351648353,1.2723084915084917,1.3387159840159841,0.9065211788211788,10.189976423576423,1.7420000000000074e-06,0.000282524,1.5157000000000018e-05,0.000107107,-0.000131059,0.00012570300000000004,90.46100674725275,91.66191675824176,81.37544374425573,92.22968404295705,92.36440729770229,101.95294091808192,84.4257861978022,-3.467600000000001e-05,4.033966033966034,2021-07-01,3.3587499999999997,4.15625,2021-07-02,302.7755117227319,3.8927624872579,3.581304791029561,3.5051348651348655,3.5293306693306694,3.61592252803262,-0.024195804195804214,102.57233200815496,589797.0968399593,21238.371967380222,22732.834846481874,119.76254026503567,65.20672782874617,1.8339653414882773,256.22076962283387,4.033966033966034,2020-10-22,30.1,30.12,27.68,28.11,0.0,VIX,-0.0188481675392669,5.0,2021-07-02,1.3055136886294159,1.5801088207870895,43769606179769.55,1.4065100494773115,0.8743551058358242,0.8313589939484075,1.0351913964153014,4.033966033966034
2020-10-27,2021-07-02,1.0860103896103894,138.36648351648353,1.2723084915084917,1.3387159840159841,0.9065211788211788,10.189976423576423,1.7420000000000074e-06,0.000282524,1.5157000000000018e-05,0.000107107,-0.000131059,0.00012570300000000004,90.46100674725275,91.66191675824176,81.37544374425573,92.22968404295705,92.36440729770229,101.95294091808192,84.4257861978022,-3.467600000000001e-05,4.033966033966034,2021-07-01,3.3587499999999997,4.15625,2021-07-02,302.7755117227319,3.8927624872579,3.581304791029561,3.5051348651348655,3.5293306693306694,3.61592252803262,-0.024195804195804214,102.57233200815496,589797.0968399593,21238.371967380222,22732.834846481874,119.76254026503567,65.20672782874617,1.8339653414882773,256.22076962283387,4.033966033966034,2020-10-27,32.04,33.77,31.85,33.35,0.0,VIX,0.0274183610597658,3.0,2021-07-02,1.3055136886294159,1.5801088207870895,43769606179769.55,1.4065100494773115,0.8743551058358242,0.8313589939484075,1.0351913964153014,4.033966033966034
2020-10-28,2021-07-02,1.0860103896103894,138.36648351648353,1.2723084915084917,1.3387159840159841,0.9065211788211788,10.189976423576423,1.7420000000000074e-06,0.000282524,1.5157000000000018e-05,0.000107107,-0.000131059,0.00012570300000000004,90.46100674725275,91.66191675824176,81.37544374425573,92.22968404295705,92.36440729770229,101.95294091808192,84.4257861978022,-3.467600000000001e-05,4.033966033966034,2021-07-01,3.3587499999999997,4.15625,2021-07-02,302.7755117227319,3.8927624872579,3.581304791029561,3.5051348651348655,3.5293306693306694,3.61592252803262,-0.024195804195804214,102.57233200815496,589797.0968399593,21238.371967380222,22732.834846481874,119.76254026503567,65.20672782874617,1.8339653414882773,256.22076962283387,4.033966033966034,2020-10-28,34.69,40.77,34.68,40.28,0.0,VIX,0.2077961019490255,4.0,2021-07-02,1.3055136886294159,1.5801088207870895,43769606179769.55,1.4065100494773115,0.8743551058358242,0.8313589939484075,1.0351913964153014,4.033966033966034
2020-10-30,2021-07-02,1.0860103896103894,138.36648351648353,1.2723084915084917,1.3387159840159841,0.9065211788211788,10.189976423576423,1.7420000000000074e-06,0.000282524,1.5157000000000018e-05,0.000107107,-0.000131059,0.00012570300000000004,90.46100674725275,91.66191675824176,81.37544374425573,92.22968404295705,92.36440729770229,101.95294091808192,84.4257861978022,-3.467600000000001e-05,4.033966033966034,2021-07-01,3.3587499999999997,4.15625,2021-07-02,302.7755117227319,3.8927624872579,3.581304791029561,3.5051348651348655,3.5293306693306694,3.61592252803262,-0.024195804195804214,102.57233200815496,589797.0968399593,21238.371967380222,22732.834846481874,119.76254026503567,65.20672782874617,1.8339653414882773,256.22076962283387,4.033966033966034,2020-10-30,40.81,41.09,36.5,38.02,0.0,VIX,0.011439212556531,6.0,2021-07-02,1.3055136886294159,1.5801088207870895,43769606179769.55,1.4065100494773115,0.8743551058358242,0.8313589939484075,1.0351913964153014,4.033966033966034
2020-11-04,2021-07-02,1.0860103896103894,138.36648351648353,1.2723084915084917,1.3387159840159841,0.9065211788211788,10.189976423576423,1.7420000000000074e-06,0.000282524,1.5157000000000018e-05,0.000107107,-0.000131059,0.00012570300000000004,90.46100674725275,91.66191675824176,81.37544374425573,92.22968404295705,92.36440729770229,101.95294091808192,84.4257861978022,-3.467600000000001e-05,4.033966033966034,2021-07-01,3.3587499999999997,4.15625,2021-07-02,302.7755117227319,3.8927624872579,3.581304791029561,3.5051348651348655,3.5293306693306694,3.61592252803262,-0.024195804195804214,102.57233200815496,589797.0968399593,21238.371967380222,22732.834846481874,119.76254026503567,65.20672782874617,1.8339653414882773,256.22076962283387,4.033966033966034,2020-11-04,36.79,36.85,28.03,29.57,0.0,VIX,-0.1682137834036567,4.0,2021-07-02,1.3055136886294159,1.5801088207870895,43769606179769.55,1.4065100494773115,0.8743551058358242,0.8313589939484075,1.0351913964153014,4.033966033966034
2020-11-05,2021-07-02,1.0860103896103894,138.36648351648353,1.2723084915084917,1.3387159840159841,0.9065211788211788,10.189976423576423,1.7420000000000074e-06,0.000282524,1.5157000000000018e-05,0.000107107,-0.000131059,0.00012570300000000004,90.46100674725275,91.66191675824176,81.37544374425573,92.22968404295705,92.36440729770229,101.95294091808192,84.4257861978022,-3.467600000000001e-05,4.033966033966034,2021-07-01,3.3587499999999997,4.15625,2021-07-02,302.7755117227319,3.8927624872579,3.581304791029561,3.5051348651348655,3.5293306693306694,3.61592252803262,-0.024195804195804214,102.57233200815496,589797.0968399593,21238.371967380222,22732.834846481874,119.76254026503567,65.20672782874617,1.8339653414882773,256.22076962283387,4.033966033966034,2020-11-05,27.56,28.14,26.04,27.58,0.0,VIX,-0.0672979370984105,5.0,2021-07-02,1.3055136886294159,1.5801088207870895,43769606179769.55,1.4065100494773115,0.8743551058358242,0.8313589939484075,1.0351913964153014,4.033966033966034
2020-11-06,2021-07-02,1.0860103896103894,138.36648351648353,1.2723084915084917,1.3387159840159841,0.9065211788211788,10.189976423576423,1.7420000000000074e-06,0.000282524,1.5157000000000018e-05,0.000107107,-0.000131059,0.00012570300000000004,90.46100674725275,91.66191675824176,81.37544374425573,92.22968404295705,92.36440729770229,101.95294091808192,84.4257861978022,-3.467600000000001e-05,4.033966033966034,2021-07-01,3.3587499999999997,4.15625,2021-07-02,302.7755117227319,3.8927624872579,3.581304791029561,3.5051348651348655,3.5293306693306694,3.61592252803262,-0.024195804195804214,102.57233200815496,589797.0968399593,21238.371967380222,22732.834846481874,119.76254026503567,65.20672782874617,1.8339653414882773,256.22076962283387,4.033966033966034,2020-11-06,27.87,29.44,24.56,24.86,0.0,VIX,-0.0986221899927483,6.0,2021-07-02,1.3055136886294159,1.5801088207870895,43769606179769.55,1.4065100494773115,0.8743551058358242,0.8313589939484075,1.0351913964153014,4.033966033966034
2020-11-11,2021-07-02,1.0860103896103894,138.36648351648353,1.2723084915084917,1.3387159840159841,0.9065211788211788,10.189976423576423,1.7420000000000074e-06,0.000282524,1.5157000000000018e-05,0.000107107,-0.000131059,0.00012570300000000004,90.46100674725275,91.66191675824176,81.37544374425573,92.22968404295705,92.36440729770229,101.95294091808192,84.4257861978022,-3.467600000000001e-05,4.033966033966034,2021-07-01,3.3587499999999997,4.15625,2021-07-02,302.7755117227319,3.8927624872579,3.581304791029561,3.5051348651348655,3.5293306693306694,3.61592252803262,-0.024195804195804214,102.57233200815496,589797.0968399593,21238.371967380222,22732.834846481874,119.76254026503567,65.20672782874617,1.8339653414882773,256.22076962283387,4.033966033966034,2020-11-11,25.01,25.12,22.57,23.45,0.0,VIX,-0.0544354838709677,4.0,2021-07-02,1.3055136886294159,1.5801088207870895,43769606179769.55,1.4065100494773115,0.8743551058358242,0.8313589939484075,1.0351913964153014,4.033966033966034
2020-11-13,2021-07-02,1.0860103896103894,138.36648351648353,1.2723084915084917,1.3387159840159841,0.9065211788211788,10.189976423576423,1.7420000000000074e-06,0.000282524,1.5157000000000018e-05,0.000107107,-0.000131059,0.00012570300000000004,90.46100674725275,91.66191675824176,81.37544374425573,92.22968404295705,92.36440729770229,101.95294091808192,84.4257861978022,-3.467600000000001e-05,4.033966033966034,2021-07-01,3.3587499999999997,4.15625,2021-07-02,302.7755117227319,3.8927624872579,3.581304791029561,3.5051348651348655,3.5293306693306694,3.61592252803262,-0.024195804195804214,102.57233200815496,589797.0968399593,21238.371967380222,22732.834846481874,119.76254026503567,65.20672782874617,1.8339653414882773,256.22076962283387,4.033966033966034,2020-11-13,24.94,25.03,22.74,23.1,0.0,VIX,-0.0887573964497041,6.0,2021-07-02,1.3055136886294159,1.5801088207870895,43769606179769.55,1.4065100494773115,0.8743551058358242,0.8313589939484075,1.0351913964153014,4.033966033966034
2020-11-25,2021-07-02,1.0860103896103894,138.36648351648353,1.2723084915084917,1.3387159840159841,0.9065211788211788,10.189976423576423,1.7420000000000074e-06,0.000282524,1.5157000000000018e-05,0.000107107,-0.000131059,0.00012570300000000004,90.46100674725275,91.66191675824176,81.37544374425573,92.22968404295705,92.36440729770229,101.95294091808192,84.4257861978022,-3.467600000000001e-05,4.033966033966034,2021-07-01,3.3587499999999997,4.15625,2021-07-02,302.7755117227319,3.8927624872579,3.581304791029561,3.5051348651348655,3.5293306693306694,3.61592252803262,-0.024195804195804214,102.57233200815496,589797.0968399593,21238.371967380222,22732.834846481874,119.76254026503567,65.20672782874617,1.8339653414882773,256.22076962283387,4.033966033966034,2020-11-25,21.65,22.5,21.13,21.25,0.0,VIX,-0.0180221811460259,4.0,2021-07-02,1.3055136886294159,1.5801088207870895,43769606179769.55,1.4065100494773115,0.8743551058358242,0.8313589939484075,1.0351913964153014,4.033966033966034
2020-12-03,2021-07-02,1.0860103896103894,138.36648351648353,1.2723084915084917,1.3387159840159841,0.9065211788211788,10.189976423576423,1.7420000000000074e-06,0.000282524,1.5157000000000018e-05,0.000107107,-0.000131059,0.00012570300000000004,90.46100674725275,91.66191675824176,81.37544374425573,92.22968404295705,92.36440729770229,101.95294091808192,84.4257861978022,-3.467600000000001e-05,4.033966033966034,2021-07-01,3.3587499999999997,4.15625,2021-07-02,302.7755117227319,3.8927624872579,3.581304791029561,3.5051348651348655,3.5293306693306694,3.61592252803262,-0.024195804195804214,102.57233200815496,589797.0968399593,21238.371967380222,22732.834846481874,119.76254026503567,65.20672782874617,1.8339653414882773,256.22076962283387,4.033966033966034,2020-12-03,21.24,21.88,20.72,21.28,0.0,VIX,0.0051960321209258,5.0,2021-07-02,1.3055136886294159,1.5801088207870895,43769606179769.55,1.4065100494773115,0.8743551058358242,0.8313589939484075,1.0351913964153014,4.033966033966034
2020-12-04,2021-07-02,1.0860103896103894,138.36648351648353,1.2723084915084917,1.3387159840159841,0.9065211788211788,10.189976423576423,1.7420000000000074e-06,0.000282524,1.5157000000000018e-05,0.000107107,-0.000131059,0.00012570300000000004,90.46100674725275,91.66191675824176,81.37544374425573,92.22968404295705,92.36440729770229,101.95294091808192,84.4257861978022,-3.467600000000001e-05,4.033966033966034,2021-07-01,3.3587499999999997,4.15625,2021-07-02,302.7755117227319,3.8927624872579,3.581304791029561,3.5051348651348655,3.5293306693306694,3.61592252803262,-0.024195804195804214,102.57233200815496,589797.0968399593,21238.371967380222,22732.834846481874,119.76254026503567,65.20672782874617,1.8339653414882773,256.22076962283387,4.033966033966034,2020-12-04,21.05,21.15,19.97,20.79,0.0,VIX,-0.0230263157894737,6.0,2021-07-02,1.3055136886294159,1.5801088207870895,43769606179769.55,1.4065100494773115,0.8743551058358242,0.8313589939484075,1.0351913964153014,4.033966033966034
2020-12-08,2021-07-02,1.0860103896103894,138.36648351648353,1.2723084915084917,1.3387159840159841,0.9065211788211788,10.189976423576423,1.7420000000000074e-06,0.000282524,1.5157000000000018e-05,0.000107107,-0.000131059,0.00012570300000000004,90.46100674725275,91.66191675824176,81.37544374425573,92.22968404295705,92.36440729770229,101.95294091808192,84.4257861978022,-3.467600000000001e-05,4.033966033966034,2021-07-01,3.3587499999999997,4.15625,2021-07-02,302.7755117227319,3.8927624872579,3.581304791029561,3.5051348651348655,3.5293306693306694,3.61592252803262,-0.024195804195804214,102.57233200815496,589797.0968399593,21238.371967380222,22732.834846481874,119.76254026503567,65.20672782874617,1.8339653414882773,256.22076962283387,4.033966033966034,2020-12-08,21.65,22.25,20.52,20.68,0.0,VIX,-0.0291079812206572,3.0,2021-07-02,1.3055136886294159,1.5801088207870895,43769606179769.55,1.4065100494773115,0.8743551058358242,0.8313589939484075,1.0351913964153014,4.033966033966034
2020-12-16,2021-07-02,1.0860103896103894,138.36648351648353,1.2723084915084917,1.3387159840159841,0.9065211788211788,10.189976423576423,1.7420000000000074e-06,0.000282524,1.5157000000000018e-05,0.000107107,-0.000131059,0.00012570300000000004,90.46100674725275,91.66191675824176,81.37544374425573,92.22968404295705,92.36440729770229,101.95294091808192,84.4257861978022,-3.467600000000001e-05,4.033966033966034,2021-07-01,3.3587499999999997,4.15625,2021-07-02,302.7755117227319,3.8927624872579,3.581304791029561,3.5051348651348655,3.5293306693306694,3.61592252803262,-0.024195804195804214,102.57233200815496,589797.0968399593,21238.371967380222,22732.834846481874,119.76254026503567,65.20672782874617,1.8339653414882773,256.22076962283387,4.033966033966034,2020-12-16,22.51,23.67,22.29,22.5,0.0,VIX,-0.0170380078636959,4.0,2021-07-02,1.3055136886294159,1.5801088207870895,43769606179769.55,1.4065100494773115,0.8743551058358242,0.8313589939484075,1.0351913964153014,4.033966033966034
2020-12-21,2021-07-02,1.0860103896103894,138.36648351648353,1.2723084915084917,1.3387159840159841,0.9065211788211788,10.189976423576423,1.7420000000000074e-06,0.000282524,1.5157000000000018e-05,0.000107107,-0.000131059,0.00012570300000000004,90.46100674725275,91.66191675824176,81.37544374425573,92.22968404295705,92.36440729770229,101.95294091808192,84.4257861978022,-3.467600000000001e-05,4.033966033966034,2021-07-01,3.3587499999999997,4.15625,2021-07-02,302.7755117227319,3.8927624872579,3.581304791029561,3.5051348651348655,3.5293306693306694,3.61592252803262,-0.024195804195804214,102.57233200815496,589797.0968399593,21238.371967380222,22732.834846481874,119.76254026503567,65.20672782874617,1.8339653414882773,256.22076962283387,4.033966033966034,2020-12-21,24.25,31.46,24.23,25.16,0.0,VIX,0.1664348632359757,2.0,2021-07-02,1.3055136886294159,1.5801088207870895,43769606179769.55,1.4065100494773115,0.8743551058358242,0.8313589939484075,1.0351913964153014,4.033966033966034
2021-01-04,2021-07-02,1.0860103896103894,138.36648351648353,1.2723084915084917,1.3387159840159841,0.9065211788211788,10.189976423576423,1.7420000000000074e-06,0.000282524,1.5157000000000018e-05,0.000107107,-0.000131059,0.00012570300000000004,90.46100674725275,91.66191675824176,81.37544374425573,92.22968404295705,92.36440729770229,101.95294091808192,84.4257861978022,-3.467600000000001e-05,4.033966033966034,2021-07-01,3.3587499999999997,4.15625,2021-07-02,302.7755117227319,3.8927624872579,3.581304791029561,3.5051348651348655,3.5293306693306694,3.61592252803262,-0.024195804195804214,102.57233200815496,589797.0968399593,21238.371967380222,22732.834846481874,119.76254026503567,65.20672782874617,1.8339653414882773,256.22076962283387,4.033966033966034,2021-01-04,23.04,29.19,22.56,26.97,0.0,VIX,0.1854945054945054,2.0,2021-07-02,1.3055136886294159,1.5801088207870895,43769606179769.55,1.4065100494773115,0.8743551058358242,0.8313589939484075,1.0351913964153014,4.033966033966034
2021-01-06,2021-07-02,1.0860103896103894,138.36648351648353,1.2723084915084917,1.3387159840159841,0.9065211788211788,10.189976423576423,1.7420000000000074e-06,0.000282524,1.5157000000000018e-05,0.000107107,-0.000131059,0.00012570300000000004,90.46100674725275,91.66191675824176,81.37544374425573,92.22968404295705,92.36440729770229,101.95294091808192,84.4257861978022,-3.467600000000001e-05,4.033966033966034,2021-07-01,3.3587499999999997,4.15625,2021-07-02,302.7755117227319,3.8927624872579,3.581304791029561,3.5051348651348655,3.5293306693306694,3.61592252803262,-0.024195804195804214,102.57233200815496,589797.0968399593,21238.371967380222,22732.834846481874,119.76254026503567,65.20672782874617,1.8339653414882773,256.22076962283387,4.033966033966034,2021-01-06,25.48,26.77,22.14,25.07,0.0,VIX,-0.010655090765588,4.0,2021-07-02,1.3055136886294159,1.5801088207870895,43769606179769.55,1.4065100494773115,0.8743551058358242,0.8313589939484075,1.0351913964153014,4.033966033966034
2021-01-07,2021-07-02,1.0860103896103894,138.36648351648353,1.2723084915084917,1.3387159840159841,0.9065211788211788,10.189976423576423,1.7420000000000074e-06,0.000282524,1.5157000000000018e-05,0.000107107,-0.000131059,0.00012570300000000004,90.46100674725275,91.66191675824176,81.37544374425573,92.22968404295705,92.36440729770229,101.95294091808192,84.4257861978022,-3.467600000000001e-05,4.033966033966034,2021-07-01,3.3587499999999997,4.15625,2021-07-02,302.7755117227319,3.8927624872579,3.581304791029561,3.5051348651348655,3.5293306693306694,3.61592252803262,-0.024195804195804214,102.57233200815496,589797.0968399593,21238.371967380222,22732.834846481874,119.76254026503567,65.20672782874617,1.8339653414882773,256.22076962283387,4.033966033966034,2021-01-07,23.67,23.91,22.25,22.37,0.0,VIX,-0.1076984443558036,5.0,2021-07-02,1.3055136886294159,1.5801088207870895,43769606179769.55,1.4065100494773115,0.8743551058358242,0.8313589939484075,1.0351913964153014,4.033966033966034
2021-01-11,2021-07-02,1.0860103896103894,138.36648351648353,1.2723084915084917,1.3387159840159841,0.9065211788211788,10.189976423576423,1.7420000000000074e-06,0.000282524,1.5157000000000018e-05,0.000107107,-0.000131059,0.00012570300000000004,90.46100674725275,91.66191675824176,81.37544374425573,92.22968404295705,92.36440729770229,101.95294091808192,84.4257861978022,-3.467600000000001e-05,4.033966033966034,2021-07-01,3.3587499999999997,4.15625,2021-07-02,302.7755117227319,3.8927624872579,3.581304791029561,3.5051348651348655,3.5293306693306694,3.61592252803262,-0.024195804195804214,102.57233200815496,589797.0968399593,21238.371967380222,22732.834846481874,119.76254026503567,65.20672782874617,1.8339653414882773,256.22076962283387,4.033966033966034,2021-01-11,23.31,24.81,23.23,24.08,0.0,VIX,0.1168831168831168,2.0,2021-07-02,1.3055136886294159,1.5801088207870895,43769606179769.55,1.4065100494773115,0.8743551058358242,0.8313589939484075,1.0351913964153014,4.033966033966034
2021-01-19,2021-07-02,1.0860103896103894,138.36648351648353,1.2723084915084917,1.3387159840159841,0.9065211788211788,10.189976423576423,1.7420000000000074e-06,0.000282524,1.5157000000000018e-05,0.000107107,-0.000131059,0.00012570300000000004,90.46100674725275,91.66191675824176,81.37544374425573,92.22968404295705,92.36440729770229,101.95294091808192,84.4257861978022,-3.467600000000001e-05,4.033966033966034,2021-07-01,3.3587499999999997,4.15625,2021-07-02,302.7755117227319,3.8927624872579,3.581304791029561,3.5051348651348655,3.5293306693306694,3.61592252803262,-0.024195804195804214,102.57233200815496,589797.0968399593,21238.371967380222,22732.834846481874,119.76254026503567,65.20672782874617,1.8339653414882773,256.22076962283387,4.033966033966034,2021-01-19,23.03,23.56,22.53,23.24,0.0,VIX,-0.0451930977814297,3.0,2021-07-02,1.3055136886294159,1.5801088207870895,43769606179769.55,1.4065100494773115,0.8743551058358242,0.8313589939484075,1.0351913964153014,4.033966033966034
2021-01-25,2021-07-02,1.0860103896103894,138.36648351648353,1.2723084915084917,1.3387159840159841,0.9065211788211788,10.189976423576423,1.7420000000000074e-06,0.000282524,1.5157000000000018e-05,0.000107107,-0.000131059,0.00012570300000000004,90.46100674725275,91.66191675824176,81.37544374425573,92.22968404295705,92.36440729770229,101.95294091808192,84.4257861978022,-3.467600000000001e-05,4.033966033966034,2021-07-01,3.3587499999999997,4.15625,2021-07-02,302.7755117227319,3.8927624872579,3.581304791029561,3.5051348651348655,3.5293306693306694,3.61592252803262,-0.024195804195804214,102.57233200815496,589797.0968399593,21238.371967380222,22732.834846481874,119.76254026503567,65.20672782874617,1.8339653414882773,256.22076962283387,4.033966033966034,2021-01-25,22.31,26.63,22.2,23.19,0.0,VIX,0.0584208124144227,2.0,2021-07-02,1.3055136886294159,1.5801088207870895,43769606179769.55,1.4065100494773115,0.8743551058358242,0.8313589939484075,1.0351913964153014,4.033966033966034
2021-01-26,2021-07-02,1.0860103896103894,138.36648351648353,1.2723084915084917,1.3387159840159841,0.9065211788211788,10.189976423576423,1.7420000000000074e-06,0.000282524,1.5157000000000018e-05,0.000107107,-0.000131059,0.00012570300000000004,90.46100674725275,91.66191675824176,81.37544374425573,92.22968404295705,92.36440729770229,101.95294091808192,84.4257861978022,-3.467600000000001e-05,4.033966033966034,2021-07-01,3.3587499999999997,4.15625,2021-07-02,302.7755117227319,3.8927624872579,3.581304791029561,3.5051348651348655,3.5293306693306694,3.61592252803262,-0.024195804195804214,102.57233200815496,589797.0968399593,21238.371967380222,22732.834846481874,119.76254026503567,65.20672782874617,1.8339653414882773,256.22076962283387,4.033966033966034,2021-01-26,23.91,23.94,22.55,23.02,0.0,VIX,-0.0073307460112117,3.0,2021-07-02,1.3055136886294159,1.5801088207870895,43769606179769.55,1.4065100494773115,0.8743551058358242,0.8313589939484075,1.0351913964153014,4.033966033966034
2021-01-28,2021-07-02,1.0860103896103894,138.36648351648353,1.2723084915084917,1.3387159840159841,0.9065211788211788,10.189976423576423,1.7420000000000074e-06,0.000282524,1.5157000000000018e-05,0.000107107,-0.000131059,0.00012570300000000004,90.46100674725275,91.66191675824176,81.37544374425573,92.22968404295705,92.36440729770229,101.95294091808192,84.4257861978022,-3.467600000000001e-05,4.033966033966034,2021-07-01,3.3587499999999997,4.15625,2021-07-02,302.7755117227319,3.8927624872579,3.581304791029561,3.5051348651348655,3.5293306693306694,3.61592252803262,-0.024195804195804214,102.57233200815496,589797.0968399593,21238.371967380222,22732.834846481874,119.76254026503567,65.20672782874617,1.8339653414882773,256.22076962283387,4.033966033966034,2021-01-28,33.25,36.29,27.39,30.21,0.0,VIX,-0.1881214727223864,5.0,2021-07-02,1.3055136886294159,1.5801088207870895,43769606179769.55,1.4065100494773115,0.8743551058358242,0.8313589939484075,1.0351913964153014,4.033966033966034
2021-01-29,2021-07-02,1.0860103896103894,138.36648351648353,1.2723084915084917,1.3387159840159841,0.9065211788211788,10.189976423576423,1.7420000000000074e-06,0.000282524,1.5157000000000018e-05,0.000107107,-0.000131059,0.00012570300000000004,90.46100674725275,91.66191675824176,81.37544374425573,92.22968404295705,92.36440729770229,101.95294091808192,84.4257861978022,-3.467600000000001e-05,4.033966033966034,2021-07-01,3.3587499999999997,4.15625,2021-07-02,302.7755117227319,3.8927624872579,3.581304791029561,3.5051348651348655,3.5293306693306694,3.61592252803262,-0.024195804195804214,102.57233200815496,589797.0968399593,21238.371967380222,22732.834846481874,119.76254026503567,65.20672782874617,1.8339653414882773,256.22076962283387,4.033966033966034,2021-01-29,35.16,37.51,29.24,33.09,0.0,VIX,0.0953326713008937,6.0,2021-07-02,1.3055136886294159,1.5801088207870895,43769606179769.55,1.4065100494773115,0.8743551058358242,0.8313589939484075,1.0351913964153014,4.033966033966034
2021-02-18,2021-07-02,1.0860103896103894,138.36648351648353,1.2723084915084917,1.3387159840159841,0.9065211788211788,10.189976423576423,1.7420000000000074e-06,0.000282524,1.5157000000000018e-05,0.000107107,-0.000131059,0.00012570300000000004,90.46100674725275,91.66191675824176,81.37544374425573,92.22968404295705,92.36440729770229,101.95294091808192,84.4257861978022,-3.467600000000001e-05,4.033966033966034,2021-07-01,3.3587499999999997,4.15625,2021-07-02,302.7755117227319,3.8927624872579,3.581304791029561,3.5051348651348655,3.5293306693306694,3.61592252803262,-0.024195804195804214,102.57233200815496,589797.0968399593,21238.371967380222,22732.834846481874,119.76254026503567,65.20672782874617,1.8339653414882773,256.22076962283387,4.033966033966034,2021-02-18,21.98,24.23,21.8,22.49,0.0,VIX,0.0460465116279069,5.0,2021-07-02,1.3055136886294159,1.5801088207870895,43769606179769.55,1.4065100494773115,0.8743551058358242,0.8313589939484075,1.0351913964153014,4.033966033966034
2021-03-03,2021-07-02,1.0860103896103894,138.36648351648353,1.2723084915084917,1.3387159840159841,0.9065211788211788,10.189976423576423,1.7420000000000074e-06,0.000282524,1.5157000000000018e-05,0.000107107,-0.000131059,0.00012570300000000004,90.46100674725275,91.66191675824176,81.37544374425573,92.22968404295705,92.36440729770229,101.95294091808192,84.4257861978022,-3.467600000000001e-05,4.033966033966034,2021-07-01,3.3587499999999997,4.15625,2021-07-02,302.7755117227319,3.8927624872579,3.581304791029561,3.5051348651348655,3.5293306693306694,3.61592252803262,-0.024195804195804214,102.57233200815496,589797.0968399593,21238.371967380222,22732.834846481874,119.76254026503567,65.20672782874617,1.8339653414882773,256.22076962283387,4.033966033966034,2021-03-03,22.8,26.79,22.45,26.67,0.0,VIX,0.1066390041493776,4.0,2021-07-02,1.3055136886294159,1.5801088207870895,43769606179769.55,1.4065100494773115,0.8743551058358242,0.8313589939484075,1.0351913964153014,4.033966033966034
2021-03-04,2021-07-02,1.0860103896103894,138.36648351648353,1.2723084915084917,1.3387159840159841,0.9065211788211788,10.189976423576423,1.7420000000000074e-06,0.000282524,1.5157000000000018e-05,0.000107107,-0.000131059,0.00012570300000000004,90.46100674725275,91.66191675824176,81.37544374425573,92.22968404295705,92.36440729770229,101.95294091808192,84.4257861978022,-3.467600000000001e-05,4.033966033966034,2021-07-01,3.3587499999999997,4.15625,2021-07-02,302.7755117227319,3.8927624872579,3.581304791029561,3.5051348651348655,3.5293306693306694,3.61592252803262,-0.024195804195804214,102.57233200815496,589797.0968399593,21238.371967380222,22732.834846481874,119.76254026503567,65.20672782874617,1.8339653414882773,256.22076962283387,4.033966033966034,2021-03-04,26.52,31.9,24.93,28.57,0.0,VIX,0.0712410948631421,5.0,2021-07-02,1.3055136886294159,1.5801088207870895,43769606179769.55,1.4065100494773115,0.8743551058358242,0.8313589939484075,1.0351913964153014,4.033966033966034
2021-03-17,2021-07-02,1.0860103896103894,138.36648351648353,1.2723084915084917,1.3387159840159841,0.9065211788211788,10.189976423576423,1.7420000000000074e-06,0.000282524,1.5157000000000018e-05,0.000107107,-0.000131059,0.00012570300000000004,90.46100674725275,91.66191675824176,81.37544374425573,92.22968404295705,92.36440729770229,101.95294091808192,84.4257861978022,-3.467600000000001e-05,4.033966033966034,2021-07-01,3.3587499999999997,4.15625,2021-07-02,302.7755117227319,3.8927624872579,3.581304791029561,3.5051348651348655,3.5293306693306694,3.61592252803262,-0.024195804195804214,102.57233200815496,589797.0968399593,21238.371967380222,22732.834846481874,119.76254026503567,65.20672782874617,1.8339653414882773,256.22076962283387,4.033966033966034,2021-03-17,20.1,20.95,19.18,19.23,0.0,VIX,-0.0282971197574531,4.0,2021-07-02,1.3055136886294159,1.5801088207870895,43769606179769.55,1.4065100494773115,0.8743551058358242,0.8313589939484075,1.0351913964153014,4.033966033966034
2021-03-18,2021-07-02,1.0860103896103894,138.36648351648353,1.2723084915084917,1.3387159840159841,0.9065211788211788,10.189976423576423,1.7420000000000074e-06,0.000282524,1.5157000000000018e-05,0.000107107,-0.000131059,0.00012570300000000004,90.46100674725275,91.66191675824176,81.37544374425573,92.22968404295705,92.36440729770229,101.95294091808192,84.4257861978022,-3.467600000000001e-05,4.033966033966034,2021-07-01,3.3587499999999997,4.15625,2021-07-02,302.7755117227319,3.8927624872579,3.581304791029561,3.5051348651348655,3.5293306693306694,3.61592252803262,-0.024195804195804214,102.57233200815496,589797.0968399593,21238.371967380222,22732.834846481874,119.76254026503567,65.20672782874617,1.8339653414882773,256.22076962283387,4.033966033966034,2021-03-18,18.95,22.6,18.95,21.58,0.0,VIX,0.1222048881955277,5.0,2021-07-02,1.3055136886294159,1.5801088207870895,43769606179769.55,1.4065100494773115,0.8743551058358242,0.8313589939484075,1.0351913964153014,4.033966033966034
2021-03-22,2021-07-02,1.0860103896103894,138.36648351648353,1.2723084915084917,1.3387159840159841,0.9065211788211788,10.189976423576423,1.7420000000000074e-06,0.000282524,1.5157000000000018e-05,0.000107107,-0.000131059,0.00012570300000000004,90.46100674725275,91.66191675824176,81.37544374425573,92.22968404295705,92.36440729770229,101.95294091808192,84.4257861978022,-3.467600000000001e-05,4.033966033966034,2021-07-01,3.3587499999999997,4.15625,2021-07-02,302.7755117227319,3.8927624872579,3.581304791029561,3.5051348651348655,3.5293306693306694,3.61592252803262,-0.024195804195804214,102.57233200815496,589797.0968399593,21238.371967380222,22732.834846481874,119.76254026503567,65.20672782874617,1.8339653414882773,256.22076962283387,4.033966033966034,2021-03-22,21.91,22.29,18.87,18.88,0.0,VIX,-0.0988066825775656,2.0,2021-07-02,1.3055136886294159,1.5801088207870895,43769606179769.55,1.4065100494773115,0.8743551058358242,0.8313589939484075,1.0351913964153014,4.033966033966034
2021-03-23,2021-07-02,1.0860103896103894,138.36648351648353,1.2723084915084917,1.3387159840159841,0.9065211788211788,10.189976423576423,1.7420000000000074e-06,0.000282524,1.5157000000000018e-05,0.000107107,-0.000131059,0.00012570300000000004,90.46100674725275,91.66191675824176,81.37544374425573,92.22968404295705,92.36440729770229,101.95294091808192,84.4257861978022,-3.467600000000001e-05,4.033966033966034,2021-07-01,3.3587499999999997,4.15625,2021-07-02,302.7755117227319,3.8927624872579,3.581304791029561,3.5051348651348655,3.5293306693306694,3.61592252803262,-0.024195804195804214,102.57233200815496,589797.0968399593,21238.371967380222,22732.834846481874,119.76254026503567,65.20672782874617,1.8339653414882773,256.22076962283387,4.033966033966034,2021-03-23,19.46,21.58,18.8,20.3,0.0,VIX,0.0752118644067798,3.0,2021-07-02,1.3055136886294159,1.5801088207870895,43769606179769.55,1.4065100494773115,0.8743551058358242,0.8313589939484075,1.0351913964153014,4.033966033966034
2021-04-09,2021-07-02,1.0860103896103894,138.36648351648353,1.2723084915084917,1.3387159840159841,0.9065211788211788,10.189976423576423,1.7420000000000074e-06,0.000282524,1.5157000000000018e-05,0.000107107,-0.000131059,0.00012570300000000004,90.46100674725275,91.66191675824176,81.37544374425573,92.22968404295705,92.36440729770229,101.95294091808192,84.4257861978022,-3.467600000000001e-05,4.033966033966034,2021-07-01,3.3587499999999997,4.15625,2021-07-02,302.7755117227319,3.8927624872579,3.581304791029561,3.5051348651348655,3.5293306693306694,3.61592252803262,-0.024195804195804214,102.57233200815496,589797.0968399593,21238.371967380222,22732.834846481874,119.76254026503567,65.20672782874617,1.8339653414882773,256.22076962283387,4.033966033966034,2021-04-09,17.05,17.34,16.2,16.69,0.0,VIX,-0.0153392330383479,6.0,2021-07-02,1.3055136886294159,1.5801088207870895,43769606179769.55,1.4065100494773115,0.8743551058358242,0.8313589939484075,1.0351913964153014,4.033966033966034
2021-04-12,2021-07-02,1.0860103896103894,138.36648351648353,1.2723084915084917,1.3387159840159841,0.9065211788211788,10.189976423576423,1.7420000000000074e-06,0.000282524,1.5157000000000018e-05,0.000107107,-0.000131059,0.00012570300000000004,90.46100674725275,91.66191675824176,81.37544374425573,92.22968404295705,92.36440729770229,101.95294091808192,84.4257861978022,-3.467600000000001e-05,4.033966033966034,2021-07-01,3.3587499999999997,4.15625,2021-07-02,302.7755117227319,3.8927624872579,3.581304791029561,3.5051348651348655,3.5293306693306694,3.61592252803262,-0.024195804195804214,102.57233200815496,589797.0968399593,21238.371967380222,22732.834846481874,119.76254026503567,65.20672782874617,1.8339653414882773,256.22076962283387,4.033966033966034,2021-04-12,17.43,17.91,16.81,16.91,0.0,VIX,0.0131815458358297,2.0,2021-07-02,1.3055136886294159,1.5801088207870895,43769606179769.55,1.4065100494773115,0.8743551058358242,0.8313589939484075,1.0351913964153014,4.033966033966034
2021-04-26,2021-07-02,1.0860103896103894,138.36648351648353,1.2723084915084917,1.3387159840159841,0.9065211788211788,10.189976423576423,1.7420000000000074e-06,0.000282524,1.5157000000000018e-05,0.000107107,-0.000131059,0.00012570300000000004,90.46100674725275,91.66191675824176,81.37544374425573,92.22968404295705,92.36440729770229,101.95294091808192,84.4257861978022,-3.467600000000001e-05,4.033966033966034,2021-07-01,3.3587499999999997,4.15625,2021-07-02,302.7755117227319,3.8927624872579,3.581304791029561,3.5051348651348655,3.5293306693306694,3.61592252803262,-0.024195804195804214,102.57233200815496,589797.0968399593,21238.371967380222,22732.834846481874,119.76254026503567,65.20672782874617,1.8339653414882773,256.22076962283387,4.033966033966034,2021-04-26,17.94,18.17,16.87,17.64,0.0,VIX,0.0178880553952685,2.0,2021-07-02,1.3055136886294159,1.5801088207870895,43769606179769.55,1.4065100494773115,0.8743551058358242,0.8313589939484075,1.0351913964153014,4.033966033966034
2021-04-29,2021-07-02,1.0860103896103894,138.36648351648353,1.2723084915084917,1.3387159840159841,0.9065211788211788,10.189976423576423,1.7420000000000074e-06,0.000282524,1.5157000000000018e-05,0.000107107,-0.000131059,0.00012570300000000004,90.46100674725275,91.66191675824176,81.37544374425573,92.22968404295705,92.36440729770229,101.95294091808192,84.4257861978022,-3.467600000000001e-05,4.033966033966034,2021-07-01,3.3587499999999997,4.15625,2021-07-02,302.7755117227319,3.8927624872579,3.581304791029561,3.5051348651348655,3.5293306693306694,3.61592252803262,-0.024195804195804214,102.57233200815496,589797.0968399593,21238.371967380222,22732.834846481874,119.76254026503567,65.20672782874617,1.8339653414882773,256.22076962283387,4.033966033966034,2021-04-29,16.88,18.87,16.77,17.61,0.0,VIX,0.0190972222222221,5.0,2021-07-02,1.3055136886294159,1.5801088207870895,43769606179769.55,1.4065100494773115,0.8743551058358242,0.8313589939484075,1.0351913964153014,4.033966033966034
2021-05-13,2021-07-02,1.0860103896103894,138.36648351648353,1.2723084915084917,1.3387159840159841,0.9065211788211788,10.189976423576423,1.7420000000000074e-06,0.000282524,1.5157000000000018e-05,0.000107107,-0.000131059,0.00012570300000000004,90.46100674725275,91.66191675824176,81.37544374425573,92.22968404295705,92.36440729770229,101.95294091808192,84.4257861978022,-3.467600000000001e-05,4.033966033966034,2021-07-01,3.3587499999999997,4.15625,2021-07-02,302.7755117227319,3.8927624872579,3.581304791029561,3.5051348651348655,3.5293306693306694,3.61592252803262,-0.024195804195804214,102.57233200815496,589797.0968399593,21238.371967380222,22732.834846481874,119.76254026503567,65.20672782874617,1.8339653414882773,256.22076962283387,4.033966033966034,2021-05-13,26.03,28.93,22.23,23.13,0.0,VIX,-0.1616527727437477,5.0,2021-07-02,1.3055136886294159,1.5801088207870895,43769606179769.55,1.4065100494773115,0.8743551058358242,0.8313589939484075,1.0351913964153014,4.033966033966034
2021-05-17,2021-07-02,1.0860103896103894,138.36648351648353,1.2723084915084917,1.3387159840159841,0.9065211788211788,10.189976423576423,1.7420000000000074e-06,0.000282524,1.5157000000000018e-05,0.000107107,-0.000131059,0.00012570300000000004,90.46100674725275,91.66191675824176,81.37544374425573,92.22968404295705,92.36440729770229,101.95294091808192,84.4257861978022,-3.467600000000001e-05,4.033966033966034,2021-07-01,3.3587499999999997,4.15625,2021-07-02,302.7755117227319,3.8927624872579,3.581304791029561,3.5051348651348655,3.5293306693306694,3.61592252803262,-0.024195804195804214,102.57233200815496,589797.0968399593,21238.371967380222,22732.834846481874,119.76254026503567,65.20672782874617,1.8339653414882773,256.22076962283387,4.033966033966034,2021-05-17,19.89,21.58,19.67,19.72,0.0,VIX,0.0483785220627326,2.0,2021-07-02,1.3055136886294159,1.5801088207870895,43769606179769.55,1.4065100494773115,0.8743551058358242,0.8313589939484075,1.0351913964153014,4.033966033966034
2021-05-19,2021-07-02,1.0860103896103894,138.36648351648353,1.2723084915084917,1.3387159840159841,0.9065211788211788,10.189976423576423,1.7420000000000074e-06,0.000282524,1.5157000000000018e-05,0.000107107,-0.000131059,0.00012570300000000004,90.46100674725275,91.66191675824176,81.37544374425573,92.22968404295705,92.36440729770229,101.95294091808192,84.4257861978022,-3.467600000000001e-05,4.033966033966034,2021-07-01,3.3587499999999997,4.15625,2021-07-02,302.7755117227319,3.8927624872579,3.581304791029561,3.5051348651348655,3.5293306693306694,3.61592252803262,-0.024195804195804214,102.57233200815496,589797.0968399593,21238.371967380222,22732.834846481874,119.76254026503567,65.20672782874617,1.8339653414882773,256.22076962283387,4.033966033966034,2021-05-19,22.46,25.96,21.88,22.18,0.0,VIX,0.0393626991565136,4.0,2021-07-02,1.3055136886294159,1.5801088207870895,43769606179769.55,1.4065100494773115,0.8743551058358242,0.8313589939484075,1.0351913964153014,4.033966033966034
2021-05-28,2021-07-02,1.0860103896103894,138.36648351648353,1.2723084915084917,1.3387159840159841,0.9065211788211788,10.189976423576423,1.7420000000000074e-06,0.000282524,1.5157000000000018e-05,0.000107107,-0.000131059,0.00012570300000000004,90.46100674725275,91.66191675824176,81.37544374425573,92.22968404295705,92.36440729770229,101.95294091808192,84.4257861978022,-3.467600000000001e-05,4.033966033966034,2021-07-01,3.3587499999999997,4.15625,2021-07-02,302.7755117227319,3.8927624872579,3.581304791029561,3.5051348651348655,3.5293306693306694,3.61592252803262,-0.024195804195804214,102.57233200815496,589797.0968399593,21238.371967380222,22732.834846481874,119.76254026503567,65.20672782874617,1.8339653414882773,256.22076962283387,4.033966033966034,2021-05-28,16.8,16.86,15.9,16.76,0.0,VIX,0.0011947431302272,6.0,2021-07-02,1.3055136886294159,1.5801088207870895,43769606179769.55,1.4065100494773115,0.8743551058358242,0.8313589939484075,1.0351913964153014,4.033966033966034
2021-06-01,2021-07-02,1.0860103896103894,138.36648351648353,1.2723084915084917,1.3387159840159841,0.9065211788211788,10.189976423576423,1.7420000000000074e-06,0.000282524,1.5157000000000018e-05,0.000107107,-0.000131059,0.00012570300000000004,90.46100674725275,91.66191675824176,81.37544374425573,92.22968404295705,92.36440729770229,101.95294091808192,84.4257861978022,-3.467600000000001e-05,4.033966033966034,2021-07-01,3.3587499999999997,4.15625,2021-07-02,302.7755117227319,3.8927624872579,3.581304791029561,3.5051348651348655,3.5293306693306694,3.61592252803262,-0.024195804195804214,102.57233200815496,589797.0968399593,21238.371967380222,22732.834846481874,119.76254026503567,65.20672782874617,1.8339653414882773,256.22076962283387,4.033966033966034,2021-06-01,17.24,18.53,15.68,17.9,0.0,VIX,0.0680190930787587,3.0,2021-07-02,1.3055136886294159,1.5801088207870895,43769606179769.55,1.4065100494773115,0.8743551058358242,0.8313589939484075,1.0351913964153014,4.033966033966034
2021-06-09,2021-07-02,1.0860103896103894,138.36648351648353,1.2723084915084917,1.3387159840159841,0.9065211788211788,10.189976423576423,1.7420000000000074e-06,0.000282524,1.5157000000000018e-05,0.000107107,-0.000131059,0.00012570300000000004,90.46100674725275,91.66191675824176,81.37544374425573,92.22968404295705,92.36440729770229,101.95294091808192,84.4257861978022,-3.467600000000001e-05,4.033966033966034,2021-07-01,3.3587499999999997,4.15625,2021-07-02,302.7755117227319,3.8927624872579,3.581304791029561,3.5051348651348655,3.5293306693306694,3.61592252803262,-0.024195804195804214,102.57233200815496,589797.0968399593,21238.371967380222,22732.834846481874,119.76254026503567,65.20672782874617,1.8339653414882773,256.22076962283387,4.033966033966034,2021-06-09,17.18,17.96,15.55,17.89,0.0,VIX,0.0480374926772115,4.0,2021-07-02,1.3055136886294159,1.5801088207870895,43769606179769.55,1.4065100494773115,0.8743551058358242,0.8313589939484075,1.0351913964153014,4.033966033966034
2021-06-11,2021-07-02,1.0860103896103894,138.36648351648353,1.2723084915084917,1.3387159840159841,0.9065211788211788,10.189976423576423,1.7420000000000074e-06,0.000282524,1.5157000000000018e-05,0.000107107,-0.000131059,0.00012570300000000004,90.46100674725275,91.66191675824176,81.37544374425573,92.22968404295705,92.36440729770229,101.95294091808192,84.4257861978022,-3.467600000000001e-05,4.033966033966034,2021-07-01,3.3587499999999997,4.15625,2021-07-02,302.7755117227319,3.8927624872579,3.581304791029561,3.5051348651348655,3.5293306693306694,3.61592252803262,-0.024195804195804214,102.57233200815496,589797.0968399593,21238.371967380222,22732.834846481874,119.76254026503567,65.20672782874617,1.8339653414882773,256.22076962283387,4.033966033966034,2021-06-11,16.18,16.2,15.15,15.65,0.0,VIX,-0.0279503105590063,6.0,2021-07-02,1.3055136886294159,1.5801088207870895,43769606179769.55,1.4065100494773115,0.8743551058358242,0.8313589939484075,1.0351913964153014,4.033966033966034
2021-06-22,2021-07-02,1.0860103896103894,138.36648351648353,1.2723084915084917,1.3387159840159841,0.9065211788211788,10.189976423576423,1.7420000000000074e-06,0.000282524,1.5157000000000018e-05,0.000107107,-0.000131059,0.00012570300000000004,90.46100674725275,91.66191675824176,81.37544374425573,92.22968404295705,92.36440729770229,101.95294091808192,84.4257861978022,-3.467600000000001e-05,4.033966033966034,2021-07-01,3.3587499999999997,4.15625,2021-07-02,302.7755117227319,3.8927624872579,3.581304791029561,3.5051348651348655,3.5293306693306694,3.61592252803262,-0.024195804195804214,102.57233200815496,589797.0968399593,21238.371967380222,22732.834846481874,119.76254026503567,65.20672782874617,1.8339653414882773,256.22076962283387,4.033966033966034,2021-06-22,17.91,18.32,15.76,16.66,0.0,VIX,-0.0687534935718278,3.0,2021-07-02,1.3055136886294159,1.5801088207870895,43769606179769.55,1.4065100494773115,0.8743551058358242,0.8313589939484075,1.0351913964153014,4.033966033966034
2021-06-23,2021-07-02,1.0860103896103894,138.36648351648353,1.2723084915084917,1.3387159840159841,0.9065211788211788,10.189976423576423,1.7420000000000074e-06,0.000282524,1.5157000000000018e-05,0.000107107,-0.000131059,0.00012570300000000004,90.46100674725275,91.66191675824176,81.37544374425573,92.22968404295705,92.36440729770229,101.95294091808192,84.4257861978022,-3.467600000000001e-05,4.033966033966034,2021-07-01,3.3587499999999997,4.15625,2021-07-02,302.7755117227319,3.8927624872579,3.581304791029561,3.5051348651348655,3.5293306693306694,3.61592252803262,-0.024195804195804214,102.57233200815496,589797.0968399593,21238.371967380222,22732.834846481874,119.76254026503567,65.20672782874617,1.8339653414882773,256.22076962283387,4.033966033966034,2021-06-23,16.25,16.84,14.86,16.32,0.0,VIX,-0.0204081632653061,4.0,2021-07-02,1.3055136886294159,1.5801088207870895,43769606179769.55,1.4065100494773115,0.8743551058358242,0.8313589939484075,1.0351913964153014,4.033966033966034
2021-07-01,2021-07-02,1.0860103896103894,138.36648351648353,1.2723084915084917,1.3387159840159841,0.9065211788211788,10.189976423576423,1.7420000000000074e-06,0.000282524,1.5157000000000018e-05,0.000107107,-0.000131059,0.00012570300000000004,90.46100674725275,91.66191675824176,81.37544374425573,92.22968404295705,92.36440729770229,101.95294091808192,84.4257861978022,-3.467600000000001e-05,4.033966033966034,2021-07-01,0.1,5.0,2021-07-02,302.7755117227319,3.8927624872579,3.581304791029561,3.5051348651348655,3.5293306693306694,3.61592252803262,-0.024195804195804214,102.57233200815496,589797.0968399593,21238.371967380222,22732.834846481874,119.76254026503567,65.20672782874617,1.8339653414882773,256.22076962283387,4.033966033966034,2021-07-01,15.62,16.01,15.31,15.48,0.0,VIX,-0.0221099178774478,5.0,2021-07-02,1.3055136886294159,1.5801088207870895,43769606179769.55,1.4065100494773115,0.8743551058358242,0.8313589939484075,1.0351913964153014,4.033966033966034
2021-07-06,2021-07-06,1.1816,110.66,1.3792,1.2466,0.9245,8.5862,-0.002701,-0.005572,-0.000217,0.00972,0.002277,0.003518,99.80754,99.729912,100.560275,99.978253,99.037382,99.77285,99.649437,-0.001925,3.0,2021-07-01,3.3587499999999997,4.15625,2021-07-06,302.7755117227319,3.8927624872579,3.581304791029561,1.37,0.22,3.61592252803262,1.15,102.57233200815496,589797.0968399593,21238.371967380222,22732.834846481874,119.76254026503567,65.20672782874617,1.8339653414882773,256.22076962283387,3.0,2021-07-06,15.77,17.94,15.73,16.44,0.0,VIX,0.090909090909091,3.0,2021-07-06,1.1937808731062762,1.4025395605759128,346.5834974686119,1.267503987550398,0.7640011446772264,0.7147061154230089,0.932882934837093,3.0
2021-07-09,2021-07-09,1.1861,110.18,1.3842,1.2476,0.9151,8.5788,0.001774,0.003278,0.005448,-0.004548,-0.000219,-0.00106,100.162305,100.109723,100.998366,100.340703,98.957999,100.797727,99.735394,0.00168,6.0,2021-07-01,3.3587499999999997,4.15625,2021-07-09,302.7755117227319,3.8927624872579,3.581304791029561,1.37,0.23,3.61592252803262,1.14,102.57233200815496,589797.0968399593,21238.371967380222,22732.834846481874,119.76254026503567,65.20672782874617,1.8339653414882773,256.22076962283387,6.0,2021-07-09,17.88,18.13,16.08,16.18,0.0,VIX,-0.148421052631579,6.0,2021-07-09,1.2065801058981165,1.4235789822802414,996.7311043686092,1.283802834060109,0.7771017883955238,0.7284988139452887,0.9448788858682404,6.0
2021-07-26,2021-07-26,1.181,110.31,1.3829,1.254,0.9157,8.6285,0.004166,-0.0019,0.005819,-0.00318,-0.005863,-0.007123,99.814497,99.679271,100.87934,100.246466,98.452951,100.731681,99.16092,0.004152,2.0,2021-07-01,3.3587499999999997,4.15625,2021-07-26,302.7755117227319,3.8927624872579,3.581304791029561,1.29,0.22,3.61592252803262,1.07,102.57233200815496,589797.0968399593,21238.371967380222,22732.834846481874,119.76254026503567,65.20672782874617,1.8339653414882773,256.22076962283387,2.0,2021-07-26,18.67,19.39,17.53,17.58,0.0,VIX,0.0220930232558138,2.0,2021-07-26,1.1570708736476558,1.3421668504127198,14.25981446668682,1.2207105583753657,0.7264628647191405,0.6752660716521289,0.898442970964269,2.0
2021-08-09,2021-08-09,1.1749,110.25,1.3852,1.2571,0.9191,8.699,-0.00102,0.000272,-0.001514,0.000637,0.00536,0.00397,99.475987,99.164416,100.93424,100.413193,98.210166,100.359047,98.357282,-0.001221,2.0,2021-07-01,3.3587499999999997,4.15625,2021-08-09,272.752,5.1,0.09,1.33,0.23,0.05,1.1,100.0412,539655.0,20811.3,22732.834846481874,109.72,70.3,1.96,233.415,2.0,2021-08-09,17.12,17.39,16.59,16.72,0.0,VIX,0.0352941176470589,2.0,2021-08-09,1.129860758941268,1.297940521577629,1.2593612120443225,1.1862311507297294,0.6991226324515757,0.6467054659178159,0.8730661269370809,2.0
2021-08-18,2021-08-18,1.1702,109.92,1.3749,1.2638,0.9179,8.7234,-0.001024,0.003011,0.000728,0.001268,0.003828,-0.002447,99.145641,98.767725,101.237263,99.666546,97.689508,100.490249,98.08217,-0.00107,4.0,2021-07-01,3.3587499999999997,4.15625,2021-08-18,272.752,5.1,0.09,1.27,0.23,0.05,1.04,100.0412,539655.0,20811.3,22732.834846481874,109.72,70.3,1.96,233.415,4.0,2021-08-18,17.56,21.64,17.31,21.57,0.0,VIX,0.204355108877722,4.0,2021-08-18,1.1250647889520782,1.2900760086543637,0.7984692833325656,1.180119215686763,0.6942530865400242,0.6416156363695676,0.8685677427454576,4.0
2021-09-01,2021-09-01,1.185,110.03,1.379,1.2615,0.9145,8.6006,0.004237,-0.000182,0.003128,-0.001109,-0.001747,-0.003695,99.975234,100.01688,101.136054,99.963755,97.867618,100.86386,99.482594,0.003154,4.0,2021-09-01,0.08,4.0,2021-09-01,273.942,4.7,0.08,1.31,0.2,0.04,1.11,98.9955,518687.0,20978.9,22732.834846481874,110.047,72.8,1.86,235.678,4.0,2021-09-01,16.06,16.71,15.68,16.11,0.0,VIX,-0.0224514563106796,4.0,2021-09-01,1.125094786671703,1.289878617803596,0.7637587483191209,1.1800446604075063,0.6940845009460526,0.6414022060594935,0.8685128700599246,4.0
2021-09-13,2021-09-13,1.1809,109.94,1.3844,1.2643,0.9213,8.6137,-0.001015,9.1e-05,-0.000217,0.000554,0.003595,-0.00029,99.780873,99.670831,101.218847,100.355201,97.650874,100.119397,99.331298,-0.00079,2.0,2021-07-01,3.3587499999999997,4.15625,2021-09-13,273.942,4.7,0.08,1.33,0.21,0.04,1.12,98.9955,518687.0,20978.9,22732.834846481874,110.047,72.8,1.86,235.678,2.0,2021-09-13,19.64,21.18,18.76,19.37,0.0,VIX,-0.0754176610978519,2.0,2021-09-13,1.1479614740679231,1.3265128698118558,5.4857900180302845,1.208784428229648,0.7166171255190401,0.6648405452229964,0.8896653391770211,2.0
2021-09-14,2021-09-14,1.1824,109.66,1.3848,1.2663,0.9193,8.584,0.00127,-0.002547,0.000289,0.001582,-0.002171,-0.003448,99.900637,99.797434,101.477293,100.384197,97.496644,100.337213,99.674977,0.0012,3.0,2021-07-01,3.3587499999999997,4.15625,2021-09-14,273.942,4.7,0.08,1.28,0.21,0.04,1.07,98.9955,518687.0,20978.9,22732.834846481874,110.047,72.8,1.86,235.678,3.0,2021-09-14,19.58,20.47,18.39,19.46,0.0,VIX,0.0046463603510582,3.0,2021-09-14,1.1330612075327005,1.302452950302746,1.4804151485978323,1.18997318082105,0.701778433583876,0.6493705537293083,0.8758202610842929,3.0
2021-10-26,2021-10-26,1.159,114.19,1.3772,1.2388,0.9204,8.6214,-0.001637,0.00431,-7.3e-05,0.001212,0.001197,0.003037,98.32445,97.822417,97.451616,99.833273,99.660962,100.217297,99.242582,-0.00181,3.0,2021-07-01,3.3587499999999997,4.15625,2021-10-26,276.528,4.5,0.08,1.63,0.47,0.05,1.16,100.3542,542452.0,21142.9,21960.388,110.741,71.7,1.77,240.465,3.0,2021-10-26,15.02,16.71,14.9,15.98,0.0,VIX,0.0485564304461942,3.0,2021-10-26,1.1256104518829102,1.289741543267896,0.6644743869823065,1.1802523373237024,0.6938148840105957,0.6409721134946762,0.868665720270245,3.0
2021-11-01,2021-11-01,1.1591,114.19,1.3679,1.2355,0.9105,8.5119,0.003376,0.001403,-0.000511,-0.003388,-0.006547,-0.009438,98.36616,97.830858,97.451616,99.159116,99.927155,101.306974,100.519273,0.002645,2.0,2021-11-01,0.08,2.0,2021-11-01,278.824,4.2,0.08,1.58,0.5,0.05,1.08,101.2684,563029.0,21317.4,21960.388,111.51,67.4,1.72,243.287,2.0,2021-11-01,16.85,17.7,16.32,16.41,0.0,VIX,0.0092250922509224,2.0,2021-11-01,1.1372147126773824,1.308287988415198,1.8161217173590627,1.194819709605229,0.7052083301984464,0.6528089695641804,0.8793873062694486,2.0
2021-11-10,2021-11-10,1.1517,113.89,1.347,1.2447,0.9164,8.6679,-0.006213,0.009037,-0.005977,-0.000803,0.005045,0.01114,97.69435,97.20628,97.708315,97.644074,99.188559,100.654736,98.710184,-0.006076,4.0,2021-07-01,3.3587499999999997,4.15625,2021-11-10,278.824,4.2,0.08,1.56,0.51,0.05,1.05,101.2684,563029.0,21317.4,21960.388,111.51,67.4,1.72,243.287,4.0,2021-11-10,17.74,19.9,17.22,18.73,0.0,VIX,0.0534308211473566,4.0,2021-11-10,1.1258648174650254,1.289886510015256,0.6462044402132124,1.1804520222905837,0.6938534702082301,0.6409713651384003,0.8688126884058696,4.0
2021-11-17,2021-11-17,1.1322,114.33,1.3488,1.2594,0.9286,8.8595,-0.000971,-0.00253,0.004393,0.002547,-0.001291,-0.000902,96.468107,95.560432,97.332284,97.774556,98.030808,99.332328,96.575428,0.000171,4.0,2021-07-01,3.3587499999999997,4.15625,2021-11-17,278.824,4.2,0.08,1.6,0.52,0.05,1.08,101.2684,563029.0,21317.4,21960.388,111.51,67.4,1.72,243.287,4.0,2021-11-17,16.36,17.19,16.28,17.11,0.0,VIX,0.0452046426389736,4.0,2021-11-17,1.1247259509595608,1.2879376011871568,0.5704094899226392,1.1789631620902428,0.6926319378854203,0.6396829921019844,0.8677168872984188,4.0
2021-11-23,2021-11-23,1.1265,114.98,1.3388,1.2712,0.9325,9.0307,0.000444,0.002529,-0.001789,0.002208,0.002688,0.007104,95.855243,95.079338,96.782049,97.049656,97.120831,98.91689,94.744593,-0.000907,3.0,2021-07-01,3.3587499999999997,4.15625,2021-11-23,278.824,4.2,0.08,1.67,0.6,0.05,1.07,101.2684,563029.0,21317.4,21960.388,111.51,67.4,1.72,243.287,3.0,2021-11-23,20.24,20.91,19.03,19.38,0.0,VIX,0.0109546165884193,3.0,2021-11-23,1.1201327540488448,1.2804755414012876,0.3712754888167166,1.1731400410863777,0.6880275365294248,0.6348848334581058,0.8634310702395739,3.0
2021-11-24,2021-11-24,1.1196,115.34,1.3332,1.2657,0.9354,9.1158,-0.006125,0.003131,-0.004183,-0.004327,0.00311,0.009423,95.420621,94.496962,96.479972,96.643711,97.542862,98.61022,93.860111,-0.004534,4.0,2021-07-01,3.3587499999999997,4.15625,2021-11-24,278.824,4.2,0.08,1.64,0.64,0.05,1.0,101.2684,563029.0,21317.4,21960.388,111.51,67.4,1.72,243.287,4.0,2021-11-24,19.17,20.96,18.52,18.58,0.0,VIX,-0.0412796697626419,4.0,2021-11-24,1.124558274345744,1.2875462512881637,0.548885451774487,1.1786961587686666,0.6923678812177961,0.6393896274266841,0.8675203728537387,4.0
2021-11-30,2021-11-30,1.1287,113.22,1.3252,1.2812,0.9217,9.0762,0.002309,-0.004659,-0.002934,0.001563,-0.003568,-0.002966,96.002284,95.265024,98.286522,96.063791,96.362785,100.075947,94.269628,0.001731,3.0,2021-07-01,3.3587499999999997,4.15625,2021-11-30,278.824,4.2,0.08,1.43,0.52,0.05,0.91,101.2684,563029.0,21317.4,21960.388,111.51,67.4,1.72,243.287,3.0,2021-11-30,26.23,28.56,23.71,27.19,0.0,VIX,0.1842334494773518,3.0,2021-11-30,1.118385979598859,1.2775592720919038,0.3102330226703426,1.170889340462769,0.6862136739641076,0.6329833362818306,0.8617745545805979,3.0
2021-12-01,2021-12-01,1.1323,112.82,1.3308,1.2778,0.9195,9.0778,0.00319,-0.003533,0.004226,-0.002654,-0.002387,0.000176,96.304255,95.568872,98.634994,96.469735,96.619189,100.315389,94.253013,0.003145,4.0,2021-12-01,0.08,4.0,2021-12-01,280.806,3.9,0.08,1.43,0.56,0.06,0.87,101.1948,613925.0,21471.6,21960.388,112.221,70.6,1.84,241.338,4.0,2021-12-01,24.92,32.61,22.38,31.12,0.0,VIX,0.1445384332475174,4.0,2021-12-01,1.1146276725358255,1.271535539572452,0.2208194348827133,1.166161309001283,0.6825138705607148,0.6291425526438652,0.8582947234249443,4.0
2021-12-10,2021-12-10,1.1312,113.36,1.3262,1.2706,0.9205,9.0522,0.002393,-0.001497,0.005611,0.00063,-0.00594,-0.00293,96.204291,95.47603,98.165138,96.136281,97.166693,100.20641,94.519564,0.002528,6.0,2021-07-01,3.3587499999999997,4.15625,2021-12-10,280.806,3.9,0.08,1.48,0.67,0.06,0.81,101.1948,613925.0,21471.6,21960.388,112.221,70.6,1.84,241.338,6.0,2021-12-10,21.27,21.3,18.69,18.69,0.0,VIX,-0.1339202965708988,6.0,2021-12-10,1.122959390700914,1.2847046111646006,0.4511360061995937,1.1765574367282925,0.6905681373088287,0.6374768076448247,0.8659462734320231,6.0
2021-12-14,2021-12-14,1.1267,113.63,1.3225,1.2858,0.9236,9.1447,-0.002744,0.001852,-0.000605,0.004924,0.002605,0.005785,95.765089,95.096219,97.931884,95.868068,96.018043,99.870074,93.563485,-0.002681,3.0,2021-07-01,3.3587499999999997,4.15625,2021-12-14,280.806,3.9,0.08,1.44,0.67,0.06,0.77,101.1948,613925.0,21471.6,21960.388,112.221,70.6,1.84,241.338,3.0,2021-12-14,19.67,23.0,19.67,21.89,0.0,VIX,0.0777941900541605,3.0,2021-12-14,1.132778911105925,1.300388767248967,1.0630952510875735,1.1888817171668125,0.7001980129351687,0.6474751995507367,0.875016943834774,3.0
2021-12-20,2021-12-20,1.1298,113.45,1.3222,1.2941,0.92,9.139,0.001862,-0.000969,-0.003542,0.008652,-0.002818,0.004661,95.894821,95.357866,98.087263,95.846321,95.40221,100.26087,93.62184,-9.2e-05,2.0,2021-07-01,3.3587499999999997,4.15625,2021-12-20,280.806,3.9,0.08,1.43,0.65,0.06,0.78,101.1948,613925.0,21471.6,21960.388,112.221,70.6,1.84,241.338,2.0,2021-12-20,25.89,27.39,22.85,22.87,0.0,VIX,0.0602688919796012,2.0,2021-12-20,1.1330915600291724,1.3007851496431866,1.070997779325901,1.1892269802385012,0.7004215350600169,0.6476912205018108,0.8752710574555368,2.0
2021-12-23,2021-12-23,1.132,114.42,1.341,1.2809,0.9186,9.0923,-0.000353,0.001751,0.004871,-0.002725,-0.00163,0.00033,96.166024,95.543552,97.255725,97.209134,96.385354,100.413673,94.102702,0.000436,5.0,2021-07-01,3.3587499999999997,4.15625,2021-12-23,280.806,3.9,0.08,1.5,0.71,0.06,0.79,101.1948,613925.0,21471.6,21960.388,112.221,70.6,1.84,241.338,5.0,2021-12-23,18.81,18.93,17.62,17.96,0.0,VIX,-0.0359634997316156,5.0,2021-12-23,1.136275112620723,1.3058513483966707,1.4036320825813675,1.1932132968371036,0.7035298080336145,0.6509173738369565,0.8782049864721083,5.0
2021-12-27,2021-12-27,1.1329,114.85,1.3438,1.2797,0.9175,9.1011,0.000795,0.003758,0.002088,-0.000937,-0.001197,0.000968,96.193148,95.619514,96.891598,97.412106,96.475737,100.53406,94.011713,0.000282,2.0,2021-07-01,3.3587499999999997,4.15625,2021-12-27,280.806,3.9,0.08,1.48,0.76,0.06,0.72,101.1948,613925.0,21471.6,21960.388,112.221,70.6,1.84,241.338,2.0,2021-12-27,19.37,19.41,17.55,17.68,0.0,VIX,-0.0155902004454343,2.0,2021-12-27,1.148017729319834,1.3247113689392187,3.871842051766029,1.2079929382573336,0.71514027174852,0.6630034777439042,0.8890828025573975,2.0
2021-12-29,2021-12-29,1.1337,114.97,1.3475,1.281,0.9149,9.0459,0.002033,0.001917,0.003201,-0.000312,-0.001964,-0.000486,96.275675,95.687036,96.790467,97.680319,96.37783,100.819762,94.585392,0.001409,4.0,2021-07-01,3.3587499999999997,4.15625,2021-12-29,280.806,3.9,0.08,1.55,0.75,0.06,0.8,101.1948,613925.0,21471.6,21960.388,112.221,70.6,1.84,241.338,4.0,2021-12-29,17.63,18.0,16.71,16.95,0.0,VIX,-0.0336374002280501,4.0,2021-12-29,1.167464035030794,1.3561956143873408,20.629387034578475,1.232572259647701,0.7345906320076009,0.6833182740408781,0.9071731831007078,4.0
2021-12-30,2021-12-30,1.1318,115.17,1.35,1.2777,0.9146,9.0498,-0.001676,0.00174,0.001855,-0.002576,-0.000328,0.000431,96.204141,95.526671,96.622384,97.861544,96.626751,100.852832,94.544631,-0.000743,5.0,2021-07-01,3.3587499999999997,4.15625,2021-12-30,280.806,3.9,0.08,1.52,0.73,0.06,0.79,101.1948,613925.0,21471.6,21960.388,112.221,70.6,1.84,241.338,5.0,2021-12-30,17.3,17.79,16.62,17.33,0.0,VIX,0.0224188790560471,5.0,2021-12-30,1.1625107522387108,1.3481284875205353,13.439146472711014,1.2262911622003847,0.7295953831550086,0.6780902001815936,0.9025502953794832,5.0
2022-01-12,2022-01-12,1.1431,114.74,1.3698,1.2501,0.9134,8.9525,0.005984,-0.005547,0.005579,-0.0077,-0.011151,-0.010937,97.215609,96.480419,96.984487,99.296847,98.760099,100.98533,95.572187,0.006449,4.0,2021-07-01,3.3587499999999997,4.15625,2022-01-12,282.542,4.0,0.08,1.74,0.92,0.15,0.82,101.2146,505782.0,21586.8,21903.85,112.776,67.2,1.82,246.453,4.0,2022-01-12,18.17,18.69,17.36,17.62,0.0,VIX,-0.0429114611624117,4.0,2022-01-12,1.1485330387372965,1.3252555877810073,3.837289535256914,1.2085121874972458,0.7154204616671949,0.6632506281789552,0.889464969997973,4.0
2022-01-14,2022-01-14,1.1414,113.89,1.367,1.2549,0.9133,9.0108,-0.004361,-0.00149,-0.003935,0.005368,0.003406,0.010145,97.1473,96.336935,97.708315,99.093875,98.382341,100.996387,94.953833,-0.003802,6.0,2021-07-01,3.3587499999999997,4.15625,2022-01-14,282.542,4.0,0.08,1.78,0.99,0.15,0.79,101.2146,505782.0,21586.8,21903.85,112.776,67.2,1.82,246.453,6.0,2022-01-14,20.11,22.07,19.05,19.19,0.0,VIX,-0.055145248645987,6.0,2022-01-14,1.1457515420291828,1.3207285786419305,2.9908697156491564,1.2049845515267106,0.7126212610753027,0.6603262694991773,0.886868629923659,6.0
2022-01-19,2022-01-19,1.1346,114.28,1.3625,1.2499,0.9155,9.1043,0.000882,-0.002792,0.002723,-0.002872,-0.001418,-0.001864,96.718666,95.762998,97.374869,98.767669,98.775902,100.753687,93.978669,0.001614,4.0,2021-07-01,3.3587499999999997,4.15625,2022-01-19,282.542,4.0,0.08,1.83,1.04,0.15,0.79,101.2146,505782.0,21586.8,21903.85,112.776,67.2,1.82,246.453,4.0,2022-01-19,23.12,23.99,21.85,23.85,0.0,VIX,0.0465116279069768,4.0,2022-01-19,1.145874865308021,1.320837807816459,2.9727928929962535,1.205099229209168,0.712671314300078,0.6603644183977396,0.8869530326979477,4.0
2022-01-24,2022-01-24,1.131,113.82,1.3447,1.2688,0.9146,9.3324,-0.003173,0.000879,-0.00848,0.011641,0.002851,0.015572,96.216823,95.459149,97.768406,97.477347,97.30454,100.852832,91.681668,-0.004751,2.0,2021-07-01,3.3587499999999997,4.15625,2022-01-24,282.542,4.0,0.08,1.75,0.99,0.15,0.76,101.2146,505782.0,21586.8,21903.85,112.776,67.2,1.82,246.453,2.0,2022-01-24,28.2,38.94,28.02,29.9,0.0,VIX,0.0363951473136914,2.0,2022-01-24,1.1479989037103344,1.3241767553791457,3.517916491864843,1.2077392563045992,0.7147132619448348,0.6624793128817548,0.8888960926401851,2.0
2022-01-28,2022-01-28,1.116,115.21,1.3417,1.2753,0.9298,9.4335,0.001705,-0.002252,0.002391,0.003462,-0.002146,0.005822,95.155533,94.193113,96.588838,97.259877,96.808594,99.20413,90.699104,0.0011,6.0,2021-07-01,3.3587499999999997,4.15625,2022-01-28,282.542,4.0,0.08,1.78,1.15,0.15,0.63,101.2146,505782.0,21586.8,21903.85,112.776,67.2,1.82,246.453,6.0,2022-01-28,30.27,32.82,27.28,27.66,0.0,VIX,-0.0928173171531648,6.0,2022-01-28,1.1798868960331834,1.3758807906369348,53.74403530918748,1.2480732030864634,0.7466802418413863,0.695894030846572,0.918581877471637,6.0
2022-01-31,2022-01-31,1.1212,115.22,1.3439,1.2694,0.9303,9.3341,0.004659,8.7e-05,0.00164,-0.004626,0.000538,-0.010537,95.505766,94.632005,96.580455,97.419355,97.258547,99.150812,91.66497,0.003681,2.0,2021-07-01,3.3587499999999997,4.15625,2022-01-31,282.542,4.0,0.08,1.79,1.18,0.15,0.61,101.2146,505782.0,21586.8,21903.85,112.776,67.2,1.82,246.453,2.0,2022-01-31,28.36,29.41,24.71,24.83,0.0,VIX,-0.1023138105567607,2.0,2022-01-31,1.1962902951661831,1.402677321801009,211.62460814338036,1.2688977978303302,0.7633118609625213,0.7133470110652834,0.933908779203123,2.0
2022-02-01,2022-02-01,1.1239,114.77,1.3505,1.2688,0.9231,9.281,0.002408,-0.003906,0.004911,-0.000473,-0.007739,-0.005689,95.799516,94.859892,96.959136,97.897789,97.30454,99.924169,92.189419,0.003076,3.0,2022-02-01,0.08,3.0,2022-02-01,284.525,3.8,0.08,1.81,1.18,0.33,0.63,101.8458,496221.0,21685.0,21903.85,113.489,62.8,2.04,252.66,3.0,2022-02-01,24.57,25.33,21.96,21.96,0.0,VIX,-0.1155859846959322,3.0,2022-02-01,1.1944466121351274,1.39963276129405,180.76780401426245,1.2665428495600155,0.7614149771276177,0.7113499912776192,0.9321755372761716,3.0
2022-02-08,2022-02-08,1.1416,115.62,1.3552,1.2709,0.9244,9.1522,-0.001574,0.004605,0.001404,0.001892,0.000108,0.000973,96.638417,96.353815,96.246324,98.238492,97.143756,99.783643,93.486812,-0.001574,3.0,2021-07-01,3.3587499999999997,4.15625,2022-02-08,284.525,3.8,0.08,1.96,1.35,0.33,0.61,101.8458,496221.0,21685.0,21903.85,113.489,62.8,2.04,252.66,3.0,2022-02-08,23.09,23.48,21.32,21.44,0.0,VIX,-0.0621172353455817,3.0,2022-02-08,1.1934963066636188,1.397940983236733,163.05147895648054,1.2652735356335785,0.7603374003275667,0.7101964049687488,0.9312413222263136,3.0
2022-02-11,2022-02-11,1.1404,115.91,1.3601,1.2678,0.9255,9.2583,-0.007226,0.000604,-0.002567,0.002451,0.002709,0.007169,96.561947,96.252532,96.005522,98.593693,97.38129,99.665046,92.415454,-0.00516,6.0,2021-07-01,3.3587499999999997,4.15625,2022-02-11,284.525,3.8,0.08,1.92,1.5,0.33,0.42,101.8458,496221.0,21685.0,21903.85,113.489,62.8,2.04,252.66,6.0,2022-02-11,24.39,30.99,23.33,27.36,0.0,VIX,0.1442910915934754,6.0,2022-02-11,1.1853014210110218,1.384464865678034,81.04253748071214,1.254829841181217,0.7519555052428687,0.7013857647546942,0.9235547631093758,6.0
2022-02-22,2022-02-22,1.1342,114.94,1.3597,1.2736,0.9204,9.3181,0.001324,-0.001217,0.000883,-0.000941,-0.000651,-0.007773,96.321882,95.729237,96.81573,98.564697,96.937814,100.217297,91.822367,0.001455,3.0,2021-07-01,3.3587499999999997,4.15625,2022-02-22,284.525,3.8,0.08,1.94,1.56,0.33,0.38,101.8458,496221.0,21685.0,21903.85,113.489,62.8,2.04,252.66,3.0,2022-02-22,31.8,32.04,28.4,28.81,0.0,VIX,0.0381981981981982,3.0,2022-02-22,1.1958527550851057,1.4015398524544993,189.46442689436932,1.268151226395013,0.7625230217353024,0.7124511121712198,0.9333593026267296,3.0
2022-03-01,2022-03-01,1.1103,114.87,1.3318,1.2709,0.9186,9.6436,-0.01078,-0.002085,-0.007527,0.003712,0.000763,0.020692,94.822955,93.712019,96.874728,96.542225,97.143756,100.413673,88.723091,-0.007957,3.0,2022-03-01,0.2,3.0,2022-03-01,287.467,3.7,0.2,1.72,1.31,0.44,0.41,102.6732,584512.0,21721.5,21903.85,114.489,59.4,2.16,260.014,3.0,2022-03-01,29.45,35.19,29.44,33.32,0.0,VIX,0.1051409618573797,3.0,2022-03-01,1.1839376923073277,1.3818971218128555,67.98476038103065,1.2529442455850328,0.7502962611670717,0.6995913836405068,0.9221669647505842,3.0
2022-03-02,2022-03-02,1.1102,115.59,1.3365,1.2657,0.9216,9.6836,-9e-05,0.006268,0.003529,-0.004092,0.003266,0.004148,94.78573,93.703579,96.271304,96.882929,97.542862,100.086806,88.356603,-0.000393,4.0,2021-07-01,3.3587499999999997,4.15625,2022-03-02,287.467,3.7,0.2,1.86,1.5,0.44,0.36,102.6732,584512.0,21721.5,21903.85,114.489,59.4,2.16,260.014,4.0,2022-03-02,34.2,34.41,30.12,30.74,0.0,VIX,-0.0774309723889556,4.0,2022-03-02,1.1891142197337623,1.3903444996248675,104.81481805887051,1.2595124477268145,0.7555365623591672,0.7050877154677351,0.9270011615269356,4.0
2022-03-04,2022-03-04,1.0912,114.65,1.3214,1.276,0.9183,9.8679,-0.012757,-0.008818,-0.008405,0.006706,-0.002282,0.009989,93.711107,92.099932,97.060619,95.788329,96.755486,100.446477,86.706391,-0.00797,6.0,2021-07-01,3.3587499999999997,4.15625,2022-03-04,287.467,3.7,0.2,1.74,1.5,0.44,0.24,102.6732,584512.0,21721.5,21903.85,114.489,59.4,2.16,260.014,6.0,2022-03-04,31.9,34.65,31.47,31.98,0.0,VIX,0.0492125984251967,6.0,2022-03-04,1.180104117247978,1.375580680907727,48.6603395382514,1.248051949071851,0.7463672529759349,0.6954624474856204,0.918566234516882,6.0
2022-03-07,2022-03-07,1.086,115.41,1.3115,1.2772,0.9267,10.0055,-0.004765,0.006629,-0.007492,0.00094,0.009147,0.013944,93.194846,91.66104,96.421454,95.070678,96.664579,99.535988,85.513967,-0.005509,2.0,2021-07-01,3.3587499999999997,4.15625,2022-03-07,287.467,3.7,0.2,1.78,1.55,0.44,0.23,102.6732,584512.0,21721.5,21903.85,114.489,59.4,2.16,260.014,2.0,2022-03-07,35.88,36.55,32.59,36.45,0.0,VIX,0.1397748592870544,2.0,2022-03-07,1.1839905316016106,1.381870732847089,66.92389878596349,1.2529602412531378,0.7502580277029538,0.6995334445706809,0.9221787375623094,2.0
2022-03-08,2022-03-08,1.0881,115.64,1.3101,1.2893,0.9302,9.9601,0.001934,0.001993,-0.001067,0.009474,0.003777,-0.004538,93.179115,91.838285,96.229678,94.969192,95.757388,99.161471,85.903756,-0.000169,3.0,2021-07-01,3.3587499999999997,4.15625,2022-03-08,287.467,3.7,0.2,1.86,1.63,0.44,0.23,102.6732,584512.0,21721.5,21903.85,114.489,59.4,2.16,260.014,3.0,2022-03-08,36.19,37.52,32.78,35.13,0.0,VIX,-0.0362139917695473,3.0,2022-03-08,1.186430759797216,1.385840822013228,81.9476788478657,1.2560511921736557,0.7527182806181143,0.7021116457803515,0.9244536774398106,3.0
2022-03-15,2022-03-15,1.0974,118.19,1.3065,1.2806,0.9415,9.616,-0.000455,0.00161,0.00161,0.002505,0.006091,0.004114,93.463287,92.623228,94.153482,94.708228,96.407934,97.971322,88.977745,-0.000916,3.0,2021-07-01,3.3587499999999997,4.15625,2022-03-15,287.467,3.7,0.2,2.15,1.85,0.44,0.3,102.6732,584512.0,21721.5,21903.85,114.489,59.4,2.16,260.014,3.0,2022-03-15,33.13,33.83,29.57,29.83,0.0,VIX,-0.0610638967579477,3.0,2022-03-15,1.1990887636317211,1.4064507417098762,231.31309779134455,1.2720887036469444,0.7654992339162747,0.7155164025829767,0.9362572858841512,3.0
2022-03-18,2022-03-18,1.1044,119.17,1.3169,1.2633,0.9337,9.4179,-0.005941,0.006079,0.00076,-0.000317,-0.001284,0.002427,94.016222,93.214045,93.379206,95.462124,97.728172,98.789761,90.84934,-0.004145,6.0,2021-07-01,3.3587499999999997,4.15625,2022-03-18,287.467,3.7,0.2,2.14,1.97,0.44,0.17,102.6732,584512.0,21721.5,21903.85,114.489,59.4,2.16,260.014,6.0,2022-03-18,26.36,26.82,23.85,23.87,0.0,VIX,-0.0701207635372029,6.0,2022-03-18,1.2022776461086144,1.4116324293188949,298.64816472263146,1.276123380719262,0.768712054506044,0.7188865458978696,0.9392268082093768,6.0
2022-03-23,2022-03-23,1.1001,121.02,1.3212,1.2555,0.9318,9.4539,-0.001905,0.002984,-0.00347,-0.003888,-0.000751,0.003769,93.698105,92.851114,91.951744,95.773831,98.335325,98.9912,90.50339,-0.001662,4.0,2021-07-01,3.3587499999999997,4.15625,2022-03-23,287.467,3.7,0.2,2.32,2.13,0.44,0.19,102.6732,584512.0,21721.5,21903.85,114.489,59.4,2.16,260.014,4.0,2022-03-23,23.04,24.03,22.64,23.57,0.0,VIX,0.0274629468177853,4.0,2022-03-23,1.169836919240414,1.3585038524518291,19.050562831744383,1.2348737674347767,0.7357195343464655,0.6842555046890131,0.9088670928319956,4.0
2022-03-29,2022-03-29,1.1104,122.61,1.3125,1.2513,0.9303,9.2926,0.01157,-0.005193,0.002597,-0.002948,-0.004388,-0.023333,94.06339,93.720459,90.759318,95.143168,98.665388,99.150812,92.074339,0.009045,3.0,2021-07-01,3.3587499999999997,4.15625,2022-03-29,287.467,3.7,0.2,2.41,2.35,0.44,0.06,102.6732,584512.0,21721.5,21903.85,114.489,59.4,2.16,260.014,3.0,2022-03-29,19.7,19.73,18.67,18.9,0.0,VIX,-0.0371879775853286,3.0,2022-03-29,1.1705814338100506,1.3596035113278102,19.89619785347885,1.235766508105848,0.7363787339341078,0.6849278065072996,0.9095241499659042,3.0
2022-03-31,2022-03-31,1.1093,121.44,1.3152,1.2482,0.9211,9.3469,-0.006271,-0.004345,0.000228,-0.00104,-0.002383,0.009908,94.187609,93.627616,91.633729,95.338891,98.910431,100.141136,91.539441,-0.003214,5.0,2021-07-01,3.3587499999999997,4.15625,2022-03-31,287.467,3.7,0.2,2.32,2.28,0.44,0.04,102.6732,584512.0,21721.5,21903.85,114.489,59.4,2.16,260.014,5.0,2022-03-31,19.68,21.48,19.54,20.56,0.0,VIX,0.0636316606311433,5.0,2022-03-31,1.1690659145492024,1.3571029089764668,17.361366686068656,1.233830086170439,0.7348239629223852,0.6832953087074372,0.9080989434214431,5.0
2022-04-06,2022-04-06,1.0913,123.7,1.3082,1.2502,0.9325,9.4151,-0.000733,0.001782,-0.00145,0.004015,0.003551,-0.000191,92.938135,92.108373,89.95958,94.831461,98.7522,98.91689,90.876358,-0.001344,4.0,2021-07-01,3.3587499999999997,4.15625,2022-04-06,288.582,3.7,0.33,2.61,2.5,0.76,0.11,102.9024,582200.0,21749.9,21919.222,114.845,65.2,1.91,265.31,4.0,2022-04-06,21.27,24.78,21.24,22.1,0.0,VIX,0.0508796956728483,4.0,2022-04-06,1.164400512638149,1.3494167553679532,11.40655019617586,1.2278737341481258,0.7300482950053497,0.6782841728374401,0.9037150683330208,4.0
2022-04-11,2022-04-11,1.0875,125.55,1.3033,1.2622,0.9308,9.4839,9.2e-05,0.009975,7.7e-05,0.003578,-0.002679,0.0053,92.424227,91.787643,88.63401,94.47626,97.813342,99.09755,90.217105,-0.001695,2.0,2021-07-01,3.3587499999999997,4.15625,2022-04-11,288.582,3.7,0.33,2.79,2.5,0.76,0.29,102.9024,582200.0,21749.9,21919.222,114.845,65.2,1.91,265.31,2.0,2022-04-11,23.09,24.42,22.09,24.37,0.0,VIX,0.1517013232514177,2.0,2022-04-11,1.168906859863612,1.3566415113761654,16.50437655566759,1.2335364035285377,0.7344992157137484,0.682923678066211,0.9078827929970038,2.0
2022-04-12,2022-04-12,1.0852,125.25,1.3031,1.2609,0.9302,9.4866,-0.002115,-0.002389,-0.000153,-0.00103,-0.000645,0.000285,92.349958,91.593518,88.846307,94.461762,97.914188,99.161471,90.191428,-0.000804,3.0,2021-07-01,3.3587499999999997,4.15625,2022-04-12,288.582,3.7,0.33,2.72,2.39,0.76,0.33,102.9024,582200.0,21749.9,21919.222,114.845,65.2,1.91,265.31,3.0,2022-04-12,24.94,25.38,22.27,24.26,0.0,VIX,-0.0045137464095198,3.0,2022-04-12,1.181480321069538,1.3770966315977369,47.95083759860961,1.2494673739515918,0.7471658525418962,0.6961842825291166,0.9196079872283716,3.0
2022-04-18,2022-04-18,1.0785,126.77,1.3019,1.262,0.9441,9.5967,-0.002497,0.003642,-0.003597,0.000555,0.00106,0.002947,91.765218,91.028022,87.781021,94.374773,97.828843,97.701515,89.156689,-0.002554,2.0,2021-07-01,3.3587499999999997,4.15625,2022-04-18,288.582,3.7,0.33,2.85,2.46,0.76,0.39,102.9024,582200.0,21749.9,21919.222,114.845,65.2,1.91,265.31,2.0,2022-04-18,24.52,24.6,21.98,22.17,0.0,VIX,-0.0233480176211452,2.0,2022-04-18,1.1695805456777049,1.357607061657678,17.076229641061023,1.234330834746795,0.7350716985351304,0.6835021977664144,0.9084674943736412,2.0
2022-04-20,2022-04-20,1.0857,127.76,1.3055,1.249,0.9469,9.438,0.006303,-0.006145,0.003536,-0.010144,-0.001371,-0.01337,92.199022,91.635719,87.100814,94.635738,98.847078,97.41261,90.655859,0.006441,4.0,2021-07-01,3.3587499999999997,4.15625,2022-04-20,288.582,3.7,0.33,2.85,2.6,0.76,0.25,102.9024,582200.0,21749.9,21919.222,114.845,65.2,1.91,265.31,4.0,2022-04-20,21.13,21.32,19.75,20.32,0.0,VIX,-0.0491343004211511,4.0,2022-04-20,1.1633471555879429,1.3474515364467357,9.940054983034068,1.2264241937525824,0.728783786544439,0.6769223447325042,0.9026482066019006,4.0
2022-05-12,2022-05-12,1.0376,128.1,1.2198,1.3055,1.0004,10.145,-0.015279,-0.016129,-0.009661,0.008653,0.009791,0.013041,88.247705,87.575962,86.869633,88.423342,94.569131,92.203119,84.338098,-0.009518,5.0,2021-07-01,3.3587499999999997,4.15625,2022-05-12,291.299,3.6,0.77,2.84,2.56,0.98,0.28,102.9659,601192.0,21690.1,21919.222,115.542,58.4,2.22,273.251,5.0,2022-05-12,33.74,34.76,31.7,31.77,0.0,VIX,-0.0242628992628993,5.0,2022-05-12,1.212242163842545,1.42697158037674,566.5558468395024,1.2883439452056933,0.7780579245648932,0.7285563312649403,0.9482211436713904,5.0
2022-05-13,2022-05-13,1.041,129.23,1.2242,1.2929,1.0014,10.0575,0.003277,0.008821,0.003607,-0.009651,0.001,-0.008625,88.45902,87.86293,86.110036,88.742298,95.490757,92.111045,85.071837,0.002395,6.0,2021-07-01,3.3587499999999997,4.15625,2022-05-13,291.299,3.6,0.77,2.93,2.61,0.98,0.32,102.9659,601192.0,21690.1,21919.222,115.542,58.4,2.22,273.251,6.0,2022-05-13,31.09,31.2,28.78,28.87,0.0,VIX,-0.0912810827824991,6.0,2022-05-13,1.2124106889639914,1.427229910405533,572.5565851013458,1.2885501141658628,0.7782151246510614,0.7287188357031178,0.9483728840260752,6.0
2022-05-17,2022-05-17,1.0532,129.31,1.2468,1.2839,0.9931,9.9248,0.010749,0.001239,0.016137,-0.003415,-0.009673,-0.014468,89.376243,88.89264,86.056763,90.380573,96.160137,92.880878,86.209294,0.009207,3.0,2021-07-01,3.3587499999999997,4.15625,2022-05-17,291.299,3.6,0.77,2.98,2.71,0.98,0.27,102.9659,601192.0,21690.1,21919.222,115.542,58.4,2.22,273.251,3.0,2022-05-17,27.07,27.17,25.51,26.1,0.0,VIX,-0.0498725882781214,3.0,2022-05-17,1.2160102247558475,1.433087730517447,759.8357469519735,1.2931070169710646,0.7818513506740783,0.732538075871784,0.9517267644907036,3.0
2022-05-18,2022-05-18,1.0494,128.22,1.2396,1.2838,0.9902,10.003,-0.003608,-0.008429,-0.005775,-7.8e-05,-0.00292,0.007879,89.211055,88.571911,86.788333,89.858644,96.167627,93.152898,85.535339,-0.001848,4.0,2021-07-01,3.3587499999999997,4.15625,2022-05-18,291.299,3.6,0.77,2.89,2.68,0.98,0.21,102.9659,601192.0,21690.1,21919.222,115.542,58.4,2.22,273.251,4.0,2022-05-18,26.74,31.49,26.21,30.96,0.0,VIX,0.186206896551724,4.0,2022-05-18,1.216641461738727,1.434109832269174,797.6215688491276,1.293903772642527,0.7824848741178965,0.7332027557041313,0.9523131766649,4.0
2022-06-01,2022-06-01,1.0646,130.09,1.2472,1.267,0.9644,9.8602,-0.007921,0.012137,-0.012041,0.002453,0.007732,0.009842,90.103689,89.854828,85.540779,90.409569,97.442778,95.644961,86.774102,-0.008471,4.0,2022-06-01,1.21,4.0,2022-06-01,295.072,3.6,1.21,2.94,2.66,1.49,0.28,102.8224,594419.0,21642.6,21919.222,116.631,50.0,2.13,280.251,4.0,2022-06-01,26.05,27.73,25.38,25.69,0.0,VIX,-0.0190912562046582,4.0,2022-06-01,1.231395548941146,1.458238970659332,2539.9993492227645,1.3126308470772394,0.7974948702972782,0.7489997897097563,0.9660963034488482,4.0
2022-06-07,2022-06-07,1.0697,132.53,1.2594,1.255,0.9731,9.7933,-0.000187,0.00745,0.003986,-0.001591,0.004231,0.001391,90.321586,90.28528,83.965895,91.293947,98.374502,94.789847,87.366873,-0.00063,3.0,2021-07-01,3.3587499999999997,4.15625,2022-06-07,295.072,3.6,1.21,2.98,2.75,1.49,0.23,102.8224,594419.0,21642.6,21919.222,116.631,50.0,2.13,280.251,3.0,2022-06-07,25.54,26.24,23.88,24.02,0.0,VIX,-0.0418827283605903,3.0,2022-06-07,1.2177650983388213,1.43557402796374,817.8231291383497,1.295161791588905,0.7833218932430253,0.7340227777026387,0.9532390786094342,3.0
2022-06-08,2022-06-08,1.074,134.06,1.2557,1.2524,0.975,9.7809,0.00402,0.011545,-0.002938,-0.002072,0.001953,-0.001266,90.384976,90.648211,83.007609,91.025734,98.578729,94.605128,87.477635,0.000702,4.0,2021-07-01,3.3587499999999997,4.15625,2022-06-08,295.072,3.6,1.21,3.03,2.78,1.49,0.25,102.8224,594419.0,21642.6,21919.222,116.631,50.0,2.13,280.251,4.0,2022-06-08,24.37,24.78,23.74,23.96,0.0,VIX,-0.0024979184013321,4.0,2022-06-08,1.2192912151427269,1.4380738149755783,923.8259479737576,1.2971009511958356,0.7848771448568781,0.7356593970085747,0.9546663000801352,4.0
2022-06-13,2022-06-13,1.0436,134.12,1.217,1.2851,0.9966,10.1753,-0.008079,-0.000522,-0.012976,0.005398,0.008092,0.015803,88.12368,88.082377,82.970474,88.22037,96.070345,92.554686,84.086956,-0.007605,2.0,2021-07-01,3.3587499999999997,4.15625,2022-06-13,295.072,3.6,1.21,3.43,3.4,1.49,0.03,102.8224,594419.0,21642.6,21919.222,116.631,50.0,2.13,280.251,2.0,2022-06-13,31.37,35.05,31.29,34.02,0.0,VIX,0.225945945945946,2.0,2022-06-13,1.2076718612385204,1.4188280257948969,348.68501585512206,1.2822385186966394,0.7728652867147852,0.7229902556451249,0.9437275497607268,2.0
2022-06-14,2022-06-14,1.0416,134.89,1.2011,1.2933,1.0016,10.1997,-0.001916,0.005741,-0.013065,0.006381,0.005017,0.002398,87.744365,87.913572,82.496849,87.067778,95.461223,92.092652,83.885801,-0.004304,3.0,2021-07-01,3.3587499999999997,4.15625,2022-06-14,295.072,3.6,1.21,3.49,3.45,1.49,0.04,102.8224,594419.0,21642.6,21919.222,116.631,50.0,2.13,280.251,3.0,2022-06-14,33.01,34.0,32.06,32.69,0.0,VIX,-0.0390946502057615,3.0,2022-06-14,1.1992436856961288,1.4049657720410813,172.51273927289554,1.2714991038150418,0.7642378329199289,0.7139140385557173,0.935823340407871,3.0
2022-06-23,2022-06-23,1.0503,134.72,1.224,1.2979,0.9606,10.194,-0.007559,-0.009776,-0.003257,0.003634,-0.000936,0.01157,88.491708,88.647873,82.60095,88.7278,95.122891,96.023319,83.932706,-0.004305,5.0,2021-07-01,3.3587499999999997,4.15625,2022-06-23,295.072,3.6,1.21,3.09,3.01,1.49,0.08,102.8224,594419.0,21642.6,21919.222,116.631,50.0,2.13,280.251,5.0,2022-06-23,29.29,29.77,28.74,29.05,0.0,VIX,0.0034542314335059,5.0,2022-06-23,1.2026857542911165,1.410441955447054,222.91586116951507,1.2758016474911196,0.767609571203437,0.7174310090701337,0.938990012553464,5.0
2022-06-24,2022-06-24,1.0539,135.22,1.2273,1.2919,0.9569,10.1325,0.003428,0.003711,0.002696,-0.004623,-0.003852,-0.006033,88.728618,88.951722,82.295518,88.967017,95.564672,96.394608,84.442142,0.002677,6.0,2021-07-01,3.3587499999999997,4.15625,2022-06-24,295.072,3.6,1.21,3.13,3.04,1.49,0.09,102.8224,594419.0,21642.6,21919.222,116.631,50.0,2.13,280.251,6.0,2022-06-24,29.07,29.72,26.83,27.23,0.0,VIX,-0.0626506024096386,6.0,2022-06-24,1.2009919997827336,1.4076427246884684,192.9631170188506,1.2736372236763294,0.7658650309610686,0.7155939170697426,0.9373969966257784,6.0
2022-06-27,2022-06-27,1.0601,135.26,1.2305,1.287,0.9551,10.0603,0.005883,0.000296,0.002607,-0.003793,-0.001881,-0.007126,89.119433,89.475017,82.271181,89.198985,95.928516,96.576275,85.04816,0.004405,2.0,2021-07-01,3.3587499999999997,4.15625,2022-06-27,295.072,3.6,1.21,3.2,3.08,1.49,0.12,102.8224,594419.0,21642.6,21919.222,116.631,50.0,2.13,280.251,2.0,2022-06-27,28.3,28.66,26.93,26.95,0.0,VIX,-0.0102827763496143,2.0,2022-06-27,1.201203563671524,1.4079324619661289,194.4194821983163,1.2738804813444655,0.7660340335090452,0.7157624439844579,0.9375760342695268,2.0
2022-06-29,2022-06-29,1.0477,136.5,1.2151,1.2861,0.9541,10.1998,-0.005411,0.002276,-0.004016,-0.00163,-0.002301,0.007557,88.243009,88.428427,81.52381,88.082639,95.995646,96.677497,83.884978,-0.003939,4.0,2021-07-01,3.3587499999999997,4.15625,2022-06-29,295.072,3.6,1.21,3.1,3.06,1.49,0.04,102.8224,594419.0,21642.6,21919.222,116.631,50.0,2.13,280.251,4.0,2022-06-29,28.8,29.36,27.85,28.16,0.0,VIX,-0.007052186177715,4.0,2022-06-29,1.2098687693813102,1.4221333758732997,396.2619439955219,1.2848983274379389,0.7748631320911883,0.7250438382732242,0.9456851689943232,4.0
2022-07-01,2022-07-01,1.0409,135.09,1.2048,1.2915,0.9623,10.3358,-0.005731,-0.004422,-0.009373,0.003419,0.007644,0.009355,87.826752,87.85449,82.374713,87.335991,95.59427,95.853684,82.781207,-0.004862,6.0,2022-07-01,1.68,6.0,2022-07-01,294.94,3.5,1.68,2.88,2.84,2.23,0.04,103.0505,584625.0,21641.9,22066.784,116.662,51.5,2.31,272.274,6.0,2022-07-01,29.53,29.59,26.69,27.53,0.0,VIX,-0.0411006617903169,6.0,2022-07-01,1.216574543276462,1.4331417932864507,684.0775614885307,1.2934314271799527,0.7817142282055216,0.7322535267384414,0.9519655304044452,6.0
2022-07-06,2022-07-06,1.0173,135.66,1.1907,1.3052,0.9714,10.5621,-0.007899,-0.000442,-0.002095,-0.000919,0.002477,0.003391,86.312588,85.862593,82.028601,86.313882,94.590867,94.955734,81.007565,-0.004871,4.0,2021-07-01,3.3587499999999997,4.15625,2022-07-06,294.94,3.5,1.68,2.93,2.97,2.23,-0.04,103.0505,584625.0,21641.9,22066.784,116.662,51.5,2.31,272.274,4.0,2022-07-06,27.84,28.07,26.43,26.73,0.0,VIX,-0.0294117647058823,4.0,2022-07-06,1.2116823480703385,1.4249831085511613,449.57676604419305,1.2871486776796195,0.7766115074322726,0.7268629395494713,0.9473414267722,4.0
2022-07-18,2022-07-18,1.016,138.23,1.1989,1.2919,0.9764,10.3474,0.007037,-0.002454,0.011133,-0.009355,-0.001227,-0.012822,86.254417,85.75287,80.503509,86.9083,95.564672,94.46948,82.688405,0.007193,2.0,2021-07-01,3.3587499999999997,4.15625,2022-07-18,294.94,3.5,1.68,2.96,3.15,2.23,-0.19,103.0505,584625.0,21641.9,22066.784,116.662,51.5,2.31,272.274,2.0,2022-07-18,24.83,25.91,24.38,25.3,0.0,VIX,0.0441601320676847,2.0,2022-07-18,1.24483339666241,1.4796203283563536,6419.655947016959,1.3294139339946156,0.8106874613795134,0.7628009446353253,0.9784486554200372,2.0
2022-07-19,2022-07-19,1.0238,137.94,1.2022,1.2887,0.9683,10.2143,0.007677,-0.002098,0.002753,-0.002477,-0.008296,-0.012863,86.780403,86.411209,80.672756,87.147517,95.801971,95.259734,83.765897,0.006098,3.0,2021-07-01,3.3587499999999997,4.15625,2022-07-19,294.94,3.5,1.68,3.01,3.23,2.23,-0.22,103.0505,584625.0,21641.9,22066.784,116.662,51.5,2.31,272.274,3.0,2022-07-19,25.12,25.41,24.23,24.5,0.0,VIX,-0.0316205533596838,3.0,2022-07-19,1.2317257254516647,1.4578346820831574,2219.8744800912245,1.3126248176492812,0.7970563908285082,0.7483838696603192,0.9660918657898708,3.0
2022-07-22,2022-07-22,1.0225,136.12,1.2019,1.2861,0.9613,10.2069,0.002746,-0.013194,0.004261,-0.001863,-0.008253,-0.002551,86.906456,86.301485,81.751396,87.12577,95.995646,95.953396,83.826627,0.004398,6.0,2021-07-01,3.3587499999999997,4.15625,2022-07-22,294.94,3.5,1.68,2.77,2.98,2.23,-0.21,103.0505,584625.0,21641.9,22066.784,116.662,51.5,2.31,272.274,6.0,2022-07-22,23.3,23.81,22.41,23.03,0.0,VIX,-0.0034617048896581,6.0,2022-07-22,1.2248834747825188,1.4464506883827586,1258.9847936291242,1.3038531187838882,0.7899356215438784,0.7408569579407175,0.9596358954249417,6.0
2022-07-27,2022-07-27,1.0108,137.31,1.2027,1.2881,0.965,10.3441,-0.000791,0.005051,-0.000748,-0.000776,0.001661,0.001772,86.174691,85.313977,81.042896,87.183762,95.846596,95.585492,82.714784,-0.001245,4.0,2021-07-01,3.3587499999999997,4.15625,2022-07-27,294.94,3.5,1.68,2.78,2.96,2.23,-0.18,103.0505,584625.0,21641.9,22066.784,116.662,51.5,2.31,272.274,4.0,2022-07-27,24.27,24.41,23.02,23.24,0.0,VIX,-0.058728230052653,4.0,2022-07-27,1.2355062818457525,1.463943663013674,2935.8346538347073,1.317389286072914,0.8008435914895529,0.7523599082057274,0.9695985145496646,4.0
2022-08-05,2022-08-05,1.017,135.33,1.2061,1.2942,0.9635,10.1988,-0.00499,0.015381,-0.006589,0.007003,0.007318,0.006355,86.680439,85.837272,82.228626,87.430228,95.394839,95.734302,83.893203,-0.006844,6.0,2021-07-01,3.3587499999999997,4.15625,2022-08-05,295.162,3.6,2.33,2.83,3.24,2.63,-0.41,103.1703,597265.0,21607.0,22066.784,117.002,58.2,2.25,269.546,6.0,2022-08-05,21.5,22.58,20.76,21.15,0.0,VIX,-0.0135261194029852,6.0,2022-08-05,1.2512885530332891,1.490008481420809,10135.14880487253,1.33752704476633,0.8171240864086793,0.7695589332259969,0.9844199049480188,6.0
2022-08-15,2022-08-15,1.0186,133.13,1.209,1.2891,0.9449,10.3055,-0.006922,-0.003294,-0.003462,0.008449,0.002015,0.010521,87.033748,85.972316,83.587471,87.640449,95.772244,97.618796,83.024599,-0.005273,2.0,2021-07-01,3.3587499999999997,4.15625,2022-08-15,295.162,3.6,2.33,2.79,3.2,2.63,-0.41,103.1703,597265.0,21607.0,22066.784,117.002,58.2,2.25,269.546,2.0,2022-08-15,20.74,21.16,19.81,19.95,0.0,VIX,0.021505376344086,2.0,2022-08-15,1.2358926107250223,1.464206271378131,2841.464757461203,1.317713408945256,0.8009338774772202,0.752394590075656,0.9698370689837084,2.0
2022-08-16,2022-08-16,1.0174,134.38,1.209,1.2874,0.9506,10.3475,-0.001178,0.009389,0.0,-0.001319,0.006032,0.004075,86.845947,85.871033,82.809942,87.640449,95.898711,97.033453,82.687606,-0.002158,3.0,2021-07-01,3.3587499999999997,4.15625,2022-08-16,295.162,3.6,2.33,2.82,3.25,2.63,-0.43,103.1703,597265.0,21607.0,22066.784,117.002,58.2,2.25,269.546,3.0,2022-08-16,20.23,20.39,19.5,19.69,0.0,VIX,-0.0130325814536339,3.0,2022-08-16,1.2403400000323688,1.471568142772976,4055.853346300122,1.323396646105648,0.8055339127352894,0.7572545296220996,0.9740199315337568,3.0
2022-08-17,2022-08-17,1.0164,135.4,1.203,1.2932,0.9537,10.408,-0.000983,0.00759,-0.004963,0.004505,0.003261,0.005847,86.590051,85.786631,82.186115,87.205509,95.468605,96.718046,82.206956,-0.002947,4.0,2021-07-01,3.3587499999999997,4.15625,2022-08-17,295.162,3.6,2.33,2.89,3.28,2.63,-0.39,103.1703,597265.0,21607.0,22066.784,117.002,58.2,2.25,269.546,4.0,2022-08-17,19.74,20.63,19.41,19.9,0.0,VIX,0.0106653123412898,4.0,2022-08-17,1.233426804608473,1.4600783400269304,2311.4477341755637,1.31454130359959,0.79834605549375,0.7496539073943554,0.9675023994492982,4.0
2022-08-19,2022-08-19,1.0039,137.01,1.181,1.2994,0.959,10.5913,-0.007415,0.012713,-0.013367,0.003785,0.004609,0.010591,85.540781,84.7316,81.220349,85.610729,95.013083,96.183525,80.784229,-0.008435,6.0,2021-07-01,3.3587499999999997,4.15625,2022-08-19,295.162,3.6,2.33,2.98,3.25,2.63,-0.27,103.1703,597265.0,21607.0,22066.784,117.002,58.2,2.25,269.546,6.0,2022-08-19,20.16,21.27,20.08,20.6,0.0,VIX,0.0531697341513293,6.0,2022-08-19,1.2319300795045418,1.4575588435445224,2033.428652155882,1.3126095033079674,0.7967640913076135,0.7479765954986667,0.966080594434664,6.0
2022-08-22,2022-08-22,0.9936,137.57,1.1752,1.3038,0.9652,10.7208,-0.01026,0.004087,-0.004911,0.003386,0.006465,0.012227,84.852636,83.862255,80.889729,85.190286,94.692437,95.565686,79.80841,-0.008045,2.0,2021-07-01,3.3587499999999997,4.15625,2022-08-22,295.162,3.6,2.33,3.03,3.32,2.63,-0.29,103.1703,597265.0,21607.0,22066.784,117.002,58.2,2.25,269.546,2.0,2022-08-22,22.41,24.62,22.39,23.8,0.0,VIX,0.1553398058252426,2.0,2022-08-22,1.2390673735812312,1.4693348846254322,3586.995903262706,1.321713487313233,0.8041135143217987,0.7557332534393753,0.9727811266625396,2.0
2022-08-23,2022-08-23,0.9976,136.36,1.1844,1.2945,0.9632,10.6062,0.004026,-0.008796,0.007828,-0.007133,-0.002072,-0.01069,85.329348,84.199865,81.60751,85.857195,95.372731,95.76412,80.67074,0.005618,3.0,2021-07-01,3.3587499999999997,4.15625,2022-08-23,295.162,3.6,2.33,3.05,3.29,2.63,-0.24,103.1703,597265.0,21607.0,22066.784,117.002,58.2,2.25,269.546,3.0,2022-08-23,24.13,24.21,23.07,24.11,0.0,VIX,0.0130252100840335,3.0,2022-08-23,1.2398263657717272,1.470575104576615,3800.7041951304127,1.322676095703685,0.8048853410031173,0.7565461505660469,0.973489606437912,3.0
2022-08-29,2022-08-29,1.0,138.74,1.1718,1.3001,0.9688,10.6644,0.0002,0.012184,-0.005094,-0.000384,0.005501,0.004881,85.071142,84.402431,80.207583,84.94382,94.961926,95.21057,80.230486,-0.002426,2.0,2021-07-01,3.3587499999999997,4.15625,2022-08-29,295.162,3.6,2.33,3.12,3.42,2.63,-0.3,103.1703,597265.0,21607.0,22066.784,117.002,58.2,2.25,269.546,2.0,2022-08-29,26.86,27.67,25.47,26.21,0.0,VIX,0.0254303599374021,2.0,2022-08-29,1.2764755981252525,1.53166606363061,68589.94328251993,1.3696757593821558,0.843186246448066,0.7971453876257673,1.0080813589052666,2.0
2022-09-08,2022-09-08,0.9956,144.05,1.1489,1.3118,0.9726,10.7413,0.001408,-0.002355,0.001395,-0.003646,-0.008361,-0.001775,84.142998,84.03106,77.250955,83.283798,94.114957,94.838577,79.656094,0.002052,5.0,2021-07-01,3.3587499999999997,4.15625,2022-09-08,296.421,3.5,2.56,3.29,3.48,3.13,-0.19,103.5326,562463.0,21521.3,22066.784,117.377,58.6,2.17,267.898,5.0,2022-09-08,24.7,25.9,23.56,23.61,0.0,VIX,-0.0418019480519481,5.0,2022-09-08,1.2658515683982614,1.513642859104271,28752.319676124556,1.355915315807925,0.831816191923632,0.7850294026794465,0.9979536724346324,5.0
2022-09-19,2022-09-19,1.0003,143.34,1.1403,1.3287,0.9663,10.8157,-0.000999,0.002097,-0.001401,0.001055,0.001659,0.004523,84.239658,84.427752,77.633598,82.660384,92.91789,95.456897,79.108148,-0.001354,2.0,2021-07-01,3.3587499999999997,4.15625,2022-09-19,296.421,3.5,2.56,3.49,3.95,3.13,-0.46,103.5326,562463.0,21521.3,22066.784,117.377,58.6,2.17,267.898,2.0,2022-09-19,27.69,27.95,25.56,25.76,0.0,VIX,-0.0205323193916349,2.0,2022-09-19,1.2471997543728304,1.4822893550304548,6279.43347164224,1.3318765404368142,0.8121104777863335,0.7641028813967603,0.9802611337614954,2.0
2022-09-21,2022-09-21,0.988,144.14,1.133,1.3397,0.9652,11.0232,-0.011407,0.003481,-0.006576,0.004348,0.002493,0.014374,83.392059,83.389602,77.20272,82.131207,92.15496,95.565686,77.619022,-0.008882,4.0,2021-07-01,3.3587499999999997,4.15625,2022-09-21,296.421,3.5,2.56,3.51,4.02,3.13,-0.51,103.5326,562463.0,21521.3,22066.784,117.377,58.6,2.17,267.898,4.0,2022-09-21,28.03,30.18,25.55,27.99,0.0,VIX,0.0305596465390278,4.0,2022-09-21,1.2537639373448064,1.493182324493994,10543.221518377884,1.3402745569181906,0.8189266624607626,0.7713150071714197,0.9864420738917884,4.0
2022-09-22,2022-09-22,0.9841,142.16,1.1269,1.3499,0.9806,11.0671,-0.003947,-0.013737,-0.005384,0.007614,0.015955,0.003983,83.165747,83.060432,78.277997,81.689018,91.458627,94.064858,77.311129,-0.002714,5.0,2021-07-01,3.3587499999999997,4.15625,2022-09-22,296.421,3.5,2.56,3.7,4.11,3.13,-0.41,103.5326,562463.0,21521.3,22066.784,117.377,58.6,2.17,267.898,5.0,2022-09-22,28.16,28.38,26.71,27.35,0.0,VIX,-0.0228653090389423,5.0,2022-09-22,1.2479282400193017,1.483441109014766,6590.157450966282,1.3327829476419517,0.8128198406792067,0.7648440311114599,0.9809282494644764,5.0
2022-10-04,2022-10-04,0.9977,144.32,1.1446,1.3551,0.9806,10.8576,0.017127,-0.001246,0.015436,-0.007325,-0.012388,-0.015603,83.85099,84.208305,77.10643,82.972091,91.107667,94.064858,78.802866,0.013712,3.0,2021-07-01,3.3587499999999997,4.15625,2022-10-04,297.979,3.6,3.08,3.62,4.1,3.72,-0.48,103.4442,581106.0,21424.5,22249.459,117.891,59.9,2.28,265.061,3.0,2022-10-04,29.52,29.62,28.56,29.07,0.0,VIX,-0.0342192691029901,3.0,2022-10-04,1.2153067556503836,1.429204161427558,447.7015675275056,1.290980130918268,0.7789006917061468,0.728994927798524,0.9501613763558452,3.0
2022-10-06,2022-10-06,0.9806,144.94,1.1133,1.3732,0.9899,11.1095,-0.006081,0.001451,-0.012594,0.005124,0.0062,0.010966,82.488659,82.765024,76.776597,80.703153,89.906787,93.181129,77.016067,-0.006355,5.0,2021-07-01,3.3587499999999997,4.15625,2022-10-06,297.979,3.6,3.08,3.83,4.23,3.72,-0.4,103.4442,581106.0,21424.5,22249.459,117.891,59.9,2.28,265.061,5.0,2022-10-06,28.6,30.74,28.56,30.52,0.0,VIX,0.069001751313485,5.0,2022-10-06,1.2276041730356724,1.4494521546224624,1217.0548842288492,1.306653951853268,0.7915170705469078,0.7422860294797665,0.9616973085640051,5.0
2022-10-12,2022-10-12,0.9692,146.87,1.1096,1.3797,0.998,11.345,-0.006662,0.009069,-0.006447,0.004368,0.004024,0.006932,81.632394,81.802836,75.767686,80.43494,89.483221,92.42485,75.417364,-0.006601,4.0,2021-07-01,3.3587499999999997,4.15625,2022-10-12,297.979,3.6,3.08,3.91,4.28,3.72,-0.37,103.4442,581106.0,21424.5,22249.459,117.891,59.9,2.28,265.061,4.0,2022-10-12,33.54,34.53,33.11,33.57,0.0,VIX,-0.0017841213202498,4.0,2022-10-12,1.2312520048611912,1.4553668823873458,1604.7266581957924,1.3112611240518326,0.7951863093881315,0.7461392736876385,0.9650881873021488,4.0
2022-10-13,2022-10-13,0.978,147.15,1.1344,1.3744,0.9987,11.2468,0.00908,0.001906,0.02235,-0.003841,0.000701,-0.008656,82.311264,82.545577,75.623513,82.232693,89.828289,92.360068,76.075862,0.008316,5.0,2021-07-01,3.3587499999999997,4.15625,2022-10-13,297.979,3.6,3.08,3.97,4.47,3.72,-0.5,103.4442,581106.0,21424.5,22249.459,117.891,59.9,2.28,265.061,5.0,2022-10-13,33.6,33.87,31.63,31.94,0.0,VIX,-0.0485552576705391,5.0,2022-10-13,1.2280321701361745,1.4500216743251273,1230.8892213038157,1.3071384358767422,0.7918455973214744,0.742610556238782,0.9620538888052822,5.0
2022-10-17,2022-10-17,0.9843,148.71,1.1427,1.3723,0.9953,11.1437,0.010679,0.001684,0.01954,-0.010812,-0.009553,-0.014991,82.634681,83.077313,74.830206,82.83436,89.965751,92.675575,76.779705,0.010345,2.0,2021-07-01,3.3587499999999997,4.15625,2022-10-17,297.979,3.6,3.08,4.02,4.45,3.72,-0.43,103.4442,581106.0,21424.5,22249.459,117.891,59.9,2.28,265.061,2.0,2022-10-17,32.27,32.59,30.7,31.37,0.0,VIX,-0.0202998126171143,2.0,2022-10-17,1.1998650326396378,1.403597510271013,119.2994848373737,1.2712090008129482,0.7629240801347698,0.712155210073942,0.93560982459833,2.0
2022-10-18,2022-10-18,0.9842,149.23,1.1307,1.379,0.9962,11.1197,-0.000102,0.003497,-0.010501,0.004882,0.000904,-0.002154,82.455011,83.068872,74.569457,81.96448,89.528644,92.591849,76.945421,-0.002174,3.0,2021-07-01,3.3587499999999997,4.15625,2022-10-18,297.979,3.6,3.08,4.01,4.43,3.72,-0.42,103.4442,581106.0,21424.5,22249.459,117.891,59.9,2.28,265.061,3.0,2022-10-18,31.1,31.93,30.42,30.5,0.0,VIX,-0.0277335033471469,3.0,2022-10-18,1.2081345061780742,1.4171399222742913,236.30140620071015,1.2817209317584333,0.7713386479009735,0.7209946652952004,0.9433466057742068,3.0
2022-10-31,2022-10-31,0.9885,148.63,1.1515,1.3639,1.0006,11.0462,-0.004933,0.006433,-0.005012,0.001248,0.003812,0.00515,82.981469,83.431803,74.870484,83.472273,90.519833,92.184689,77.457406,-0.004719,2.0,2021-07-01,3.3587499999999997,4.15625,2022-10-31,297.979,3.6,3.08,4.1,4.51,3.72,-0.41,103.4442,581106.0,21424.5,22249.459,117.891,59.9,2.28,265.061,2.0,2022-10-31,26.91,27.07,25.84,25.88,0.0,VIX,0.0050485436893203,2.0,2022-10-31,1.2157634070489212,1.4294312140418155,424.46868728851945,1.2913252128861674,0.7789399813105309,0.7289526679969791,0.9504153566842192,2.0
2022-11-03,2022-11-03,0.9759,148.18,1.1183,1.3729,1.0131,11.1845,-0.011747,0.007273,-0.024767,0.007411,0.014317,0.014016,81.978266,82.368332,75.097854,81.065603,89.926433,91.047281,76.49962,-0.012478,5.0,2021-07-01,3.3587499999999997,4.15625,2022-11-03,298.708,3.6,3.78,4.14,4.71,4.15,-0.57,103.1058,588876.0,21357.6,22249.459,118.221,56.7,2.18,263.157,5.0,2022-11-03,25.98,26.87,25.1,25.3,0.0,VIX,-0.0216550657385923,5.0,2022-11-03,1.2249626288031454,1.4445375242230376,892.9734997760747,1.3030326555593728,0.7883434425003331,0.7388507027892809,0.9590320344916984,5.0
2022-11-09,2022-11-09,1.0037,146.15,1.1396,1.3453,0.9836,10.8391,-0.005154,0.005296,-0.017163,0.00478,-0.00061,0.011469,84.023964,84.71472,76.140951,82.609641,91.771352,93.777959,78.937366,-0.006564,4.0,2021-07-01,3.3587499999999997,4.15625,2022-11-09,298.708,3.6,3.78,4.12,4.61,4.15,-0.49,103.1058,588876.0,21357.6,22249.459,118.221,56.7,2.18,263.157,4.0,2022-11-09,25.34,26.35,25.02,26.09,0.0,VIX,0.0215348472983556,4.0,2022-11-09,1.2421760590728808,1.4729155279127537,3532.657537802855,1.3249819555595224,0.806044132796393,0.757520519118793,0.9751867192918086,4.0
2022-11-28,2022-11-28,1.0386,138.67,1.2041,1.3433,0.9463,10.4898,-0.001538,-0.003879,-0.00504,0.004712,0.000423,0.007153,87.091524,87.660365,80.248071,87.285248,91.907988,97.474374,81.565902,-0.001759,2.0,2021-07-01,3.3587499999999997,4.15625,2022-11-28,298.708,3.6,3.78,3.69,4.46,4.15,-0.77,103.1058,588876.0,21357.6,22249.459,118.221,56.7,2.18,263.157,2.0,2022-11-28,22.09,22.5,21.65,22.21,0.0,VIX,0.0834146341463415,2.0,2022-11-28,1.2040396581430812,1.4096339222440255,146.5879100768954,1.2761538446017977,0.7665187011437193,0.7158034172246396,0.9392492296269233,2.0
2022-11-29,2022-11-29,1.0356,138.28,1.1996,1.3636,0.9506,10.5554,-0.002889,-0.002812,-0.003737,0.015112,0.004544,0.006254,86.775966,87.407157,80.4744,86.959043,90.539748,97.033453,81.058984,-0.003623,3.0,2021-07-01,3.3587499999999997,4.15625,2022-11-29,298.708,3.6,3.78,3.75,4.48,4.15,-0.73,103.1058,588876.0,21357.6,22249.459,118.221,56.7,2.18,263.157,3.0,2022-11-29,22.09,22.57,21.83,21.89,0.0,VIX,-0.0144079243583971,3.0,2022-11-29,1.2086369434391746,1.4171556084933368,213.8671270757845,1.2819945192870628,0.7711911105115573,0.7207108984349109,0.943547966195278,3.0
2022-12-14,2022-12-14,1.0655,134.95,1.2408,1.3567,0.9238,10.1923,0.002352,-0.001406,0.002667,0.002735,-0.003237,-0.001978,89.119574,89.93079,82.46017,89.945632,91.000221,99.848452,83.946705,0.001818,4.0,2021-07-01,3.3587499999999997,4.15625,2022-12-14,298.808,3.5,4.1,3.49,4.23,4.25,-0.74,101.8266,637438.0,21219.2,22249.459,118.403,59.8,1.97,257.897,4.0,2022-12-14,22.83,23.47,21.07,21.14,0.0,VIX,-0.0625277161862527,4.0,2022-12-14,1.1794109781023083,1.3691341090440667,17.58542031696024,1.2447583382833622,0.7413444483586871,0.6893641411035696,0.9161421369765548,4.0
2022-12-19,2022-12-19,1.0624,136.87,1.218,1.3638,0.9303,10.3728,0.00132,0.002343,0.000986,-0.003798,-0.002252,-0.001511,88.485289,89.669142,81.303427,88.29286,90.52647,99.150812,82.485925,0.001098,2.0,2021-07-01,3.3587499999999997,4.15625,2022-12-19,298.808,3.5,4.1,3.57,4.25,4.25,-0.68,101.8266,637438.0,21219.2,22249.459,118.403,59.8,1.97,257.897,2.0,2022-12-19,22.63,22.86,21.61,22.42,0.0,VIX,-0.0088417329796639,2.0,2022-12-19,1.1588983176489909,1.3358223313563558,2.9913158418685364,1.2187832642603618,0.7207489533254894,0.6678423275164284,0.8970244824956264,2.0
2022-12-21,2022-12-21,1.0599,132.36,1.2072,1.3622,0.9277,10.4287,-0.003385,0.009765,-0.006093,0.000294,0.001944,0.001008,88.648458,89.458136,84.073738,87.509967,90.6328,99.428695,82.043783,-0.004082,4.0,2021-07-01,3.3587499999999997,4.15625,2022-12-21,298.808,3.5,4.1,3.68,4.21,4.25,-0.53,101.8266,637438.0,21219.2,22249.459,118.403,59.8,1.97,257.897,4.0,2022-12-21,21.25,21.29,19.94,20.07,0.0,VIX,-0.0656424581005586,4.0,2022-12-21,1.151785058953405,1.324321535156834,1.6052779155471393,1.2097953392872804,0.7136546158524664,0.6604460035851493,0.8904093697154384,4.0
2022-12-28,2022-12-28,1.0622,134.27,1.2034,1.3588,0.9275,10.4638,-0.003004,0.006295,0.000166,0.00622,-0.001077,0.001455,88.574694,89.652262,82.877784,87.234505,90.859582,99.450135,81.768574,-0.003122,4.0,2021-07-01,3.3587499999999997,4.15625,2022-12-28,298.808,3.5,4.1,3.88,4.31,4.25,-0.43,101.8266,637438.0,21219.2,22249.459,118.403,59.8,1.97,257.897,4.0,2022-12-28,21.47,22.26,20.96,22.14,0.0,VIX,0.0226327944572748,4.0,2022-12-28,1.1499592074369995,1.3212576051412173,1.3378877694422369,1.2074368711656,0.7117437630970623,0.658437321987042,0.8886735371778817,4.0
2022-12-29,2022-12-29,1.0668,133.16,1.206,1.3546,0.9233,10.4492,0.004331,-0.008267,0.002161,-0.003091,-0.004528,-0.001395,88.961432,90.040513,83.568639,87.422979,91.141296,99.902524,81.882824,0.004366,5.0,2021-07-01,3.3587499999999997,4.15625,2022-12-29,298.808,3.5,4.1,3.83,4.34,4.25,-0.51,101.8266,637438.0,21219.2,22249.459,118.403,59.8,1.97,257.897,5.0,2022-12-29,22.25,22.31,21.36,21.44,0.0,VIX,-0.0316169828364949,5.0,2022-12-29,1.145425271444925,1.313952457498628,0.8982367909565482,1.2017182931189534,0.7072447533596148,0.6537540868956738,0.8844646637355498,5.0
2023-01-11,2023-01-11,1.074,132.58,1.2125,1.3422,0.9299,10.4843,0.000279,0.002495,-0.002468,-0.000819,0.008022,0.004724,89.456841,90.648211,83.934228,87.894165,91.983311,99.193462,81.608691,-0.000869,4.0,2021-07-01,3.3587499999999997,4.15625,2023-01-11,300.456,3.5,4.33,3.54,4.2,4.54,-0.66,102.7476,535580.0,21205.4,22403.435,119.007,64.9,1.97,260.227,4.0,2023-01-11,20.8,21.25,20.62,21.09,0.0,VIX,0.0247813411078718,4.0,2023-01-11,1.151067119355158,1.3227882618265028,1.405338885725449,1.2087179079642136,0.7126377298764475,0.6593285639882864,0.8896163802616613,4.0
2023-01-20,2023-01-20,1.0831,129.97,1.2374,1.3416,0.9221,10.3071,0.001943,0.011597,0.000647,-0.00578,0.00644,-0.004126,90.436149,91.416273,85.619758,89.699166,92.024448,100.032534,83.01171,0.00015,6.0,2021-07-01,3.3587499999999997,4.15625,2023-01-20,300.456,3.5,4.33,3.48,4.14,4.54,-0.66,102.7476,535580.0,21205.4,22403.435,119.007,64.9,1.97,260.227,6.0,2023-01-20,20.28,20.7,19.41,19.85,0.0,VIX,-0.0326510721247562,6.0,2023-01-20,1.1527800462127025,1.3253827465438288,1.5820071870757242,1.2108026082289751,0.7142041696027827,0.6609339329378277,0.8911507196565259,6.0
2023-01-27,2023-01-27,1.0857,129.94,1.2379,1.3314,0.9218,10.3183,-0.000828,-0.003528,0.000728,-0.002547,0.000869,0.001641,90.631095,91.635719,85.639526,89.735411,92.729458,100.06509,82.921605,0.000196,6.0,2021-07-01,3.3587499999999997,4.15625,2023-01-27,300.456,3.5,4.33,3.52,4.19,4.54,-0.67,102.7476,535580.0,21205.4,22403.435,119.007,64.9,1.97,260.227,6.0,2023-01-27,18.9,19.0,17.97,18.51,0.0,VIX,-0.0117458622530698,6.0,2023-01-27,1.1554192943634989,1.3295063333624804,1.942204565797764,1.2140721007713224,0.7167198710458872,0.6635338451395253,0.8935570661676934,6.0
2023-01-30,2023-01-30,1.0867,130.34,1.2373,1.335,0.9231,10.3816,0.000921,0.003078,-0.000485,0.002704,0.00141,0.006135,90.589728,91.720122,85.376707,89.691917,92.479401,99.924169,82.416005,-0.000456,2.0,2021-07-01,3.3587499999999997,4.15625,2023-01-30,300.456,3.5,4.33,3.55,4.25,4.54,-0.7,102.7476,535580.0,21205.4,22403.435,119.007,64.9,1.97,260.227,2.0,2023-01-30,19.76,20.25,19.54,19.94,0.0,VIX,0.0772555375472716,2.0,2023-01-30,1.1485979184329145,1.318476730189819,1.063534606105513,1.2054514210415217,0.7099182306884817,0.6564456704198871,0.8872122458865601,2.0
2023-02-06,2023-02-06,1.0722,132.76,1.2009,1.3442,0.9278,10.651,-0.009515,0.012894,-0.005301,0.003509,0.003027,0.01278,89.195774,90.496286,83.820428,87.05328,91.846451,99.417978,80.331424,-0.008737,2.0,2021-07-01,3.3587499999999997,4.15625,2023-02-06,301.476,3.6,4.57,3.63,4.44,4.65,-0.81,102.8003,516582.0,21185.4,22403.435,119.401,66.9,1.84,258.669,2.0,2023-02-06,19.23,19.81,19.21,19.43,0.0,VIX,0.0600109110747408,2.0,2023-02-06,1.1643331467534312,1.3437054142154523,4.049909208969872,1.2252370764385565,0.7254393467981798,0.6725936260793952,0.9017744882587776,2.0
2023-02-14,2023-02-14,1.0722,133.05,1.2157,1.3367,0.9224,10.3782,0.000373,0.002562,0.00173,0.001423,0.001846,-0.000356,89.455131,90.496286,83.63773,88.126133,92.361786,100.0,82.443006,-0.0001,3.0,2021-07-01,3.3587499999999997,4.15625,2023-02-14,301.476,3.6,4.57,3.77,4.6,4.65,-0.83,102.8003,516582.0,21185.4,22403.435,119.401,66.9,1.84,258.669,3.0,2023-02-14,20.72,20.75,18.48,18.91,0.0,VIX,-0.0703048180924287,3.0,2023-02-14,1.1587608720165024,1.3345658694661129,2.4401129988962924,1.2181376992444612,0.7197749819910586,0.6666656526848318,0.8965493466439235,3.0
2023-02-16,2023-02-16,1.0684,133.95,1.2018,1.3451,0.9245,10.4306,9.4e-05,-0.002012,-0.001081,0.003731,0.000758,1.9e-05,88.995999,90.175557,83.075775,87.118521,91.784997,99.77285,82.028838,-0.000197,5.0,2021-07-01,3.3587499999999997,4.15625,2023-02-16,301.476,3.6,4.57,3.86,4.62,4.65,-0.76,102.8003,516582.0,21185.4,22403.435,119.401,66.9,1.84,258.669,5.0,2023-02-16,18.26,20.27,18.23,20.17,0.0,VIX,0.1064179923203512,5.0,2023-02-16,1.1668119627880622,1.347528862500534,4.843866933770322,1.228284413173585,0.727763574765496,0.6749897120245704,0.9040173280957586,5.0
2023-03-02,2023-03-02,1.0595,136.84,1.1942,1.3616,0.942,10.5063,-0.007401,0.00751,-0.007645,0.001397,0.003516,0.007779,88.066377,89.424375,81.321251,86.567597,90.672738,97.919321,81.437804,-0.006733,5.0,2021-07-01,3.3587499999999997,4.15625,2023-03-02,301.643,3.5,4.65,4.08,4.89,4.69,-0.81,102.8143,589560.0,20876.9,22403.435,119.553,62.0,2.05,257.062,5.0,2023-03-02,21.41,21.42,19.55,19.59,0.0,VIX,-0.0481049562682215,5.0,2023-03-02,1.1599634632885487,1.3362146259211212,2.5649324197265995,1.219522259399891,0.7207353345466505,0.6676210274952451,0.8975683829183196,5.0
2023-03-06,2023-03-06,1.0694,135.93,1.2048,1.3606,0.9308,10.4395,0.007347,-0.001176,0.004335,-0.00022,-0.007782,-0.004368,88.78352,90.259959,81.865666,87.335991,90.73938,99.09755,81.958906,0.005456,2.0,2021-07-01,3.3587499999999997,4.15625,2023-03-06,301.643,3.5,4.65,3.98,4.89,4.69,-0.91,102.8143,589560.0,20876.9,22403.435,119.553,62.0,2.05,257.062,2.0,2023-03-06,19.05,19.19,18.49,18.61,0.0,VIX,0.0064899945916712,2.0,2023-03-06,1.173978536656489,1.358797652601123,8.41036652220008,1.237191531443349,0.7346588943264488,0.6821365076631802,0.910572967142305,2.0
2023-03-07,2023-03-07,1.0573,136.9,1.1857,1.3736,0.9413,10.6996,-0.011315,0.007136,-0.015853,0.009555,0.011281,0.024915,87.749996,89.23869,81.28561,85.951432,89.880606,97.992139,79.966541,-0.011641,3.0,2021-07-01,3.3587499999999997,4.15625,2023-03-07,301.643,3.5,4.65,3.97,5.0,4.69,-1.03,102.8143,589560.0,20876.9,22403.435,119.553,62.0,2.05,257.062,3.0,2023-03-07,18.64,19.74,18.51,19.59,0.0,VIX,0.0526598602901666,3.0,2023-03-07,1.1674302716146618,1.3481803534504884,4.791073607956083,1.2289067746473856,0.7280985283962641,0.6752847033820729,0.904475386140476,3.0
2023-03-09,2023-03-09,1.0577,136.41,1.1922,1.3777,0.9363,10.7029,0.002654,-0.005613,0.007181,-0.000508,-0.003406,-0.000551,87.858685,89.272451,81.577597,86.422617,89.613123,98.515433,79.941885,0.003309,5.0,2021-07-01,3.3587499999999997,4.15625,2023-03-09,301.643,3.5,4.65,3.93,4.9,4.69,-0.97,102.8143,589560.0,20876.9,22403.435,119.553,62.0,2.05,257.062,5.0,2023-03-09,19.33,23.14,18.88,22.61,0.0,VIX,0.1831501831501831,5.0,2023-03-09,1.1826383483413512,1.372794701340472,17.362437065597575,1.248125459077539,0.7433032815053158,0.691163994024859,0.9186203378810688,5.0
2023-03-13,2023-03-13,1.0733,133.13,1.216,1.3687,0.9118,10.5824,0.006942,-0.014217,0.009715,-0.008476,-0.010312,-0.007773,89.282891,90.589129,83.587471,88.14788,90.202382,101.162536,80.85217,0.008538,2.0,2021-07-01,3.3587499999999997,4.15625,2023-03-13,301.643,3.5,4.65,3.55,4.03,4.69,-0.48,102.8143,589560.0,20876.9,22403.435,119.553,62.0,2.05,257.062,2.0,2023-03-13,24.05,30.81,23.85,26.52,0.0,VIX,0.0693548387096774,2.0,2023-03-13,1.1919421866409832,1.3878626955128035,37.50492968235646,1.259883281546545,0.752620070354622,0.7009058557987468,0.9272740952182572,2.0
2023-03-15,2023-03-15,1.0535,132.81,1.2032,1.3799,0.9243,10.6355,-0.017441,-0.011315,-0.009386,0.008994,0.011601,0.014954,88.104442,88.917961,83.788871,87.220007,89.470251,99.794439,80.448498,-0.01171,4.0,2021-07-01,3.3587499999999997,4.15625,2023-03-15,301.643,3.5,4.65,3.51,3.93,4.69,-0.42,102.8143,589560.0,20876.9,22403.435,119.553,62.0,2.05,257.062,4.0,2023-03-15,23.21,29.91,23.19,26.14,0.0,VIX,0.101559207753898,4.0,2023-03-15,1.1901234209156937,1.384861137565789,31.977652975990896,1.2575596123995556,0.7507528311908311,0.6989439158902756,0.9255638747260728,4.0
2023-03-16,2023-03-16,1.0622,133.01,1.2111,1.3761,0.9299,10.5073,0.008258,0.001506,0.006566,-0.002754,0.006059,-0.012054,88.620486,89.652262,83.662882,87.792679,89.717317,99.193462,81.430053,0.005857,5.0,2021-07-01,3.3587499999999997,4.15625,2023-03-16,301.643,3.5,4.65,3.56,4.14,4.69,-0.58,102.8143,589560.0,20876.9,22403.435,119.553,62.0,2.05,257.062,5.0,2023-03-16,26.19,27.49,22.97,22.99,0.0,VIX,-0.1205049732211172,5.0,2023-03-16,1.201416322729816,1.4032739397126757,81.94788964042137,1.2718838715721923,0.7621677413458625,0.7109077788898406,0.9361065294771336,5.0
2023-03-23,2023-03-23,1.089,130.99,1.2322,1.3658,0.9145,10.2578,0.009081,-0.012663,0.007358,-0.004664,-0.00996,-0.00887,90.485758,91.914247,84.95305,89.322218,90.393908,100.86386,83.410673,0.008987,5.0,2021-07-01,3.3587499999999997,4.15625,2023-03-23,301.643,3.5,4.65,3.38,3.76,4.69,-0.38,102.8143,589560.0,20876.9,22403.435,119.553,62.0,2.05,257.062,5.0,2023-03-23,21.54,24.91,20.16,22.61,0.0,VIX,0.0157232704402514,5.0,2023-03-23,1.216586080562,1.4280064462264843,280.6979920075605,1.2911181066645492,0.7775126572433293,0.7270082967268646,0.9502629265051082,5.0
2023-03-24,2023-03-24,1.0762,130.64,1.2225,1.3763,0.9181,10.431,-0.011754,-0.002672,-0.007872,0.007688,0.003937,0.016885,89.675591,90.833896,85.180649,88.619065,89.70428,100.468359,82.025693,-0.008954,6.0,2021-07-01,3.3587499999999997,4.15625,2023-03-24,301.643,3.5,4.65,3.38,3.76,4.69,-0.38,102.8143,589560.0,20876.9,22403.435,119.553,62.0,2.05,257.062,6.0,2023-03-24,22.11,25.21,21.6,21.74,0.0,VIX,-0.0384785493144627,6.0,2023-03-24,1.20637537840015,1.4112362822429636,120.43148541413794,1.278116864467551,0.7670823767037613,0.7160426258958343,0.9406940122481174,6.0
2023-03-27,2023-03-27,1.0789,131.49,1.2278,1.3686,0.9163,10.392,0.002509,0.006506,0.004335,-0.005595,-0.001961,-0.003739,89.843647,91.061783,84.63001,89.003262,90.208973,100.665721,82.333526,0.001874,2.0,2021-07-01,3.3587499999999997,4.15625,2023-03-27,301.643,3.5,4.65,3.53,3.94,4.69,-0.41,102.8143,589560.0,20876.9,22403.435,119.553,62.0,2.05,257.062,2.0,2023-03-27,22.05,22.93,20.57,20.6,0.0,VIX,-0.0524379024839004,2.0,2023-03-27,1.2122105420399143,1.4207440553891522,193.1589939016185,1.2855128381595269,0.7729802195282445,0.7222299815461475,0.9461374488854116,2.0
2023-04-03,2023-04-03,1.0891,132.35,1.2403,1.3435,0.913,10.3808,0.001748,-0.003013,0.002749,-0.006654,0.00011,0.003335,90.542763,91.922687,84.080091,89.909387,91.894306,101.029573,82.422357,0.002212,2.0,2021-07-01,3.3587499999999997,4.15625,2023-04-03,302.858,3.4,4.83,3.43,3.97,4.92,-0.54,103.2241,574331.0,20730.0,22539.418,119.97,63.7,2.07,256.908,2.0,2023-04-03,19.79,19.83,18.54,18.55,0.0,VIX,-0.0080213903743314,2.0,2023-04-03,1.1843890075314312,1.3751730425944106,18.50615079456118,1.2501304260984525,0.7446847820318383,0.6925357655587637,0.9200959936084608,2.0
2023-04-10,2023-04-10,1.084,133.75,1.2358,1.3534,0.9112,10.5569,-0.006689,0.012414,-0.005152,0.001554,0.006962,0.01309,90.024581,91.492235,83.2,89.583182,91.222107,101.229148,81.047467,-0.006987,2.0,2021-07-01,3.3587499999999997,4.15625,2023-04-10,302.858,3.4,4.83,3.41,4.0,4.92,-0.59,103.2241,574331.0,20730.0,22539.418,119.97,63.7,2.07,256.908,2.0,2023-04-10,19.39,20.05,18.93,18.97,0.0,VIX,0.0309782608695652,2.0,2023-04-10,1.1649150488588054,1.3434943978956075,3.4440931193689974,1.2254469745067542,0.725087301505412,0.6720465230260777,0.9019289732369712,2.0
2023-04-20,2023-04-20,1.097,134.1,1.2448,1.3459,0.8944,10.3105,0.001552,-0.005119,0.000482,0.000372,-0.004452,-0.003104,90.900749,92.589467,82.982849,90.235593,91.730441,103.13059,82.984336,0.001872,5.0,2021-07-01,3.3587499999999997,4.15625,2023-04-20,302.858,3.4,4.83,3.54,4.14,4.92,-0.6,103.2241,574331.0,20730.0,22539.418,119.97,63.7,2.07,256.908,5.0,2023-04-20,16.85,17.69,16.33,17.17,0.0,VIX,0.0431348724179829,5.0,2023-04-20,1.192947187828025,1.388783535591393,35.90515685287733,1.260832382941706,0.753051828451703,0.7012449959167489,0.9279726338450957,5.0
2023-04-25,2023-04-25,1.0968,133.96,1.2398,1.3627,0.8925,10.3186,-0.005351,-0.003348,-0.004736,0.006202,0.004276,0.004234,90.761945,92.572586,83.069573,89.873142,90.599545,103.35014,82.919194,-0.004188,3.0,2021-07-01,3.3587499999999997,4.15625,2023-04-25,302.858,3.4,4.83,3.4,3.86,4.92,-0.46,103.2241,574331.0,20730.0,22539.418,119.97,63.7,2.07,256.908,3.0,2023-04-25,17.62,19.86,17.33,18.76,0.0,VIX,0.1107164002368266,3.0,2023-04-25,1.1866083085831336,1.3783695470916355,20.723658032360063,1.2527545632380213,0.7465836061082067,0.6944577494729499,0.9220273585431836,3.0
2023-04-27,2023-04-27,1.1017,134.04,1.2471,1.3611,0.8957,10.3082,-0.003167,0.002393,-0.001201,0.000735,0.006291,-0.000688,91.056305,92.986158,83.019994,90.40232,90.706047,102.980909,83.002852,-0.002597,5.0,2021-07-01,3.3587499999999997,4.15625,2023-04-27,302.858,3.4,4.83,3.53,4.07,4.92,-0.54,103.2241,574331.0,20730.0,22539.418,119.97,63.7,2.07,256.908,5.0,2023-04-27,18.43,18.43,16.72,17.03,0.0,VIX,-0.0960721868365179,5.0,2023-04-27,1.1792583277045832,1.3663943377650607,11.058602720731889,1.2434317969013922,0.7391681444049676,0.6866968101527854,0.9151658025194248,5.0
2023-05-03,2023-05-03,1.1049,135.31,1.2547,1.361,0.8871,10.2467,0.004729,-0.008427,0.005772,-0.001248,-0.006718,-0.006072,91.228933,93.256246,82.24078,90.953244,90.712711,103.979258,83.50103,0.005133,4.0,2021-07-01,3.3587499999999997,4.15625,2023-05-03,303.316,3.6,5.06,3.38,3.89,5.14,-0.51,102.9809,615939.0,20801.3,22539.418,120.14,59.0,2.2,253.67,4.0,2023-05-03,17.82,18.83,17.19,18.34,0.0,VIX,0.0314960629921259,4.0,2023-05-03,1.1856604831877338,1.376678646983701,18.62391881107328,1.2514858024210829,0.7455080359957046,0.6933087505371808,0.921093550581917,4.0
2023-05-04,2023-05-04,1.1009,133.76,1.258,1.357,0.8861,10.2605,-0.00362,-0.011455,0.00263,-0.002939,-0.001127,0.001347,91.216385,92.918636,83.19378,91.192461,90.980103,104.096603,83.388724,-0.000138,5.0,2021-07-01,3.3587499999999997,4.15625,2023-05-04,303.316,3.6,5.06,3.37,3.75,5.14,-0.38,102.9809,615939.0,20801.3,22539.418,120.14,59.0,2.2,253.67,5.0,2023-05-04,19.17,21.33,18.67,20.09,0.0,VIX,0.0954198473282443,5.0,2023-05-04,1.1734721791145537,1.356888321703793,6.604726878809617,1.2360553461404564,0.7332691191927019,0.6805143476377892,0.909736734759376,5.0
2023-05-08,2023-05-08,1.102,134.83,1.2633,1.3356,0.8894,10.141,-0.000544,-0.000148,-0.001344,-0.004695,-0.002132,-0.001801,91.385814,93.011479,82.533561,91.576658,92.437856,103.710367,84.371364,0.000128,2.0,2021-07-01,3.3587499999999997,4.15625,2023-05-08,303.316,3.6,5.06,3.52,4.0,5.14,-0.48,102.9809,615939.0,20801.3,22539.418,120.14,59.0,2.2,253.67,2.0,2023-05-08,17.73,17.88,16.83,16.98,0.0,VIX,-0.0122164048865619,2.0,2023-05-08,1.1567400026315782,1.3298070327722669,1.5499042071541198,1.2149031447260144,0.7165536263215162,0.6630760942224504,0.8941687145183467,2.0
2023-05-31,2023-05-31,1.0654,139.78,1.2396,1.3588,0.9129,10.8921,-0.006342,-0.000358,-0.000564,-0.000368,0.008952,0.001416,88.520445,89.92235,79.610817,89.858644,90.859582,101.04064,78.553263,-0.004128,4.0,2021-07-01,3.3587499999999997,4.15625,2023-05-31,303.316,3.6,5.06,3.64,4.4,5.14,-0.76,102.9809,615939.0,20801.3,22539.418,120.14,59.0,2.2,253.67,4.0,2023-05-31,18.04,18.4,17.12,17.94,0.0,VIX,0.027491408934708,4.0,2023-05-31,1.1754527882652197,1.359596463434669,7.1389713201101745,1.2383319394144237,0.7348455719580207,0.6820822320388046,0.9114123074090158,4.0
2023-06-01,2023-06-01,1.0752,138.74,1.2536,1.3441,0.9077,10.8182,0.009198,-0.00744,0.011294,-0.010818,-0.005696,-0.006785,89.332611,90.749494,80.207583,90.873505,91.853285,101.619478,79.089867,0.009175,5.0,2023-06-01,5.08,5.0,2023-06-01,304.099,3.6,5.08,3.61,4.33,5.16,-0.72,102.3809,597476.0,20782.8,22539.418,120.435,64.2,2.0,253.86,5.0,2023-06-01,17.24,17.59,15.58,15.65,0.0,VIX,-0.1276477146042364,5.0,2023-06-01,1.174406489757775,1.3578840100892684,6.508777271228257,1.2370009254167753,0.7337843206430473,0.6809712559487329,0.9104326811067466,5.0
2023-06-05,2023-06-05,1.0721,139.64,1.244,1.3419,0.9058,10.8502,-0.00028,-0.000859,-0.002246,-0.001414,-0.001873,0.005617,89.040365,90.487846,79.690633,90.177601,92.003875,101.832634,78.856611,-0.000329,2.0,2021-07-01,3.3587499999999997,4.15625,2023-06-05,304.099,3.6,5.08,3.69,4.46,5.16,-0.77,102.3809,597476.0,20782.8,22539.418,120.435,64.2,2.0,253.86,2.0,2023-06-05,15.28,15.29,14.66,14.73,0.0,VIX,0.0089041095890411,2.0,2023-06-05,1.165285676579792,1.3430698728721826,2.9447625526100616,1.2254482442805446,0.724628388620399,0.6714082616392195,0.9019299077904808,2.0
2023-06-08,2023-06-08,1.078,138.83,1.2547,1.338,0.9003,10.8084,0.007288,-0.008215,0.00771,0.001272,-0.009462,-0.007402,89.542341,90.98582,80.155586,90.953244,92.272048,102.454737,79.161578,0.00675,5.0,2021-07-01,3.3587499999999997,4.15625,2023-06-08,304.099,3.6,5.08,3.73,4.52,5.16,-0.79,102.3809,597476.0,20782.8,22539.418,120.435,64.2,2.0,253.86,5.0,2023-06-08,14.14,14.21,13.53,13.65,0.0,VIX,-0.0208034433285508,5.0,2023-06-08,1.152476380436149,1.3223924723168206,0.9652249178262734,1.2092766497983547,0.7118822644908657,0.658128317583964,0.890027614251589,5.0
2023-07-07,2023-07-07,1.0964,142.21,1.2838,1.3284,0.8887,10.8287,0.008369,-0.013047,0.009197,-0.005167,-0.008701,-0.011845,90.531395,92.538825,78.250475,93.062704,92.938874,103.792056,79.013178,0.00889,6.0,2021-07-01,3.3587499999999997,4.15625,2023-07-07,304.615,3.5,5.12,4.06,4.94,5.25,-0.88,103.0722,591150.0,20772.3,22780.933,120.598,71.5,1.84,253.835,6.0,2023-07-07,15.97,16.06,14.33,14.83,0.0,VIX,-0.0395077720207253,6.0,2023-07-07,1.1461383468653772,1.311704909832294,0.5043687154336993,1.2010637509241189,0.7052114127911989,0.6511141292100237,0.8839829206801516,6.0
2023-07-20,2023-07-20,1.1135,140.39,1.2849,1.3182,0.8671,10.3482,-0.00536,0.004508,-0.003799,0.001824,0.00849,0.007036,91.822788,93.982107,79.264905,93.142443,93.658019,106.37758,82.682012,-0.004931,5.0,2021-07-01,3.3587499999999997,4.15625,2023-07-20,304.615,3.5,5.12,3.85,4.8,5.25,-0.95,103.0722,591150.0,20772.3,22780.933,120.598,71.5,1.84,253.835,5.0,2023-07-20,13.96,14.23,13.58,13.99,0.0,VIX,0.0167151162790697,5.0,2023-07-20,1.139849284967032,1.3014093587972215,0.2784764023203643,1.1930541190660615,0.6988449161717881,0.6444693896018034,0.8780878316326214,5.0
2023-07-27,2023-07-27,1.0998,141.03,1.287,1.3194,0.8686,10.46,-0.007222,0.004416,-0.00464,-0.001816,0.007072,0.002617,91.074465,92.825793,78.905197,93.294672,93.572836,106.193875,81.798279,-0.005554,5.0,2021-07-01,3.3587499999999997,4.15625,2023-07-27,304.615,3.5,5.12,4.01,4.91,5.25,-0.9,103.0722,591150.0,20772.3,22780.933,120.598,71.5,1.84,253.835,5.0,2023-07-27,13.14,15.02,12.74,14.41,0.0,VIX,0.0924943138741472,5.0,2023-07-27,1.129223066781021,1.2843335454838103,0.1066079027224795,1.179663792106582,0.6883518849663457,0.6335746402049574,0.8682325509904444,5.0
2023-08-02,2023-08-02,1.0939,143.21,1.2712,1.3334,0.8779,10.7352,-0.002917,-0.000907,-0.00298,0.003386,0.001826,0.011295,90.270009,92.327819,77.704071,92.149329,92.59037,105.068914,79.701356,-0.002784,4.0,2021-07-01,3.3587499999999997,4.15625,2023-08-02,306.138,3.7,5.33,4.08,4.88,5.3,-0.8,103.0951,613511.0,20747.3,22780.933,120.965,69.4,1.85,257.68,4.0,2023-08-02,15.7,16.48,14.95,16.09,0.0,VIX,0.1550610193826274,4.0,2023-08-02,1.1298288693337692,1.2851934243953074,0.1102334778518703,1.1803751214655394,0.6888585384808342,0.6340831268045116,0.868756089398637,4.0
2023-08-03,2023-08-03,1.0947,142.42,1.2709,1.334,0.8742,10.7068,0.000731,-0.005516,-0.000236,0.00045,-0.004215,-0.002646,90.386032,92.395341,78.135093,92.127582,92.548726,105.513612,79.912766,0.001285,5.0,2021-07-01,3.3587499999999997,4.15625,2023-08-03,306.138,3.7,5.33,4.2,4.9,5.3,-0.7,103.0951,613511.0,20747.3,22780.933,120.965,69.4,1.85,257.68,5.0,2023-08-03,16.77,17.42,15.72,15.92,0.0,VIX,-0.0105655686761964,5.0,2023-08-03,1.1444230131636122,1.308476932791853,0.3965003413409938,1.198686992960863,0.7031361917848926,0.6488845501189171,0.8822336268191953,5.0
2023-08-15,2023-08-15,1.0928,145.4,1.2745,1.3472,0.8769,10.8374,0.000549,0.000688,0.004255,0.001561,-0.000684,0.003324,89.972266,92.234976,76.5337,92.388547,91.641924,105.188733,78.949748,0.000524,3.0,2021-07-01,3.3587499999999997,4.15625,2023-08-15,306.138,3.7,5.33,4.21,4.92,5.3,-0.71,103.0951,613511.0,20747.3,22780.933,120.965,69.4,1.85,257.68,3.0,2023-08-15,14.95,16.57,14.91,16.46,0.0,VIX,0.1106612685560053,3.0,2023-08-15,1.177655287201199,1.3617565068686923,6.666023381074707,1.2404757789818377,0.7359083539758728,0.6829715398733556,0.9129901733306324,3.0
2023-08-21,2023-08-21,1.0888,146.26,1.2737,1.3563,0.8799,10.9704,0.001195,0.007647,-7.9e-05,0.000443,-0.002042,0.00083,89.600635,91.897367,76.083687,92.330555,91.027059,104.830094,77.992598,-0.000173,2.0,2021-07-01,3.3587499999999997,4.15625,2023-08-21,306.138,3.7,5.33,4.34,4.97,5.3,-0.63,103.0951,613511.0,20747.3,22780.933,120.965,69.4,1.85,257.68,2.0,2023-08-21,18.03,18.11,16.88,17.13,0.0,VIX,-0.0098265895953758,2.0,2023-08-21,1.1672197693845272,1.3447831488665851,2.6825209338372944,1.2272468122488591,0.725413623918535,0.6720069377814119,0.9032536538151604,2.0
2023-08-22,2023-08-22,1.0846,145.79,1.2733,1.3547,0.88,10.9436,-0.003857,-0.003213,-0.000314,-0.00118,0.000114,-0.002443,89.443733,91.542876,76.328966,92.301559,91.134569,104.818182,78.183596,-0.001751,3.0,2021-07-01,3.3587499999999997,4.15625,2023-08-22,306.138,3.7,5.33,4.34,5.02,5.3,-0.68,103.0951,613511.0,20747.3,22780.933,120.965,69.4,1.85,257.68,3.0,2023-08-22,16.96,17.58,16.61,16.97,0.0,VIX,-0.0093403385872737,3.0,2023-08-22,1.159491937447765,1.3323167610181978,1.3759147882827385,1.2174946975963217,0.7177298491171172,0.664001597803169,0.8960760974308927,3.0
2023-08-24,2023-08-24,1.0826,145.75,1.2634,1.3562,0.8825,10.9934,-0.003314,0.007814,-0.00637,0.001477,0.004553,0.006611,89.229212,91.374072,76.349914,91.583907,91.033771,104.521246,77.829425,-0.004207,5.0,2021-07-01,3.3587499999999997,4.15625,2023-08-24,306.138,3.7,5.33,4.23,4.98,5.3,-0.75,103.0951,613511.0,20747.3,22780.933,120.965,69.4,1.85,257.68,5.0,2023-08-24,15.57,17.32,15.48,17.2,0.0,VIX,0.0763454317897371,5.0,2023-08-24,1.165329434178365,1.3416803468465492,2.258223832760786,1.2248371585335986,0.7234905563602786,0.6699945574449664,0.9014801486807288,5.0
2023-08-25,2023-08-25,1.0787,146.38,1.257,1.3626,0.886,11.0669,-0.003602,0.004322,-0.005066,0.004719,0.003966,0.006686,88.864229,91.044902,76.021314,91.119971,90.606194,104.108352,77.312527,-0.00409,6.0,2021-07-01,3.3587499999999997,4.15625,2023-08-25,306.138,3.7,5.33,4.25,5.03,5.3,-0.78,103.0951,613511.0,20747.3,22780.933,120.965,69.4,1.85,257.68,6.0,2023-08-25,17.21,17.36,15.45,15.68,0.0,VIX,-0.0883720930232557,6.0,2023-08-25,1.16863542635022,1.3469938640892014,2.9877117817442893,1.2289997614972357,0.7267625495531507,0.6734014726753027,0.9045438244619656,6.0
2023-09-01,2023-09-01,1.0787,146.2,1.2594,1.3582,0.8857,11.0474,-0.004797,0.003569,-0.005763,0.003176,0.002263,0.008683,88.931374,91.044902,76.114911,91.293947,90.89972,104.143615,77.448993,-0.004653,6.0,2023-09-01,5.33,6.0,2023-09-01,307.374,3.8,5.33,4.18,4.87,5.32,-0.69,103.3081,579306.0,20720.6,22780.933,121.387,67.8,1.78,258.934,6.0,2023-09-01,13.56,13.82,13.02,13.82,0.0,VIX,0.0184229918938836,6.0,2023-09-01,1.1764189198043489,1.3594411702818967,5.667662910874218,1.2387699893273694,0.7344179189723433,0.6813663953985047,0.9117347121449438,6.0
2023-09-07,2023-09-07,1.0704,147.13,1.2485,1.3678,0.8927,11.13,-0.000933,-0.003522,-0.00104,0.001684,0.000336,0.000431,88.256807,90.344362,75.633793,90.503806,90.261734,103.326986,76.874214,-0.000454,5.0,2021-07-01,3.3587499999999997,4.15625,2023-09-07,307.374,3.8,5.33,4.27,4.94,5.32,-0.67,103.3081,579306.0,20720.6,22780.933,121.387,67.8,1.78,258.934,5.0,2023-09-07,14.81,15.69,14.4,14.4,0.0,VIX,-0.0034602076124566,5.0,2023-09-07,1.1743599947148526,1.3560007719733278,4.661870906006544,1.236118364769341,0.7322728265005023,0.6791105851128113,0.909783116470235,5.0
2023-09-12,2023-09-12,1.0726,147.12,1.2477,1.3553,0.8913,11.1053,-0.001675,0.004506,-0.00415,-0.002062,0.000337,0.003035,88.446341,90.530047,75.638934,90.445814,91.094223,103.489285,77.045195,-0.001949,3.0,2021-07-01,3.3587499999999997,4.15625,2023-09-12,307.374,3.8,5.33,4.27,4.98,5.32,-0.71,103.3081,579306.0,20720.6,22780.933,121.387,67.8,1.78,258.934,3.0,2023-09-12,14.02,14.42,13.71,14.23,0.0,VIX,0.031159420289855,3.0,2023-09-12,1.1779497627729147,1.361714750936328,6.220211983488897,1.2406118402253818,0.7357825198250916,0.6827589306761767,0.9130903144058812,3.0
2023-09-15,2023-09-15,1.0673,147.83,1.2392,1.3504,0.896,11.1561,0.00122,0.004485,-0.00145,-0.000666,0.001229,-0.0012,88.061749,90.082714,75.275654,89.829648,91.424763,102.946429,76.694365,7.5e-05,6.0,2021-07-01,3.3587499999999997,4.15625,2023-09-15,307.374,3.8,5.33,4.33,5.02,5.32,-0.69,103.3081,579306.0,20720.6,22780.933,121.387,67.8,1.78,258.934,6.0,2023-09-15,12.7,14.17,12.68,13.79,0.0,VIX,0.0756630265210607,6.0,2023-09-15,1.1709878295691878,1.350405770186058,3.40394188758159,1.231793191615956,0.7287924657632905,0.6754575542700196,0.9065997890293438,6.0
2023-09-25,2023-09-25,1.0591,148.74,1.2218,1.3473,0.912,11.0506,-0.006473,0.003373,-0.003182,0.000446,0.006178,-0.005633,87.435244,89.390614,74.815114,88.568322,91.635122,101.140351,77.426565,-0.004682,2.0,2021-07-01,3.3587499999999997,4.15625,2023-09-25,307.374,3.8,5.33,4.55,5.09,5.32,-0.54,103.3081,579306.0,20720.6,22780.933,121.387,67.8,1.78,258.934,2.0,2023-09-25,17.25,18.41,16.79,16.9,0.0,VIX,-0.0174418604651163,2.0,2023-09-25,1.1753034113460283,1.357193899918531,4.7547688968498365,1.2371587012948355,0.7329451705368611,0.6797601104088623,0.9105488041529992,2.0
2023-10-04,2023-10-04,1.0518,148.83,1.2157,1.3739,0.916,11.0579,0.006218,-0.002212,0.007291,0.001385,-0.007154,-0.006398,86.842082,88.774477,74.769872,88.126133,89.86098,100.69869,77.375451,0.005207,4.0,2021-07-01,3.3587499999999997,4.15625,2023-10-04,307.653,3.9,5.33,4.73,5.05,5.34,-0.32,102.5781,594266.0,20687.6,22960.6,121.421,63.8,1.83,255.192,4.0,2023-10-04,20.72,20.88,18.3,18.58,0.0,VIX,-0.0606673407482306,4.0,2023-10-04,1.2035404143001212,1.4028902935304977,49.550122641274434,1.2728336857812508,0.7611826206490326,0.709265143282431,0.9368055927350006,4.0
2023-10-05,2023-10-05,1.0527,148.49,1.2171,1.3736,0.9141,11.0267,0.000856,-0.002284,0.001152,-0.000218,-0.002074,-0.002822,86.939713,88.850439,74.941073,88.227619,89.880606,100.907997,77.594385,0.001124,5.0,2021-07-01,3.3587499999999997,4.15625,2023-10-05,307.653,3.9,5.33,4.72,5.03,5.34,-0.31,102.5781,594266.0,20687.6,22960.6,121.421,63.8,1.83,255.192,5.0,2023-10-05,18.67,19.58,18.26,18.49,0.0,VIX,-0.0048439181916039,5.0,2023-10-05,1.2123595125584217,1.4172838889194277,102.48443823101232,1.284025366512926,0.7701107763915492,0.7186280264345511,0.9450426697535136,5.0
2023-10-09,2023-10-09,1.0596,149.08,1.2255,1.3657,0.9082,10.9401,0.0,0.0,0.0,0.0,0.0,0.0,87.403996,89.432816,74.644486,88.836535,90.400527,101.563532,78.208609,0.0,2.0,2021-07-01,3.3587499999999997,4.15625,2023-10-09,307.653,3.9,5.33,4.78,5.08,5.34,-0.3,102.5781,594266.0,20687.6,22960.6,121.421,63.8,1.83,255.192,2.0,2023-10-09,19.54,19.6,17.56,17.7,0.0,VIX,0.0143266475644698,2.0,2023-10-09,1.2146769256018362,1.4210008289329328,122.39056370060752,1.2869362157965587,0.7724044079919588,0.7210240574588469,0.9471850548262672,2.0
2023-10-13,2023-10-13,1.0502,149.62,1.2139,1.365,0.9018,11.0284,-0.004833,-0.000601,-0.00614,-0.000439,-0.005075,0.005681,86.814171,88.639433,74.375084,87.995651,90.446886,102.28432,77.582424,-0.003475,6.0,2021-07-01,3.3587499999999997,4.15625,2023-10-13,307.653,3.9,5.33,4.63,5.04,5.34,-0.41,102.5781,594266.0,20687.6,22960.6,121.421,63.8,1.83,255.192,6.0,2023-10-13,16.53,20.78,16.5,19.32,0.0,VIX,0.157579388855602,6.0,2023-10-13,1.1905779893737662,1.3816136240445007,16.278298500488994,1.2563241101062306,0.7479707650335685,0.6954040881123834,0.9246545450381858,6.0
2023-10-31,2023-10-31,1.0568,151.46,1.2135,1.3878,0.91,11.1759,-0.004896,0.016442,-0.00181,0.003543,0.009205,0.003349,86.797297,89.196489,73.471544,87.966655,88.960945,101.362637,76.558487,-0.005831,3.0,2021-07-01,3.3587499999999997,4.15625,2023-10-31,307.653,3.9,5.33,4.88,5.07,5.34,-0.19,102.5781,594266.0,20687.6,22960.6,121.421,63.8,1.83,255.192,3.0,2023-10-31,19.86,19.86,17.97,18.14,0.0,VIX,-0.0815189873417721,3.0,2023-10-31,1.2060687199522904,1.4065015271975168,55.81151354278983,1.2758088110187442,0.7633222513994122,0.7114268251168808,0.938995284909796,3.0
2023-12-04,2023-12-04,1.0824,147.15,1.2633,1.3537,0.873,10.4506,-0.004964,0.00102,-0.003864,0.003112,0.002757,0.007296,89.345864,91.357191,75.623513,91.576658,91.201891,105.658648,81.871854,-0.004198,2.0,2021-07-01,3.3587499999999997,4.15625,2023-12-04,308.735,3.8,5.33,4.28,4.64,5.24,-0.36,102.6309,657243.0,20701.5,22960.6,121.602,69.7,1.62,249.866,2.0,2023-12-04,13.28,13.7,12.98,13.08,0.0,VIX,0.0356294536817101,2.0,2023-12-04,1.269839593816612,1.511008756154679,8604.316032206187,1.3568673393136497,0.8283419896837894,0.7798426302190933,0.998654361734846,2.0
2023-12-08,2023-12-08,1.0746,144.88,1.2539,1.3595,0.881,10.4897,-0.004447,0.005413,-0.003418,7.4e-05,0.005937,0.008644,88.963952,90.698852,76.808393,90.895252,90.812799,104.699205,81.56668,-0.004249,6.0,2021-07-01,3.3587499999999997,4.15625,2023-12-08,308.735,3.8,5.33,4.23,4.71,5.24,-0.48,102.6309,657243.0,20701.5,22960.6,121.602,69.7,1.62,249.866,6.0,2023-12-08,13.14,13.24,12.35,12.35,0.0,VIX,-0.054364471669219,6.0,2023-12-08,1.2822886932270805,1.5317048585555462,22519.85031330012,1.3728083672660696,0.8413047984110575,0.7935718274707884,1.010386958307827,6.0
2023-12-12,2023-12-12,1.079,145.45,1.2549,1.3611,0.8757,10.4544,0.004001,-0.006557,-8e-05,0.003169,-0.004321,-0.004713,89.170217,91.070223,76.507391,90.967742,90.706047,105.332877,81.842095,0.003182,3.0,2021-07-01,3.3587499999999997,4.15625,2023-12-12,308.735,3.8,5.33,4.2,4.73,5.24,-0.53,102.6309,657243.0,20701.5,22960.6,121.602,69.7,1.62,249.866,3.0,2023-12-12,12.69,12.74,11.81,12.07,0.0,VIX,-0.0443388756927949,3.0,2023-12-12,1.305519593230848,1.570609010721065,133806.71917945743,1.4026690215872737,0.8657531242329123,0.8195484812999374,1.0323643998882337,3.0
2023-12-21,2023-12-21,1.099,142.16,1.2668,1.3294,0.8577,10.1015,0.003012,-0.011198,0.000632,-0.002102,-0.004411,-0.004425,90.882479,92.758271,78.277997,91.830373,92.868963,107.54343,84.701282,0.003723,5.0,2021-07-01,3.3587499999999997,4.15625,2023-12-21,308.735,3.8,5.33,3.89,4.33,5.24,-0.44,102.6309,657243.0,20701.5,22960.6,121.602,69.7,1.62,249.866,5.0,2023-12-21,13.4,14.49,13.34,13.65,0.0,VIX,-0.0014630577907827,5.0,2023-12-21,1.321711671092389,1.5977528656572693,445305.6181204846,1.4234841349825502,0.882835285105647,0.837730562471644,1.047684323347157,5.0
2024-01-03,2024-01-03,1.0909,143.55,1.2641,1.3358,0.8523,10.3025,-0.004381,0.011699,0.000712,0.003606,0.004715,0.010416,90.27695,92.074612,77.520028,91.63465,92.424016,108.224803,83.048775,-0.004784,4.0,2021-07-01,3.3587499999999997,4.15625,2024-01-03,309.794,3.7,5.33,3.91,4.33,5.22,-0.42,101.483,539834.0,20773.1,23053.545,122.115,79.0,1.62,251.306,4.0,2024-01-03,13.35,14.22,13.33,14.04,0.0,VIX,0.0636363636363637,4.0,2024-01-03,1.360068121280976,1.6627476941028911,7448233.237571073,1.4730686058918605,0.923938018878909,0.8816859530327527,1.0841784939364094,4.0
2024-01-11,2024-01-11,1.0943,146.03,1.2712,1.3439,0.8556,10.3012,-0.001551,0.002403,-0.001414,0.004485,0.004933,0.006586,90.259166,92.36158,76.20352,92.149329,91.866954,107.807387,83.059255,-0.002241,5.0,2021-07-01,3.3587499999999997,4.15625,2024-01-11,309.794,3.7,5.33,3.98,4.26,5.22,-0.28,101.483,539834.0,20773.1,23053.545,122.115,79.0,1.62,251.306,5.0,2024-01-11,12.64,13.31,12.35,12.44,0.0,VIX,-0.0197005516154452,5.0,2024-01-11,1.3605885291122268,1.6634575314124938,7533143.658723965,1.4736648594055812,0.9243529069802036,0.8821013864549089,1.0846173365225078,5.0
2024-01-17,2024-01-17,1.0858,148.39,1.2666,1.3523,0.8667,10.4769,-0.002205,0.009387,0.000711,0.003786,0.007322,0.005355,89.48129,91.644159,74.991576,91.815875,91.29631,106.426676,81.666333,-0.003147,4.0,2021-07-01,3.3587499999999997,4.15625,2024-01-17,309.794,3.7,5.33,4.1,4.34,5.22,-0.24,101.483,539834.0,20773.1,23053.545,122.115,79.0,1.62,251.306,4.0,2024-01-17,14.59,15.4,14.38,14.79,0.0,VIX,0.0686416184971097,4.0,2024-01-17,1.367618503547883,1.6753660756559623,12360156.851394936,1.4827461627736591,0.931892312741896,0.8901769423602225,1.091301175801413,4.0
2024-01-18,2024-01-18,1.0863,148.15,1.2687,1.3503,0.8685,10.4924,0.00046,-0.001617,0.001658,-0.001479,0.002077,0.001479,89.539533,91.686361,75.113061,91.968104,91.431534,106.206102,81.54569,0.000651,5.0,2021-07-01,3.3587499999999997,4.15625,2024-01-18,309.794,3.7,5.33,4.14,4.34,5.22,-0.2,101.483,539834.0,20773.1,23053.545,122.115,79.0,1.62,251.306,5.0,2024-01-18,14.85,14.89,13.89,14.13,0.0,VIX,-0.0446247464503041,5.0,2024-01-18,1.3638736204260933,1.6689243011247856,9364372.879082872,1.4778652932643943,0.9277939374897376,0.8857701117164591,1.0877088558425942,5.0
2024-01-19,2024-01-19,1.0887,148.21,1.2677,1.3467,0.8694,10.4721,0.002209,0.000405,-0.000788,-0.002666,0.001036,-0.001935,89.668372,91.888926,75.082653,91.895614,91.675949,106.096158,81.703765,0.001439,6.0,2021-07-01,3.3587499999999997,4.15625,2024-01-19,309.794,3.7,5.33,4.15,4.39,5.22,-0.24,101.483,539834.0,20773.1,23053.545,122.115,79.0,1.62,251.306,6.0,2024-01-19,13.8,14.58,13.28,13.3,0.0,VIX,-0.0587402689313517,6.0,2024-01-19,1.3768092402820835,1.6911036747970454,23987308.897063263,1.4946911696877232,0.9418941538520832,0.9009248559929222,1.1000927008901644,6.0
2024-01-25,2024-01-25,1.0837,147.69,1.27,1.3489,0.8674,10.4485,-0.005871,0.00258,-0.004234,0.000742,0.004982,0.003265,89.484037,91.466914,75.347011,92.062341,91.526429,106.340789,81.888309,-0.004679,5.0,2021-07-01,3.3587499999999997,4.15625,2024-01-25,309.794,3.7,5.33,4.14,4.28,5.22,-0.14,101.483,539834.0,20773.1,23053.545,122.115,79.0,1.62,251.306,5.0,2024-01-25,13.18,13.58,13.06,13.45,0.0,VIX,0.0235920852359208,5.0,2024-01-25,1.3496751585533842,1.6444947080629595,3211894.1366604283,1.4593529272034476,0.9122581050295886,0.8690756472019693,1.0740837544217374,5.0
2024-01-26,2024-01-26,1.0866,147.94,1.272,1.3456,0.8635,10.4253,0.002676,0.001693,0.001575,-0.002446,-0.004496,-0.00222,89.670329,91.711681,75.219684,92.207321,91.750892,106.821077,82.07054,0.002082,6.0,2021-07-01,3.3587499999999997,4.15625,2024-01-26,309.794,3.7,5.33,4.15,4.34,5.22,-0.19,101.483,539834.0,20773.1,23053.545,122.115,79.0,1.62,251.306,6.0,2024-01-26,13.73,14.1,13.2,13.26,0.0,VIX,-0.0141263940520445,6.0,2024-01-26,1.351367353432201,1.647359600703439,3628412.352736413,1.4615389146047262,0.9140701838866464,0.8710142778940406,1.0756926411490784,6.0
2024-01-31,2024-01-31,1.0855,146.26,1.2733,1.3384,0.8587,10.3475,0.001014,-0.009817,0.003942,-0.001864,-0.00429,-0.005765,89.837899,91.618839,76.083687,92.301559,92.244471,107.41819,82.687606,0.002796,4.0,2021-07-01,3.3587499999999997,4.15625,2024-01-31,309.794,3.7,5.33,3.99,4.27,5.22,-0.28,101.483,539834.0,20773.1,23053.545,122.115,79.0,1.62,251.306,4.0,2024-01-31,13.42,14.61,13.18,14.35,0.0,VIX,0.0781367392937639,4.0,2024-01-31,1.3487555934693922,1.642792296541446,2940309.7800105205,1.4581003841351767,0.9111523393933454,0.8678685110148534,1.07316188272349,4.0
2024-02-01,2024-02-01,1.0865,146.18,1.2727,1.338,0.8579,10.3899,0.000921,-0.000547,-0.000471,-0.000299,-0.000932,0.004098,89.878945,91.703241,76.125325,92.258065,92.272048,107.518359,82.350167,0.000457,5.0,2024-02-01,5.33,5.0,2024-02-01,311.022,3.9,5.33,3.87,4.2,5.24,-0.33,102.7267,544169.0,20861.2,23053.545,122.494,76.9,1.56,254.926,5.0,2024-02-01,14.21,14.63,13.87,13.88,0.0,VIX,-0.032752613240418,5.0,2024-02-01,1.36131284346166,1.6642221936450017,7402867.548159107,1.4743958228459342,0.9247442306733672,0.8824427742182975,1.0851553256146076,5.0
2024-02-06,2024-02-06,1.0751,148.03,1.2589,1.3499,0.8702,10.5323,0.001397,-0.005108,0.004548,-0.002512,-0.001033,-0.008006,88.9008,90.741053,75.173951,91.257702,91.458627,105.998621,81.236767,0.002554,3.0,2021-07-01,3.3587499999999997,4.15625,2024-02-06,311.022,3.9,5.33,4.09,4.39,5.24,-0.3,102.7267,544169.0,20861.2,23053.545,122.494,76.9,1.56,254.926,3.0,2024-02-06,13.57,13.78,12.98,13.06,0.0,VIX,-0.0446232626188733,3.0,2024-02-06,1.3406716097878852,1.628891079080226,1579573.8523984123,1.4475604036280283,0.9023198225907416,0.8583878293098255,1.065404457070229,3.0
2024-02-07,2024-02-07,1.0769,148.04,1.2629,1.347,0.8731,10.4699,0.001674,6.8e-05,0.003177,-0.002148,0.003333,-0.005925,89.047702,90.892978,75.168873,91.547662,91.655531,105.646547,81.720933,0.001652,4.0,2021-07-01,3.3587499999999997,4.15625,2024-02-07,311.022,3.9,5.33,4.09,4.41,5.24,-0.32,102.7267,544169.0,20861.2,23053.545,122.494,76.9,1.56,254.926,4.0,2024-02-07,13.06,13.13,12.81,12.83,0.0,VIX,-0.0176110260336906,4.0,2024-02-07,1.3391010088938882,1.626198043682054,1400138.3575256623,1.4455158295804569,0.9006107368995973,0.8565552983416035,1.0638996505712162,4.0
2024-02-12,2024-02-12,1.0774,149.37,1.2631,1.3437,0.8759,10.4173,-0.000742,-6.7e-05,0.000238,-0.003042,0.001029,-0.005062,89.008366,90.935179,74.499565,91.56216,91.880628,105.308825,82.133566,3.8e-05,2.0,2021-07-01,3.3587499999999997,4.15625,2024-02-12,311.022,3.9,5.33,4.17,4.46,5.24,-0.29,102.7267,544169.0,20861.2,23053.545,122.494,76.9,1.56,254.926,2.0,2024-02-12,13.48,13.94,13.34,13.93,0.0,VIX,0.0773395204949729,2.0,2024-02-12,1.3499473321840407,1.6445564799488486,3084697.587320332,1.4595274765587711,0.9122175323873544,0.86896570389599,1.0742122227472557,2.0
2024-02-13,2024-02-13,1.072,150.72,1.2606,1.3563,0.8863,10.5712,-0.005012,0.009038,-0.001979,0.009377,0.011874,0.014774,88.461141,90.479406,73.832272,91.380935,91.027059,104.073113,80.937831,-0.006148,3.0,2021-07-01,3.3587499999999997,4.15625,2024-02-13,311.022,3.9,5.33,4.31,4.64,5.24,-0.33,102.7267,544169.0,20861.2,23053.545,122.494,76.9,1.56,254.926,3.0,2024-02-13,13.96,17.94,13.43,15.85,0.0,VIX,0.1378320172290021,3.0,2024-02-13,1.3523085860634982,1.6485626692309292,3661417.214070861,1.462581579910898,0.9147531772444928,0.8716798194166746,1.076460042814421,3.0
2024-02-14,2024-02-14,1.0735,150.5,1.2562,1.355,0.8852,10.5249,0.001399,-0.00146,-0.00349,-0.000958,-0.001241,-0.00438,88.538345,90.606009,73.940199,91.061979,91.114391,104.20244,81.293884,0.000873,4.0,2021-07-01,3.3587499999999997,4.15625,2024-02-14,311.022,3.9,5.33,4.27,4.56,5.24,-0.29,102.7267,544169.0,20861.2,23053.545,122.494,76.9,1.56,254.926,4.0,2024-02-14,15.38,15.47,14.22,14.38,0.0,VIX,-0.0927444794952681,4.0,2024-02-14,1.3554465432906648,1.6538982244635398,4600941.191818357,1.466645161450775,0.9181330304598618,0.8753002290053635,1.0794508388277704,4.0
2024-02-15,2024-02-15,1.0761,150.19,1.258,1.3493,0.8808,10.4647,0.002422,-0.00206,0.001433,-0.004207,-0.004971,-0.00572,88.774436,90.825456,74.092816,91.192461,91.499296,104.722979,81.761541,0.002667,5.0,2021-07-01,3.3587499999999997,4.15625,2024-02-15,311.022,3.9,5.33,4.24,4.56,5.24,-0.32,102.7267,544169.0,20861.2,23053.545,122.494,76.9,1.56,254.926,5.0,2024-02-15,14.27,14.64,13.94,14.01,0.0,VIX,-0.0257301808066759,5.0,2024-02-15,1.3593596987901042,1.6605641984050734,6117652.9623347,1.4717176435481512,0.9223589109894992,0.879830119112948,1.0831841856514393,5.0
2024-02-23,2024-02-23,1.0828,150.36,1.2678,1.3502,0.8804,10.3143,0.001202,-0.001726,0.002293,0.000445,-0.001361,-0.002206,89.219543,91.390952,74.009045,91.902863,91.438305,104.770559,82.953763,0.001287,6.0,2021-07-01,3.3587499999999997,4.15625,2024-02-23,311.022,3.9,5.33,4.26,4.67,5.24,-0.41,102.7267,544169.0,20861.2,23053.545,122.494,76.9,1.56,254.926,6.0,2024-02-23,14.31,14.31,13.64,13.75,0.0,VIX,-0.0543328748280604,6.0,2024-02-23,1.387191490897378,1.7081707020356751,45195586.67548275,1.5078679440690037,0.9526038500996664,0.9123216809315612,1.1097908068347868,6.0
2024-02-29,2024-02-29,1.0807,149.9,1.2632,1.3568,0.8833,10.3652,-0.00332,-0.005177,-0.002999,-0.000147,0.005349,0.003126,89.038688,91.213707,74.236157,91.569409,90.993514,104.426582,82.546405,-0.002076,5.0,2021-07-01,3.3587499999999997,4.15625,2024-02-29,311.022,3.9,5.33,4.25,4.64,5.24,-0.39,102.7267,544169.0,20861.2,23053.545,122.494,76.9,1.56,254.926,5.0,2024-02-29,14.14,14.15,13.3,13.4,0.0,VIX,-0.0317919075144508,5.0,2024-02-29,1.3917662922825127,1.7159226112648156,61562642.17250078,1.5137754987817618,0.9575181748318048,0.9175948233400886,1.114138767103377,5.0
2024-03-01,2024-03-01,1.0832,150.2,1.2652,1.3553,0.8844,10.3226,0.002313,0.002001,0.001583,-0.001106,0.001245,-0.00411,89.176111,91.424713,74.087883,91.714389,91.094223,104.296698,82.887063,0.001543,6.0,2024-03-01,5.33,6.0,2024-03-01,312.107,3.9,5.33,4.19,4.54,5.24,-0.35,102.5186,597695.0,20901.4,23053.545,122.912,79.4,1.54,255.095,6.0,2024-03-01,13.34,13.66,13.08,13.11,0.0,VIX,-0.0216417910447761,6.0,2024-03-01,1.3872793471730025,1.708159584151682,44423882.95281331,1.507910785652072,0.9525643855273288,0.9122520285090606,1.109822338239925,6.0
2024-03-15,2024-03-15,1.0888,149.14,1.2742,1.353,0.8837,10.3648,0.0,0.006411,-0.000549,0.001036,0.00034,0.003495,89.600502,91.897367,74.614456,92.3668,91.249076,104.379314,82.549591,-0.001038,6.0,2021-07-01,3.3587499999999997,4.15625,2024-03-15,312.107,3.9,5.33,4.31,4.72,5.24,-0.41,102.5186,597695.0,20901.4,23053.545,122.912,79.4,1.54,255.095,6.0,2024-03-15,14.33,15.53,14.14,14.41,0.0,VIX,0.0006944444444443,6.0,2024-03-15,1.356245499179797,1.654588190473806,4411593.225516359,1.4673833307742623,0.918436982072395,0.8755146248671876,1.0799941314498571,6.0
2024-03-18,2024-03-18,1.0886,149.13,1.2736,1.354,0.8862,10.425,-0.000184,-6.7e-05,-0.000471,0.000739,0.002829,0.005808,89.54953,91.880486,74.61946,92.323306,91.181684,104.084857,82.072902,-0.000569,2.0,2021-07-01,3.3587499999999997,4.15625,2024-03-18,312.107,3.9,5.33,4.34,4.73,5.24,-0.39,102.5186,597695.0,20901.4,23053.545,122.912,79.4,1.54,255.095,2.0,2024-03-18,14.75,14.85,14.26,14.33,0.0,VIX,-0.0055517002081887,2.0,2024-03-18,1.356480819796314,1.6549226211069412,4443712.19840828,1.46765892872727,0.9186357599859862,0.8757166396426149,1.0801969715432709,2.0
2024-03-21,2024-03-21,1.0861,151.59,1.267,1.3536,0.8993,10.4639,0.000461,-0.000462,-0.003382,-0.001917,0.009202,-0.001022,89.141426,91.66948,73.408536,91.844871,91.208629,102.568665,81.767792,-0.000255,5.0,2021-07-01,3.3587499999999997,4.15625,2024-03-21,312.107,3.9,5.33,4.27,4.62,5.24,-0.35,102.5186,597695.0,20901.4,23053.545,122.912,79.4,1.54,255.095,5.0,2024-03-21,12.98,13.08,12.4,12.92,0.0,VIX,-0.00920245398773,5.0,2024-03-21,1.3366162082391977,1.621027081170429,1006162.7418559548,1.4418761655070036,0.897151280432424,0.8526988787772777,1.0612208578131548,5.0
2024-04-08,2024-04-08,1.0853,151.78,1.2655,1.3583,0.9051,10.5628,0.001107,0.001253,0.001741,0.000221,0.005108,-0.006013,88.992559,91.601958,73.316643,91.736136,90.893028,101.911391,81.002196,0.000728,2.0,2021-07-01,3.3587499999999997,4.15625,2024-04-08,313.016,3.9,5.33,4.42,4.78,5.24,-0.36,102.3568,593774.0,20932.5,23223.906,123.234,77.2,1.46,256.978,2.0,2024-04-08,16.24,16.5,15.11,15.19,0.0,VIX,-0.0524017467248909,2.0,2024-04-08,1.388854676288126,1.7099920837969875,43789580.46857353,1.5095757783443844,0.9535563982322608,0.9131734346877124,1.111047772861467,2.0
2024-04-16,2024-04-16,1.0628,154.57,1.2437,1.3824,0.9128,10.9406,-0.001503,0.002075,-0.002326,0.005309,-0.000985,0.005773,87.238046,89.702903,71.993272,90.155854,89.308449,101.051709,78.205034,-0.002078,3.0,2021-07-01,3.3587499999999997,4.15625,2024-04-16,313.016,3.9,5.33,4.67,4.97,5.24,-0.3,102.3568,593774.0,20932.5,23223.906,123.234,77.2,1.46,256.978,3.0,2024-04-16,19.49,19.56,17.64,18.4,0.0,VIX,-0.0431617264690588,3.0,2024-04-16,1.405219712644137,1.7380779949438967,137537835.28293088,1.5308626015147275,0.971438726039705,0.9324298396573604,1.1267148747148394,3.0
2024-04-18,2024-04-18,1.066,154.61,1.2465,1.3755,0.9115,10.9315,0.001503,0.0,0.001768,-0.00355,-0.000658,-0.005549,87.463928,89.972991,71.974646,90.358826,89.756452,101.195831,78.270137,0.001677,5.0,2021-07-01,3.3587499999999997,4.15625,2024-04-18,313.016,3.9,5.33,4.64,4.98,5.24,-0.34,102.3568,593774.0,20932.5,23223.906,123.234,77.2,1.46,256.978,5.0,2024-04-18,17.91,18.37,17.21,18.0,0.0,VIX,-0.0115321252059308,5.0,2024-04-18,1.4049578861299423,1.7375773778031225,134093158.08085684,1.5304995145862497,0.9711095270895252,0.9320664496355509,1.1264476427354797,5.0
2024-04-25,2024-04-25,1.0721,155.52,1.2494,1.3691,0.9134,10.9055,0.003181,0.002643,0.004825,-0.002186,-0.000766,0.001856,87.766665,90.487846,71.553498,90.569047,90.176028,100.98533,78.456742,0.002352,5.0,2021-07-01,3.3587499999999997,4.15625,2024-04-25,313.016,3.9,5.33,4.7,4.96,5.24,-0.26,102.3568,593774.0,20932.5,23223.906,123.234,77.2,1.46,256.978,5.0,2024-04-25,16.25,17.55,15.27,15.37,0.0,VIX,-0.0375704445835943,5.0,2024-04-25,1.4412516513102045,1.800569695842308,1678138451.0916955,1.577990351349231,1.0114132372607294,0.975667704625128,1.1614008985930342,5.0
2024-05-22,2024-05-22,1.0836,156.49,1.2739,1.3667,0.914,10.7284,-0.00175,0.002627,0.002282,0.001686,0.003513,0.00257,88.543192,91.458474,71.109975,92.345053,90.334382,100.919037,79.751874,-0.001443,4.0,2021-07-01,3.3587499999999997,4.15625,2024-05-22,313.14,4.0,5.33,4.43,4.86,5.25,-0.43,102.9797,631832.0,20997.0,23223.906,123.224,69.1,1.47,255.313,4.0,2024-05-22,12.05,12.81,11.78,12.29,0.0,VIX,0.0362563237774029,4.0,2024-05-22,1.4569397813653455,1.8273974126659875,4524261224.198552,1.5983311733200751,1.0285190619997542,0.9941371060951506,1.1763717435635754,4.0
2024-06-06,2024-06-06,1.0883,155.98,1.2786,1.3684,0.8917,10.4094,0.001657,-0.001472,0.001175,-0.001532,-0.002573,-0.001104,89.027145,91.855165,71.34248,92.685756,90.222157,103.442862,82.1959,0.001583,5.0,2021-07-01,3.3587499999999997,4.15625,2024-06-06,313.131,4.1,5.33,4.28,4.72,5.24,-0.44,103.2534,592999.0,21065.4,23223.906,123.369,68.2,1.51,255.914,5.0,2024-06-06,12.75,12.98,12.54,12.58,0.0,VIX,-0.0039588281868567,5.0,2024-06-06,1.435035345373714,1.7886848523971328,945640158.4050418,1.5693784317842612,1.003582505730724,0.9670010258566296,1.1550625257932163,5.0
2024-06-10,2024-06-10,1.0751,156.93,1.2733,1.3755,0.8968,10.496,-0.005182,0.002235,0.000471,0.000582,0.000893,-0.003674,88.18892,90.741053,70.910597,92.301559,89.756452,102.854594,81.517721,-0.003211,2.0,2021-07-01,3.3587499999999997,4.15625,2024-06-10,313.131,4.1,5.33,4.47,4.87,5.24,-0.4,103.2534,592999.0,21065.4,23223.906,123.369,68.2,1.51,255.914,2.0,2024-06-10,13.09,13.28,12.62,12.74,0.0,VIX,0.0425531914893617,2.0,2024-06-10,1.4371487677108157,1.7922764177043673,1080918836.718747,1.5721096185212238,1.0058663040442384,0.9694605221702026,1.1570726792316208,2.0
2024-06-12,2024-06-12,1.0843,155.88,1.2843,1.369,0.8918,10.3076,0.010249,-0.009153,0.009273,-0.005376,-0.007678,-0.019277,88.918155,91.517556,71.388247,93.098949,90.182615,103.431263,83.007684,0.009828,4.0,2021-07-01,3.3587499999999997,4.15625,2024-06-12,313.131,4.1,5.33,4.31,4.75,5.24,-0.44,103.2534,592999.0,21065.4,23223.906,123.369,68.2,1.51,255.914,4.0,2024-06-12,13.1,13.15,11.94,12.04,0.0,VIX,-0.0630350194552529,4.0,2024-06-12,1.4225875289285186,1.7668568290831508,387790588.3634835,1.5529935230211465,0.9895692192636328,0.95179977157981,1.1430032329435638,4.0
2024-06-20,2024-06-20,1.0708,158.77,1.2671,1.3703,0.8912,10.4703,-0.002887,0.006083,-0.002205,-0.001457,0.007917,0.002662,87.877292,90.378123,70.088808,91.85212,90.097059,103.500898,81.717811,-0.002945,5.0,2021-07-01,3.3587499999999997,4.15625,2024-06-20,313.131,4.1,5.33,4.25,4.7,5.24,-0.45,103.2534,592999.0,21065.4,23223.906,123.369,68.2,1.51,255.914,5.0,2024-06-20,12.5,13.55,12.18,13.28,0.0,VIX,0.0641025641025641,5.0,2024-06-20,1.4470968331306848,1.809423205479787,2083365420.71218,1.5850696140500842,1.0168223288695435,0.9813063133187948,1.166611235940862,5.0
2024-06-28,2024-06-28,1.0711,160.88,1.264,1.3684,0.8992,10.5996,0.00028,0.00112,-0.001027,-0.000657,0.001336,-0.001545,87.676485,90.403444,69.169567,91.627401,90.222157,102.580071,80.720971,-1.7e-05,6.0,2021-07-01,3.3587499999999997,4.15625,2024-06-28,313.131,4.1,5.33,4.36,4.71,5.24,-0.35,103.2534,592999.0,21065.4,23223.906,123.369,68.2,1.51,255.914,6.0,2024-06-28,12.24,12.76,11.87,12.44,0.0,VIX,0.0163398692810456,6.0,2024-06-28,1.461033308247164,1.8336669239543264,5288425990.642677,1.6033183024603397,1.0323673375466142,0.9981657408293892,1.1800422706108102,6.0
2024-07-08,2024-07-08,1.0835,160.77,1.2829,1.3637,0.8971,10.5494,0.000646,0.000249,0.001718,0.00044,-0.000557,0.006248,88.501869,91.450034,69.216894,92.997463,90.533108,102.820198,81.105087,0.000314,2.0,2021-07-01,3.3587499999999997,4.15625,2024-07-08,313.566,4.2,5.33,4.28,4.62,5.2,-0.34,102.5192,618432.0,21098.0,23400.294,123.575,66.4,1.59,257.321,2.0,2024-07-08,12.91,12.91,12.31,12.37,0.0,VIX,-0.0088141025641026,2.0,2024-07-08,1.4632647697945382,1.8373391239777928,5956513340.997997,1.606148090943866,1.0346802601445724,1.000639410960524,1.1821249949346857,2.0
2024-07-17,2024-07-17,1.0933,156.56,1.3008,1.3683,0.8846,10.5445,0.00441,-0.012676,0.003859,-0.000219,-0.011951,-0.007072,89.412041,92.277178,71.078181,94.295034,90.228751,104.273118,81.142776,0.005282,4.0,2021-07-01,3.3587499999999997,4.15625,2024-07-17,313.566,4.2,5.33,4.16,4.42,5.2,-0.26,102.5192,618432.0,21098.0,23400.294,123.575,66.4,1.59,257.321,4.0,2024-07-17,13.6,14.88,13.54,14.48,0.0,VIX,0.0978013646702047,4.0,2024-07-17,1.4696162167383977,1.8482878430598355,8911302802.461586,1.614418915813236,1.0416842076144364,1.0082242823079188,1.188212322038542,4.0
2024-07-19,2024-07-19,1.0888,157.38,1.2922,1.3723,0.8884,10.6776,-0.002291,0.002612,-0.003931,0.002045,0.002935,0.010371,88.986246,91.897367,70.707841,93.67162,89.965751,103.827105,80.131303,-0.002838,6.0,2021-07-01,3.3587499999999997,4.15625,2024-07-19,313.566,4.2,5.33,4.25,4.49,5.2,-0.24,102.5192,618432.0,21098.0,23400.294,123.575,66.4,1.59,257.321,6.0,2024-07-19,16.44,17.19,10.62,16.52,0.0,VIX,0.0370370370370369,6.0,2024-07-19,1.479786793146869,1.8661695266957077,17641661563.74919,1.6278132767913067,1.0531996450326258,1.0207629875998927,1.1980705717184017,6.0
2024-07-23,2024-07-23,1.0855,156.02,1.2916,1.3763,0.8915,10.7632,-0.002298,-0.006748,0.000387,0.000509,0.001685,0.002907,88.840904,91.618839,71.324189,93.628126,89.70428,103.466068,79.494017,-0.000809,3.0,2021-07-01,3.3587499999999997,4.15625,2024-07-23,313.566,4.2,5.33,4.25,4.4,5.2,-0.15,102.5192,618432.0,21098.0,23400.294,123.575,66.4,1.59,257.321,3.0,2024-07-23,15.21,15.35,13.9,14.72,0.0,VIX,-0.0127431254191817,3.0,2024-07-23,1.5013127080893334,1.904181290469381,73772611802.3212,1.6562244566977564,1.0777313038455678,1.047532005909679,1.2189812001295488,3.0
2024-07-26,2024-07-26,1.0859,153.86,1.2864,1.3832,0.8826,10.811,-0.000184,-0.000714,-0.001552,0.001666,0.002727,0.000926,88.933748,91.6526,72.325491,93.251178,89.256796,104.509404,79.14254,-0.000526,6.0,2021-07-01,3.3587499999999997,4.15625,2024-07-26,313.566,4.2,5.33,4.2,4.36,5.2,-0.16,102.5192,618432.0,21098.0,23400.294,123.575,66.4,1.59,257.321,6.0,2024-07-26,17.97,18.05,16.37,16.39,0.0,VIX,-0.1121343445287107,6.0,2024-07-26,1.519267380952689,1.9360601827392632,239781767651.66583,1.6799873035306556,1.0983602585001746,1.070102472675852,1.2364706553985625,6.0
2024-08-02,2024-08-02,1.0914,146.98,1.2798,1.3846,0.8605,10.5672,0.011586,-0.020525,0.002036,7.2e-05,-0.015897,-0.01266,89.769731,92.116813,75.710981,92.772744,89.166546,107.193492,80.968468,0.010642,6.0,2021-07-01,3.3587499999999997,4.15625,2024-08-02,314.131,4.2,5.33,3.8,3.88,5.05,-0.08,103.0196,622421.0,21185.0,23400.294,123.727,67.9,1.73,255.463,6.0,2024-08-02,20.52,29.66,20.01,23.39,0.0,VIX,0.2582033351264121,6.0,2024-08-02,1.525095715993429,1.9462810882736552,343459027916.4171,1.687643838158328,1.1049520472642351,1.0772981120647558,1.2421058648845296,6.0
2024-08-08,2024-08-08,1.0914,147.08,1.2741,1.3742,0.8656,10.5292,-0.001007,-0.002306,0.001808,0.000947,0.000462,0.007444,89.764505,92.116813,75.659505,92.359551,89.841362,106.561922,81.260685,-0.000499,5.0,2021-07-01,3.3587499999999997,4.15625,2024-08-08,314.131,4.2,5.33,3.99,4.04,5.05,-0.05,103.0196,622421.0,21185.0,23400.294,123.727,67.9,1.73,255.463,5.0,2024-08-08,28.34,29.47,23.36,23.79,0.0,VIX,-0.1457809694793537,5.0,2024-08-08,1.5490422761276548,1.989036585431609,1598539327843.649,1.719422031364925,1.1327032830114734,1.10775609118102,1.265494615084585,5.0
2024-08-09,2024-08-09,1.0925,146.49,1.2766,1.3725,0.8639,10.5073,0.001008,-0.004011,0.001962,-0.001237,-0.001964,-0.00208,89.90578,92.209656,75.96423,92.540776,89.952641,106.771617,81.430053,0.001574,6.0,2021-07-01,3.3587499999999997,4.15625,2024-08-09,314.131,4.2,5.33,3.94,4.05,5.05,-0.11,103.0196,622421.0,21185.0,23400.294,123.727,67.9,1.73,255.463,6.0,2024-08-09,23.78,24.52,20.26,20.37,0.0,VIX,-0.1437578814627994,6.0,2024-08-09,1.54720497453568,1.9857075274249036,1414881758944.1462,1.7169633850813948,1.130531412825173,1.105362140838551,1.2636850514199067,6.0
2024-08-15,2024-08-15,1.0986,148.91,1.2863,1.3701,0.8712,10.5105,-0.003447,0.013959,0.00109,0.000365,0.008567,0.006387,90.099206,92.72451,74.729703,93.243929,90.110211,105.876951,81.405261,-0.004112,5.0,2021-07-01,3.3587499999999997,4.15625,2024-08-15,314.131,4.2,5.33,3.92,4.08,5.05,-0.16,103.0196,622421.0,21185.0,23400.294,123.727,67.9,1.73,255.463,5.0,2024-08-15,16.27,16.68,14.77,15.23,0.0,VIX,-0.0592958616429895,5.0,2024-08-15,1.5625026514391456,2.0130841409611975,3708878290594.251,1.7372839658954975,1.148328509563381,1.1249286211735472,1.2786409988990863,5.0
2024-08-20,2024-08-20,1.1106,145.7,1.3027,1.3631,0.8576,10.24,0.003252,-0.004917,0.003312,-0.00205,-0.006142,-0.008751,91.24085,93.73734,76.376115,94.432765,90.572959,107.55597,83.555664,0.00368,3.0,2021-07-01,3.3587499999999997,4.15625,2024-08-20,314.131,4.2,5.33,3.82,3.99,5.05,-0.17,103.0196,622421.0,21185.0,23400.294,123.727,67.9,1.73,255.463,3.0,2024-08-20,14.89,15.93,14.78,15.88,0.0,VIX,0.0839590443686006,3.0,2024-08-20,1.5721237723145711,2.0303212693741925,6738025215714.916,1.7500691761500926,1.1595444897582357,1.1372728417483962,1.2880509136464682,3.0
2024-08-21,2024-08-21,1.1143,145.19,1.3077,1.3583,0.8515,10.1957,0.003332,-0.0035,0.003838,-0.003521,-0.007113,-0.004326,91.57246,94.049629,76.644397,94.795216,90.893028,108.326483,83.918711,0.003634,4.0,2021-07-01,3.3587499999999997,4.15625,2024-08-21,314.131,4.2,5.33,3.79,3.92,5.05,-0.13,103.0196,622421.0,21185.0,23400.294,123.727,67.9,1.73,255.463,4.0,2024-08-21,16.25,17.17,15.92,16.27,0.0,VIX,0.0245591939546598,4.0,2024-08-21,1.5635830922406069,2.014868849496027,3894881808034.574,1.7386547053554675,1.149458585781047,1.1261454180133834,1.2796498631416242,4.0
2024-08-22,2024-08-22,1.1114,145.97,1.3094,1.3605,0.8518,10.2414,-0.002603,0.005372,0.0013,0.00162,0.000352,0.004482,91.359963,93.804862,76.234843,94.918449,90.746049,108.288331,83.544242,-0.002321,5.0,2021-07-01,3.3587499999999997,4.15625,2024-08-22,314.131,4.2,5.33,3.86,3.99,5.05,-0.13,103.0196,622421.0,21185.0,23400.294,123.727,67.9,1.73,255.463,5.0,2024-08-22,16.27,18.06,15.76,17.55,0.0,VIX,0.0786724031960663,5.0,2024-08-22,1.5524180965593657,1.9947280803710048,1895858714736.866,1.7237555011945362,1.1363309646235848,1.1116820176430926,1.2686840488791788,5.0
2024-08-28,2024-08-28,1.1127,144.47,1.3201,1.3462,0.842,10.1862,-0.002957,0.001456,-0.002569,0.000595,-0.002251,0.000432,91.77522,93.914585,77.026372,95.694092,91.709999,109.548694,83.996976,-0.002203,4.0,2021-07-01,3.3587499999999997,4.15625,2024-08-28,314.131,4.2,5.33,3.84,3.83,5.05,0.01,103.0196,622421.0,21185.0,23400.294,123.727,67.9,1.73,255.463,4.0,2024-08-28,15.51,17.89,15.46,17.11,0.0,VIX,0.1088788075178224,4.0,2024-08-28,1.5192568017140209,1.9351728513542104,214430560946.22852,1.6795964272657815,1.09760906902093,1.069129247591127,1.2361829704676153,4.0
2024-09-04,2024-09-04,1.1081,144.31,1.3142,1.3519,0.8482,10.2727,0.003441,-0.010355,0.002976,-0.001772,-0.00247,-0.00327,91.418586,93.526334,77.111773,95.266401,91.323323,108.747937,83.28969,0.003985,4.0,2021-07-01,3.3587499999999997,4.15625,2024-09-04,314.851,4.1,5.13,3.77,3.76,4.72,0.01,102.5954,579083.0,21272.0,23400.294,123.939,70.1,1.7,252.682,4.0,2024-09-04,23.2,23.31,19.34,21.32,0.0,VIX,0.028957528957529,4.0,2024-09-04,1.5377609546744733,1.9680635847332908,702782139941.4114,1.7040935934969,1.1189171001456153,1.092474468733391,1.2542128848137186,4.0
2024-09-09,2024-09-09,1.1042,142.92,1.3083,1.356,0.848,10.3666,-0.003969,0.005558,-0.004035,-7.4e-05,0.00617,0.007748,91.224195,93.197164,77.861741,94.83871,91.047198,108.773585,82.535257,-0.004028,2.0,2021-07-01,3.3587499999999997,4.15625,2024-09-09,314.851,4.1,5.13,3.7,3.68,4.72,0.02,102.5954,579083.0,21272.0,23400.294,123.939,70.1,1.7,252.682,2.0,2024-09-09,21.32,21.41,19.29,19.45,0.0,VIX,-0.1309204647006255,2.0,2024-09-09,1.5590690125923812,2.0062115030830987,2736305670823.947,1.7324092508642646,1.1437103252535974,1.119721370841135,1.2750532086360988,2.0
2024-09-11,2024-09-11,1.1012,141.72,1.3027,1.3595,0.8505,10.3863,-0.001179,-0.003936,-0.002909,-0.000882,0.005438,-5.8e-05,91.080287,92.943957,78.521027,94.432765,90.812799,108.453851,82.37871,-0.000743,4.0,2021-07-01,3.3587499999999997,4.15625,2024-09-11,314.851,4.1,5.13,3.65,3.62,4.72,0.03,102.5954,579083.0,21272.0,23400.294,123.939,70.1,1.7,252.682,4.0,2024-09-11,19.41,21.41,17.55,17.69,0.0,VIX,-0.0728511530398321,4.0,2024-09-11,1.5744369982929065,2.033896423478752,7248305124161.785,1.7528975172061767,1.1617541778858422,1.1396047556669235,1.290132572663746,4.0
2024-09-12,2024-09-12,1.1041,142.24,1.3081,1.3595,0.8527,10.3213,0.002633,0.003669,0.004145,0.0,0.002587,-0.006258,91.240531,93.188724,78.233971,94.824212,90.812799,108.174035,82.897503,0.001759,5.0,2021-07-01,3.3587499999999997,4.15625,2024-09-12,314.851,4.1,5.13,3.68,3.64,4.72,0.04,102.5954,579083.0,21272.0,23400.294,123.939,70.1,1.7,252.682,5.0,2024-09-12,17.62,18.59,16.89,17.07,0.0,VIX,-0.035048049745619,5.0,2024-09-12,1.579179659191111,2.0424511784512,9758891585090.062,1.7592237478252786,1.167334693507826,1.1457601191773408,1.2947886783994051,5.0
2024-09-16,2024-09-16,1.1123,140.79,1.3202,1.3599,0.8453,10.198,0.003428,0.000924,0.004718,0.001325,-0.003066,-0.001107,91.926896,93.880824,79.039705,95.701341,90.786087,109.121022,83.899784,0.002544,2.0,2021-07-01,3.3587499999999997,4.15625,2024-09-16,314.851,4.1,5.13,3.63,3.56,4.72,0.07,102.5954,579083.0,21272.0,23400.294,123.939,70.1,1.7,252.682,2.0,2024-09-16,17.16,17.69,16.91,17.14,0.0,VIX,0.0350241545893721,2.0,2024-09-16,1.5952495066043806,2.0714954028453643,26501017462042.16,1.7806795148565513,1.1863020713415646,1.1667053872074995,1.3105801229344218,2.0
2024-09-23,2024-09-23,1.113,143.59,1.3351,1.3502,0.8475,10.1864,-0.002599,-0.002154,0.003457,-0.004644,-0.002472,-0.000294,91.933013,93.939905,77.498433,96.781443,91.438305,108.837758,83.995327,-0.000318,2.0,2021-07-01,3.3587499999999997,4.15625,2024-09-23,314.851,4.1,5.13,3.75,3.57,4.72,0.18,102.5954,579083.0,21272.0,23400.294,123.939,70.1,1.7,252.682,2.0,2024-09-23,16.71,16.95,15.75,15.89,0.0,VIX,-0.0160990712074302,2.0,2024-09-23,1.556383000206833,2.0009933435994895,2196941643029.4355,1.728663759659915,1.1402336777032107,1.1158265321760237,1.2722965271096975,2.0
2024-09-25,2024-09-25,1.1143,144.41,1.3338,1.3466,0.8495,10.1756,-0.000628,0.004452,-0.002841,-0.000297,0.004256,0.00466,91.941916,94.049629,77.058375,96.687206,91.682757,108.581519,84.084477,-0.001565,4.0,2021-07-01,3.3587499999999997,4.15625,2024-09-25,314.851,4.1,5.13,3.79,3.53,4.72,0.26,102.5954,579083.0,21272.0,23400.294,123.939,70.1,1.7,252.682,4.0,2024-09-25,15.82,15.82,15.17,15.41,0.0,VIX,0.0012995451591941,4.0,2024-09-25,1.568770203770145,2.023269940629569,4821487211851.162,1.745163201315705,1.154741344002116,1.1318013331885075,1.284440116168359,4.0
2024-10-03,2024-10-03,1.1015,146.82,1.3114,1.3533,0.854,10.3156,-0.003167,0.005272,-0.01183,0.00356,0.005297,0.005831,90.844548,92.969278,75.793489,95.063429,91.228848,108.009368,82.943309,-0.004715,5.0,2021-07-01,3.3587499999999997,4.15625,2024-10-03,315.564,4.1,4.83,3.85,3.7,4.51,0.15,102.2138,622738.0,21323.2,23542.349,124.265,70.5,1.53,253.081,5.0,2024-10-03,19.63,20.75,19.16,20.49,0.0,VIX,0.084126984126984,5.0,2024-10-03,1.551049280940658,1.9911288356999348,1507009813729.7998,1.7214402191649223,1.1337567401150352,1.1086513791573849,1.266980001305383,5.0
2024-10-16,2024-10-16,1.0873,149.71,1.3,1.3772,0.8642,10.4995,-0.002386,0.003284,-0.006344,-0.002246,0.002436,0.010772,89.6059,91.770763,74.330372,94.237042,89.645658,106.734552,81.490547,-0.002883,4.0,2021-07-01,3.3587499999999997,4.15625,2024-10-16,315.564,4.1,4.83,4.02,3.93,4.51,0.09,102.2138,622738.0,21323.2,23542.349,124.265,70.5,1.53,253.081,4.0,2024-10-16,20.77,21.01,19.45,19.58,0.0,VIX,-0.0513565891472869,4.0,2024-10-16,1.546129754893692,1.9819426255486652,1049909062168.7024,1.7147387975667336,1.1277096208356412,1.101940366736429,1.262047755009116,4.0
2024-10-24,2024-10-24,1.0806,151.87,1.2964,1.3858,0.8668,10.5804,0.002505,-0.006151,0.001545,0.001445,0.000346,-0.001387,89.017022,91.205267,73.273194,93.976078,89.089335,106.414398,80.867453,0.002269,5.0,2021-07-01,3.3587499999999997,4.15625,2024-10-24,315.564,4.1,4.83,4.21,4.07,4.51,0.14,102.2138,622738.0,21323.2,23542.349,124.265,70.5,1.53,253.081,5.0,2024-10-24,18.87,20.24,18.63,19.08,0.0,VIX,-0.0083160083160083,5.0,2024-10-24,1.5340044855642037,1.9600033247521096,465081875487.9813,1.6985220333610982,1.1134110695468469,1.0861976555818749,1.2501122165537684,5.0
2024-10-30,2024-10-30,1.0864,153.15,1.3012,1.3911,0.8664,10.6671,0.006112,-0.002085,0.000538,0.000144,-0.002303,0.000844,89.200389,91.694801,72.66079,94.32403,88.74991,106.463527,80.210179,0.003966,4.0,2021-07-01,3.3587499999999997,4.15625,2024-10-30,315.564,4.1,4.83,4.29,4.15,4.51,0.14,102.2138,622738.0,21323.2,23542.349,124.265,70.5,1.53,253.081,4.0,2024-10-30,19.33,20.44,19.3,20.35,0.0,VIX,0.0522233712512927,4.0,2024-10-30,1.5324996161451907,1.9571522992963024,413176247432.43427,1.6964535174482511,1.1115279398742055,1.0841034958093645,1.2485897888419129,4.0
2024-11-07,2024-11-07,1.0792,153.13,1.2985,1.3866,0.8724,10.7078,0.005591,-0.00938,0.006823,-0.004523,-0.004223,-0.013106,88.8154,91.087103,72.67028,94.128307,89.037935,105.731316,79.905303,0.006311,5.0,2021-07-01,3.3587499999999997,4.15625,2024-11-07,316.449,4.2,4.64,4.31,4.21,4.42,0.1,101.9503,630399.0,21424.2,23542.349,124.399,71.8,1.42,253.211,5.0,2024-11-07,15.86,15.86,15.13,15.2,0.0,VIX,-0.0657652120467117,5.0,2024-11-07,1.545022690192337,1.979363998085815,907596229689.1312,1.7130093382451863,1.1259126709599026,1.0998623765909648,1.2607748729484571,5.0
2024-11-12,2024-11-12,1.0598,154.73,1.2733,1.3956,0.8827,10.9327,-0.010458,0.014091,-0.013328,0.002514,0.008224,0.008226,87.386969,89.449696,71.918826,92.301559,88.463743,104.497564,78.261546,-0.010294,3.0,2021-07-01,3.3587499999999997,4.15625,2024-11-12,316.449,4.2,4.64,4.43,4.34,4.42,0.09,101.9503,630399.0,21424.2,23542.349,124.399,71.8,1.42,253.211,3.0,2024-11-12,15.09,15.37,14.69,14.71,0.0,VIX,-0.0173680694722778,3.0,2024-11-12,1.5681796738982654,2.020884463204262,3950766918602.091,1.7438058041801816,1.1529167657140822,1.1295592701197623,1.2834410718766136,3.0
2024-11-21,2024-11-21,1.0475,154.66,1.2586,1.396,0.8866,11.0785,-0.004372,-0.004634,-0.004193,-0.002501,0.001242,0.003787,86.604501,88.411546,71.951377,91.235955,88.438395,104.037898,77.231575,-0.002543,5.0,2021-07-01,3.3587499999999997,4.15625,2024-11-21,316.449,4.2,4.64,4.43,4.34,4.42,0.09,101.9503,630399.0,21424.2,23542.349,124.399,71.8,1.42,253.211,5.0,2024-11-21,17.1,17.99,15.73,16.87,0.0,VIX,-0.0168997668997668,5.0,2024-11-21,1.5931047253404809,2.0657428097479835,18551503516870.375,1.7770095178625365,1.1821588809700962,1.1617964584821532,1.3078790051468268,5.0
2024-12-02,2024-12-02,1.0484,149.26,1.2639,1.4069,0.8866,11.0098,-0.005973,-0.007646,-0.004725,0.003925,0.004988,0.007845,87.005884,88.487508,74.554469,91.620152,87.753216,104.037898,77.713492,-0.004077,2.0,2021-07-01,3.3587499999999997,4.15625,2024-12-02,317.603,4.1,4.48,4.19,4.17,4.27,0.02,103.0447,691312.0,21441.9,23542.349,124.769,74.0,1.41,253.423,2.0,2024-12-02,14.08,14.1,13.3,13.34,0.0,VIX,-0.0133136094674556,2.0,2024-12-02,1.5583831365926473,2.0026874552338514,1973762298062.4424,1.7305062608311437,1.1409491353439114,1.1162821735626496,1.273652607971722,2.0
2024-12-18,2024-12-18,1.0469,154.0,1.2696,1.4335,0.8937,10.9711,-0.003522,0.003846,-0.00173,0.001607,0.000784,0.003825,86.503626,88.360905,72.25974,92.033345,86.124869,103.211368,77.987622,-0.00305,4.0,2021-07-01,3.3587499999999997,4.15625,2024-12-18,317.603,4.1,4.48,4.5,4.35,4.27,0.15,103.0447,691312.0,21441.9,23542.349,124.769,74.0,1.41,253.423,4.0,2024-12-18,15.57,28.32,14.82,27.62,0.0,VIX,0.7403906742281035,4.0,2024-12-18,1.5584641678638875,2.0023975968947094,1880053359500.806,1.7304260108988805,1.1406717865568914,1.115901043924606,1.2735935440215762,4.0
2024-12-27,2024-12-27,1.0423,157.73,1.2573,1.4433,0.9018,10.9947,0.0,-0.001772,0.004073,0.002013,0.002,-0.004049,85.847873,87.972654,70.550941,91.141718,85.540082,102.28432,77.820222,0.000597,6.0,2021-07-01,3.3587499999999997,4.15625,2024-12-27,317.603,4.1,4.48,4.62,4.31,4.27,0.31,103.0447,691312.0,21441.9,23542.349,124.769,74.0,1.41,253.423,6.0,2024-12-27,15.38,18.45,15.29,15.95,0.0,VIX,0.082824168363883,6.0,2024-12-27,1.5666788774967226,2.016942912028278,3085560115929.7393,1.741270583513629,1.1500958925191314,1.1262352039034362,1.281575149466031,6.0
2025-01-06,2025-01-06,1.0397,157.54,1.253,1.4359,0.9043,11.0392,0.010202,0.002163,0.008938,-0.006641,-0.005827,-0.007409,85.712712,87.753207,70.636029,90.830011,85.980918,102.001548,77.506522,0.008032,2.0,2021-07-01,3.3587499999999997,4.15625,2025-01-06,319.086,4.0,4.33,4.62,4.28,4.21,0.34,102.9343,566662.0,21519.8,23512.717,125.239,71.7,1.45,257.36,2.0,2025-01-06,16.77,16.87,15.71,16.04,0.0,VIX,-0.0055796652200867,2.0,2025-01-06,1.595654292291185,2.0690781849622475,18646675636044.375,1.779866051065651,1.1840760252293578,1.1636888506208642,1.3099814135843193,2.0
2025-01-08,2025-01-08,1.0313,158.31,1.2366,1.4375,0.9107,11.1543,-0.005401,0.003105,-0.010641,0.002371,0.003416,0.005952,85.048038,87.044227,70.292464,89.641174,85.885217,101.284726,76.706741,-0.005459,4.0,2021-07-01,3.3587499999999997,4.15625,2025-01-08,319.086,4.0,4.33,4.67,4.28,4.21,0.39,102.9343,566662.0,21519.8,23512.717,125.239,71.7,1.45,257.36,4.0,2025-01-08,17.91,19.5,17.37,18.07,0.0,VIX,0.0140291806958474,4.0,2025-01-08,1.5706894389465085,2.0238448624426257,3826753133223.461,1.746478474524883,1.1545275575948364,1.131060896945529,1.285408157250314,4.0
2025-01-14,2025-01-14,1.0292,157.95,1.2188,1.4369,0.9139,11.191,0.00813,0.002793,0.002468,-0.002914,-0.005766,-0.007767,84.794116,86.866982,70.452675,88.350852,85.92108,100.93008,76.455187,0.005589,3.0,2021-07-01,3.3587499999999997,4.15625,2025-01-14,319.086,4.0,4.33,4.78,4.37,4.21,0.41,102.9343,566662.0,21519.8,23512.717,125.239,71.7,1.45,257.36,3.0,2025-01-14,18.79,19.66,18.24,18.71,0.0,VIX,-0.0250130276185513,3.0,2025-01-14,1.5720096075218946,2.0260614412733142,4078956964426.4146,1.7481688194326188,1.1559391065314355,1.1325878578908204,1.2866522511024077,3.0
2025-01-22,2025-01-22,1.042,156.62,1.2324,1.4361,0.907,10.9979,-0.000288,0.007267,-0.000568,0.002303,0.00011,0.000282,85.703459,87.947333,71.050951,89.336716,85.968944,101.697905,77.79758,-0.001284,4.0,2021-07-01,3.3587499999999997,4.15625,2025-01-22,319.086,4.0,4.33,4.6,4.29,4.21,0.31,102.9343,566662.0,21519.8,23512.717,125.239,71.7,1.45,257.36,4.0,2025-01-22,14.89,15.29,14.59,15.1,0.0,VIX,0.0026560424966799,4.0,2025-01-22,1.583255056143174,2.046158801723526,8098908311494.169,1.76309038101253,1.1690072371905005,1.1469636734320827,1.2976345204252222,4.0
2025-01-28,2025-01-28,1.0427,155.65,1.2433,1.4392,0.9051,11.0081,-0.006195,0.009272,-0.003686,0.000278,0.004997,0.006078,85.879543,88.006415,71.493736,90.126858,85.783769,101.911391,77.725493,-0.005629,3.0,2021-07-01,3.3587499999999997,4.15625,2025-01-28,319.086,4.0,4.33,4.55,4.19,4.21,0.36,102.9343,566662.0,21519.8,23512.717,125.239,71.7,1.45,257.36,3.0,2025-01-28,18.29,18.39,16.25,16.41,0.0,VIX,-0.083240223463687,3.0,2025-01-28,1.5814223049104128,2.0426768851555654,7068960542309.763,1.7605697410597363,1.1667000572422133,1.1443881801034053,1.295779329419966,3.0
2025-01-31,2025-01-31,1.04,154.91,1.2447,1.4459,0.9088,11.0513,-0.001919,0.003173,-0.000482,0.003331,0.00033,0.003459,85.742933,87.778528,71.835259,90.228344,85.386265,101.496479,77.421661,-0.001999,6.0,2021-07-01,3.3587499999999997,4.15625,2025-01-31,319.086,4.0,4.33,4.58,4.22,4.21,0.36,102.9343,566662.0,21519.8,23512.717,125.239,71.7,1.45,257.36,6.0,2025-01-31,15.45,17.09,14.9,16.43,0.0,VIX,0.0372474747474746,6.0,2025-01-31,1.5939002190096865,2.065192497804368,15356714695988.494,1.7772163527271987,1.1813916048650488,1.160598010230322,1.3080312356072183,6.0
2025-02-05,2025-02-05,1.0419,152.33,1.2516,1.428,0.9009,10.8861,0.003854,-0.014428,0.002322,-0.002654,-0.00541,-0.00734,86.239077,87.938893,73.051927,90.728525,86.456583,102.386502,78.596559,0.004986,4.0,2021-07-01,3.3587499999999997,4.15625,2025-02-05,319.775,4.1,4.33,4.43,4.17,4.22,0.26,104.0003,543970.0,21613.5,23512.717,125.772,64.7,1.47,259.529,4.0,2025-02-05,17.54,17.75,15.77,15.77,0.0,VIX,-0.0836722835560721,4.0,2025-02-05,1.6162513430000656,2.105706757296314,60781026620617.67,1.8071028088177168,1.2078862132109085,1.1898953226507394,1.3300276672898397,4.0
2025-02-10,2025-02-10,1.0312,151.72,1.2385,1.4317,0.911,10.9179,-0.001646,0.002776,-0.000887,0.000419,0.000989,-0.002148,85.575016,87.035787,73.345637,89.778905,86.233149,101.251372,78.367635,-0.001396,2.0,2021-07-01,3.3587499999999997,4.15625,2025-02-10,319.775,4.1,4.33,4.51,4.28,4.22,0.23,104.0003,543970.0,21613.5,23512.717,125.772,64.7,1.47,259.529,2.0,2025-02-10,16.58,16.61,15.7,15.81,0.0,VIX,-0.0441354292623941,2.0,2025-02-10,1.5886524543906573,2.055400065643485,10677284896744.092,1.770076752301667,1.174934719626615,1.1534153015270578,1.3027764896940268,2.0
2025-02-20,2025-02-20,1.0475,149.63,1.2643,1.4195,0.8993,10.6603,0.006631,-0.01345,0.005727,-0.00281,-0.006737,-0.008704,86.923743,88.411546,74.370113,91.649148,86.974287,102.568665,80.261343,0.007068,5.0,2021-07-01,3.3587499999999997,4.15625,2025-02-20,319.775,4.1,4.33,4.5,4.28,4.22,0.22,104.0003,543970.0,21613.5,23512.717,125.772,64.7,1.47,259.529,5.0,2025-02-20,15.61,16.63,15.12,15.66,0.0,VIX,0.025540275049116,5.0,2025-02-20,1.5686523436652524,2.018990358610575,2908218511728.8643,1.7432510683024705,1.1511227938758166,1.1271031457460148,1.2830327862706183,5.0
2025-02-27,2025-02-27,1.0414,149.8,1.2628,1.4419,0.8981,10.7329,-0.009511,0.004493,-0.005356,0.005089,0.005598,0.011259,86.461946,87.896691,74.285714,91.540413,85.623136,102.705712,79.718436,-0.007897,5.0,2021-07-01,3.3587499999999997,4.15625,2025-02-27,319.775,4.1,4.33,4.29,4.07,4.22,0.22,104.0003,543970.0,21613.5,23512.717,125.772,64.7,1.47,259.529,5.0,2025-02-27,18.25,21.47,17.67,21.13,0.0,VIX,0.1062827225130889,5.0,2025-02-27,1.5945310463069902,2.065578475870549,14588973710266.57,1.777734110849556,1.1814890386578871,1.1605725484527902,1.3084123055852732,5.0
2025-02-28,2025-02-28,1.0402,150.64,1.2591,1.4433,0.9019,10.7191,-0.001152,0.005607,-0.00293,0.000971,0.004231,-0.001286,86.296528,87.795409,73.871482,91.2722,85.540082,102.272979,79.821067,-0.001913,6.0,2021-07-01,3.3587499999999997,4.15625,2025-02-28,319.775,4.1,4.33,4.24,3.99,4.22,0.25,104.0003,543970.0,21613.5,23512.717,125.772,64.7,1.47,259.529,6.0,2025-02-28,21.21,22.4,19.05,19.63,0.0,VIX,-0.0709891150023662,6.0,2025-02-28,1.592175500257644,2.0612797410879207,12541776167200.24,1.7745710900483744,1.1786736408646743,1.1574568444911788,1.3060843222756036,6.0
2025-03-03,2025-03-03,1.0496,150.16,1.2711,1.4399,0.8972,10.5249,0.009037,-0.003186,0.009531,-0.002356,-0.005211,-0.018117,86.988673,88.588791,74.107619,92.14208,85.742065,102.808738,81.293884,0.008021,2.0,2021-07-01,3.3587499999999997,4.15625,2025-03-03,319.615,4.2,4.33,4.16,3.96,4.2,0.2,103.7483,624954.0,21706.4,23512.717,125.791,57.0,1.65,258.573,2.0,2025-03-03,19.83,24.31,19.25,22.78,0.0,VIX,0.1604686704024454,2.0,2025-03-03,1.5918826280006704,2.0606648812110704,12189486637483.871,1.7741432069421648,1.1782546715564732,1.156979251249966,1.3057694003094331,2.0
2025-03-06,2025-03-06,1.0818,147.9,1.2894,1.4282,0.8841,10.1498,0.004643,-0.006182,0.002332,-0.00647,-0.006629,-0.008721,89.110913,91.30655,75.240027,93.468648,86.444476,104.332089,84.298213,0.00495,5.0,2021-07-01,3.3587499999999997,4.15625,2025-03-06,319.615,4.2,4.33,4.29,3.96,4.2,0.33,103.7483,624954.0,21706.4,23512.717,125.791,57.0,1.65,258.573,5.0,2025-03-06,22.6,25.92,22.39,24.87,0.0,VIX,0.1340629274965801,5.0,2025-03-06,1.6050782067557443,2.0845334668284123,27549683104766.875,1.7917689288995668,1.193847478433515,1.1742036350944929,1.3187419316700812,5.0
2025-03-07,2025-03-07,1.0859,147.13,1.2918,1.4385,0.8774,10.0602,0.00379,-0.005206,0.001861,0.007212,-0.007578,-0.008828,89.388382,91.6526,75.633793,93.642624,85.825513,105.12879,85.049005,0.003114,6.0,2021-07-01,3.3587499999999997,4.15625,2025-03-07,319.615,4.2,4.33,4.32,3.99,4.2,0.33,103.7483,624954.0,21706.4,23512.717,125.791,57.0,1.65,258.573,6.0,2025-03-07,24.85,26.56,23.09,23.37,0.0,VIX,-0.060313630880579,6.0,2025-03-07,1.6127716869162394,2.098506587067257,44291912184594.85,1.8020676058589495,1.2029918838425355,1.184321620073132,1.326321757912187,6.0
2025-03-11,2025-03-11,1.0927,147.48,1.2948,1.4462,0.88,10.0193,0.008305,0.002243,0.003021,0.002148,-0.001475,-0.010156,89.682253,92.226536,75.454299,93.860094,85.368552,104.818182,85.396185,0.005308,3.0,2021-07-01,3.3587499999999997,4.15625,2025-03-11,319.615,4.2,4.33,4.28,3.94,4.2,0.34,103.7483,624954.0,21706.4,23512.717,125.791,57.0,1.65,258.573,3.0,2025-03-11,27.94,29.57,26.18,26.92,0.0,VIX,-0.0337401292175161,3.0,2025-03-11,1.5773296400673995,2.034117897713823,4736266219329.09,1.7546025608099944,1.1608780160316088,1.1377625962721296,1.291387484756156,3.0
2025-03-19,2025-03-19,1.0877,150.02,1.2969,1.4328,0.88,10.1329,-0.004576,0.003545,-0.001386,0.001118,0.003078,0.008801,89.31599,91.804524,74.176776,94.012323,86.166946,104.818182,84.438808,-0.003859,4.0,2021-07-01,3.3587499999999997,4.15625,2025-03-19,319.615,4.2,4.33,4.25,3.99,4.2,0.26,103.7483,624954.0,21706.4,23512.717,125.791,57.0,1.65,258.573,4.0,2025-03-19,21.84,22.1,19.42,19.9,0.0,VIX,-0.0829493087557604,4.0,2025-03-19,1.5341171197085954,1.9563175722961752,286648650531.84125,1.6969865582775492,1.110231162441714,1.0820368962227291,1.2489821068922764,4.0
2025-03-21,2025-03-21,1.0806,148.98,1.2896,1.4356,0.8834,10.14,-0.003872,0.000941,-0.005935,0.002094,0.000906,-0.000266,88.945969,91.205267,74.69459,93.483146,85.998885,104.414761,84.379684,-0.003351,6.0,2021-07-01,3.3587499999999997,4.15625,2025-03-21,319.615,4.2,4.33,4.25,3.94,4.2,0.31,103.7483,624954.0,21706.4,23512.717,125.791,57.0,1.65,258.573,6.0,2025-03-21,20.02,21.1,19.15,19.28,0.0,VIX,-0.0262626262626262,6.0,2025-03-21,1.5259047188330028,1.9416189676803055,166462731728.24887,1.6860683541060313,1.1006923254019902,1.0715747470475814,1.240946308622039,6.0
2025-03-27,2025-03-27,1.08,150.97,1.2963,1.4316,0.8818,10.015,0.001762,0.001858,0.005741,0.00435,-0.002376,-0.001675,88.913612,91.154625,73.710009,93.968829,86.239173,104.604219,85.432851,0.001333,5.0,2021-07-01,3.3587499999999997,4.15625,2025-03-27,319.615,4.2,4.33,4.38,3.97,4.2,0.41,103.7483,624954.0,21706.4,23512.717,125.791,57.0,1.65,258.573,5.0,2025-03-27,18.36,19.28,17.95,18.69,0.0,VIX,0.0196399345335516,5.0,2025-03-27,1.5345597894551968,1.9568950498009896,287202529188.01373,1.6974818544567627,1.110562570765837,1.0823634785730938,1.249346644880177,5.0
2025-04-08,2025-04-08,1.0912,147.02,1.2769,1.4199,0.856,10.0126,0.0,-0.006353,0.003142,-0.001758,-0.004304,-0.006499,89.739116,92.099932,75.690382,92.562523,86.949785,107.757009,85.453329,0.001717,3.0,2021-07-01,3.3587499999999997,4.15625,2025-04-08,320.321,4.2,4.33,4.26,3.71,4.21,0.55,103.8216,623545.0,21862.4,23512.717,125.939,52.2,1.9,258.603,3.0,2025-04-08,44.04,57.52,36.48,52.33,0.0,VIX,0.1138782460621541,3.0,2025-04-08,1.510054703054005,1.9129741009978003,55149016172.74684,1.6648700912950614,1.0820589780143548,1.0511080807645694,1.2253443871931653,3.0
2025-04-16,2025-04-16,1.1382,142.56,1.3247,1.3882,0.8142,9.7494,0.008149,-0.003774,0.001815,-0.004446,-0.008162,-0.011107,93.235172,96.066847,78.058361,96.027546,88.935312,113.289118,87.760272,0.006675,4.0,2021-07-01,3.3587499999999997,4.15625,2025-04-16,320.321,4.2,4.33,4.29,3.77,4.21,0.52,103.8216,623545.0,21862.4,23512.717,125.939,52.2,1.9,258.603,4.0,2025-04-16,33.24,34.96,29.48,32.64,0.0,VIX,0.0836653386454182,4.0,2025-04-16,1.5467219355963833,1.9781045529428545,591293094126.0641,1.7134057097021498,1.1242201856855334,1.0972563804011457,1.2610666023407824,4.0
2025-04-17,2025-04-17,1.1364,142.33,1.3259,1.3856,0.8203,9.633,-0.001581,-0.001613,0.000906,-0.001873,0.007492,-0.011939,93.204567,95.914922,78.184501,96.114534,89.102194,112.446666,88.82072,-0.000328,5.0,2021-07-01,3.3587499999999997,4.15625,2025-04-17,320.321,4.2,4.33,4.34,3.81,4.21,0.53,103.8216,623545.0,21862.4,23512.717,125.939,52.2,1.9,258.603,5.0,2025-04-17,30.79,32.55,29.57,29.65,0.0,VIX,-0.0916053921568628,5.0,2025-04-17,1.5490909337761374,1.982320500147666,686764957118.939,1.7165436768519438,1.1269534818857976,1.1002533683858644,1.2633761461630306,5.0
2025-05-06,2025-05-06,1.1345,142.76,1.3369,1.3774,0.8242,9.5789,0.002651,-0.008473,0.006399,-0.002607,0.000364,-0.008847,93.225244,95.754558,77.949005,96.911925,89.632641,111.914584,89.322365,0.003898,3.0,2021-07-01,3.3587499999999997,4.15625,2025-05-06,320.58,4.2,4.33,4.3,3.78,4.25,0.52,103.5948,648397.0,21942.0,23512.717,126.11,52.2,1.87,259.033,3.0,2025-05-06,23.97,25.11,23.9,24.76,0.0,VIX,0.0473773265651438,3.0,2025-05-06,1.5854322755106791,2.047202381338111,6548160634493.405,1.7647520812141413,1.1690981061009356,1.1465572253874263,1.298857531773608,3.0
2025-05-09,2025-05-09,1.127,145.15,1.3318,1.3925,0.8298,9.7016,0.001867,-0.002131,0.002333,0.000791,0.000844,-0.000237,92.478992,95.12154,76.665518,96.542225,88.660682,111.159315,88.192669,0.00154,6.0,2021-07-01,3.3587499999999997,4.15625,2025-05-09,320.58,4.2,4.33,4.37,3.88,4.25,0.49,103.5948,648397.0,21942.0,23512.717,126.11,52.2,1.87,259.033,6.0,2025-05-09,22.4,22.82,21.83,21.9,0.0,VIX,-0.0258007117437722,6.0,2025-05-09,1.580233640918238,2.037727539660125,4667623757533.16,1.7577745618252334,1.1628994317727035,1.1397059125787878,1.2937220775033718,6.0
2025-05-15,2025-05-15,1.1189,145.61,1.3292,1.3989,0.8359,9.7344,-0.001517,-0.006346,-0.000827,0.001862,-0.004525,0.000905,91.951241,94.43788,76.423323,96.353751,88.255058,110.348128,87.895505,-0.000288,5.0,2021-07-01,3.3587499999999997,4.15625,2025-05-15,320.58,4.2,4.33,4.45,3.96,4.25,0.49,103.5948,648397.0,21942.0,23512.717,126.11,52.2,1.87,259.033,5.0,2025-05-15,19.19,19.38,17.77,17.83,0.0,VIX,-0.0424274973147155,5.0,2025-05-15,1.611935547051064,2.0950172528503104,33339896074707.86,1.8001019583386473,1.200303871378852,1.1809986726761663,1.3248750413372443,5.0
2025-05-16,2025-05-16,1.1141,146.02,1.3257,1.3991,0.8396,9.7944,-0.00429,0.002816,-0.002633,0.000143,0.004426,0.006164,91.617241,94.032748,76.208739,96.100036,88.242442,109.861839,87.357061,-0.003632,6.0,2021-07-01,3.3587499999999997,4.15625,2025-05-16,320.58,4.2,4.33,4.43,3.98,4.25,0.45,103.5948,648397.0,21942.0,23512.717,126.11,52.2,1.87,259.033,6.0,2025-05-16,17.96,17.96,17.15,17.24,0.0,VIX,-0.0330902972518227,6.0,2025-05-16,1.6068119480387688,2.0856720958993784,24168004625530.293,1.7932259202130696,1.1941810009014848,1.174218405820419,1.319814277276819,6.0
2025-05-19,2025-05-19,1.1236,144.99,1.3357,1.3944,0.8342,9.6846,0.008527,-0.007054,0.007543,-0.003359,-0.006432,-0.01121,92.333248,94.834571,76.750121,96.824937,88.539874,110.573004,88.34748,0.007815,2.0,2021-07-01,3.3587499999999997,4.15625,2025-05-19,320.58,4.2,4.33,4.46,3.97,4.25,0.49,103.5948,648397.0,21942.0,23512.717,126.11,52.2,1.87,259.033,2.0,2025-05-19,19.84,19.92,17.92,18.14,0.0,VIX,0.0522041763341067,2.0,2025-05-19,1.617078714094883,2.104267112929587,45234242291422.67,1.806947274223626,1.2063389733354777,1.187660874435881,1.3299131938285886,2.0
2025-06-02,2025-06-02,1.1432,142.76,1.3549,1.3699,0.8173,9.5361,0.007491,-0.009849,0.006014,-0.003492,-0.006805,-0.005776,93.898982,96.488859,77.949005,98.216745,90.123367,112.859415,89.723262,0.007139,2.0,2021-07-01,3.3587499999999997,4.15625,2025-06-02,320.58,4.1,4.33,4.46,3.94,4.23,0.52,103.5948,648397.0,21942.0,23512.717,126.11,52.2,1.77,259.033,2.0,2025-06-02,19.81,20.45,18.36,18.36,0.0,VIX,-0.011308562197092,2.0,2025-06-02,1.626038032560682,2.120203542266468,74982730313759.83,1.818794338751317,1.21670311905589,1.1990748297679243,1.3386326333209693,2.0
2025-06-05,2025-06-05,1.144,143.87,1.3584,1.3667,0.821,9.5723,0.001401,0.006718,0.001032,-7.3e-05,0.0033,0.00047,93.872918,96.556381,77.347605,98.47046,90.334382,112.350792,89.383952,5e-05,5.0,2021-07-01,3.3587499999999997,4.15625,2025-06-05,320.58,4.1,4.33,4.4,3.92,4.23,0.48,103.5948,648397.0,21942.0,23512.717,126.11,52.2,1.77,259.033,5.0,2025-06-05,17.68,18.8,17.08,18.48,0.0,VIX,0.0494037478705282,5.0,2025-06-05,1.6271007404537965,2.122057180578133,79241247418455.86,1.8201837322869197,1.2179011464955851,1.200387864178557,1.339655226963173,5.0
2025-06-10,2025-06-10,1.1423,144.91,1.3508,1.3683,0.8219,9.5979,-0.000175,0.00374,-0.004055,0.000585,0.001706,0.001074,93.625161,96.412897,76.792492,97.919536,90.228751,112.227765,89.145542,-0.001194,3.0,2021-07-01,3.3587499999999997,4.15625,2025-06-10,320.58,4.1,4.33,4.47,4.01,4.23,0.46,103.5948,648397.0,21942.0,23512.717,126.11,52.2,1.77,259.033,3.0,2025-06-10,17.5,17.99,16.68,16.95,0.0,VIX,-0.0122377622377622,3.0,2025-06-10,1.6508744749564035,2.1654442760898727,332357263562354.7,1.8520810949601951,1.2463704093998929,1.2319748628518277,1.3631316858907037,3.0
2025-06-23,2025-06-23,1.1538,146.47,1.3491,1.3773,0.8133,9.6482,0.001562,0.003769,0.001931,0.002475,-0.005138,-0.002883,94.027893,97.383525,75.974602,97.796303,89.639149,113.414484,88.68079,0.000878,2.0,2021-07-01,3.3587499999999997,4.15625,2025-06-23,320.58,4.1,4.33,4.34,3.84,4.23,0.5,103.5948,648397.0,21942.0,23512.717,126.11,52.2,1.77,259.033,2.0,2025-06-23,21.15,22.51,19.82,19.83,0.0,VIX,-0.0383123181377305,2.0,2025-06-23,1.68528873161763,2.2285101709978985,2503992707969031.0,1.898339720447893,1.28785927427218,1.2781352092562612,1.3971780342496491,2.0
2025-06-24,2025-06-24,1.1608,144.9,1.3616,1.3711,0.8049,9.5353,0.006067,-0.010719,0.009265,-0.004502,-0.010328,-0.011702,94.711582,97.974342,76.797792,98.702428,90.04449,114.598087,89.73079,0.007271,3.0,2021-07-01,3.3587499999999997,4.15625,2025-06-24,320.58,4.1,4.33,4.3,3.75,4.23,0.55,103.5948,648397.0,21942.0,23512.717,126.11,52.2,1.77,259.033,3.0,2025-06-24,18.19,18.72,17.33,17.48,0.0,VIX,-0.118507312153303,3.0,2025-06-24,1.7074129142421537,2.2695442711534284,9195940058392188.0,1.9282710299018635,1.3149896804121457,1.3084605407120318,1.4192074780077717,3.0
2020-07-01,2021-07-02,1.0860103896103894,138.36648351648353,1.2723084915084917,1.3387159840159841,0.9065211788211788,10.189976423576423,1.7420000000000074e-06,0.000282524,1.5157000000000018e-05,0.000107107,-0.000131059,0.00012570300000000004,90.46100674725275,91.66191675824176,81.37544374425573,92.22968404295705,92.36440729770229,101.95294091808192,84.4257861978022,-3.467600000000001e-05,4.033966033966034,2021-07-01,3.3587499999999997,4.15625,2021-07-02,302.7755117227319,3.8927624872579,3.581304791029561,3.5051348651348655,3.5293306693306694,3.61592252803262,-0.024195804195804214,102.57233200815496,589797.0968399593,21238.371967380222,22732.834846481874,119.76254026503567,65.20672782874617,1.8339653414882773,256.22076962283387,4.033966033966034,2020-07-01,30.96,31.76,28.2,28.62,0.0,VIX,-0.0594807755504436,4.0,2021-07-02,1.3055136886294159,1.5801088207870895,43769606179769.55,1.4065100494773115,0.8743551058358242,0.8313589939484075,1.0351913964153014,4.033966033966034
2020-07-09,2021-07-02,1.0860103896103894,138.36648351648353,1.2723084915084917,1.3387159840159841,0.9065211788211788,10.189976423576423,1.7420000000000074e-06,0.000282524,1.5157000000000018e-05,0.000107107,-0.000131059,0.00012570300000000004,90.46100674725275,91.66191675824176,81.37544374425573,92.22968404295705,92.36440729770229,101.95294091808192,84.4257861978022,-3.467600000000001e-05,4.033966033966034,2021-07-01,3.3587499999999997,4.15625,2021-07-02,302.7755117227319,3.8927624872579,3.581304791029561,3.5051348651348655,3.5293306693306694,3.61592252803262,-0.024195804195804214,102.57233200815496,589797.0968399593,21238.371967380222,22732.834846481874,119.76254026503567,65.20672782874617,1.8339653414882773,256.22076962283387,4.033966033966034,2020-07-09,28.18,31.48,26.11,29.26,0.0,VIX,0.0420227920227922,5.0,2021-07-02,1.3055136886294159,1.5801088207870895,43769606179769.55,1.4065100494773115,0.8743551058358242,0.8313589939484075,1.0351913964153014,4.033966033966034
2020-07-17,2021-07-02,1.0860103896103894,138.36648351648353,1.2723084915084917,1.3387159840159841,0.9065211788211788,10.189976423576423,1.7420000000000074e-06,0.000282524,1.5157000000000018e-05,0.000107107,-0.000131059,0.00012570300000000004,90.46100674725275,91.66191675824176,81.37544374425573,92.22968404295705,92.36440729770229,101.95294091808192,84.4257861978022,-3.467600000000001e-05,4.033966033966034,2021-07-01,3.3587499999999997,4.15625,2021-07-02,302.7755117227319,3.8927624872579,3.581304791029561,3.5051348651348655,3.5293306693306694,3.61592252803262,-0.024195804195804214,102.57233200815496,589797.0968399593,21238.371967380222,22732.834846481874,119.76254026503567,65.20672782874617,1.8339653414882773,256.22076962283387,4.033966033966034,2020-07-17,27.15,27.54,25.41,25.68,0.0,VIX,-0.0828571428571428,6.0,2021-07-02,1.3055136886294159,1.5801088207870895,43769606179769.55,1.4065100494773115,0.8743551058358242,0.8313589939484075,1.0351913964153014,4.033966033966034
2020-07-20,2021-07-02,1.0860103896103894,138.36648351648353,1.2723084915084917,1.3387159840159841,0.9065211788211788,10.189976423576423,1.7420000000000074e-06,0.000282524,1.5157000000000018e-05,0.000107107,-0.000131059,0.00012570300000000004,90.46100674725275,91.66191675824176,81.37544374425573,92.22968404295705,92.36440729770229,101.95294091808192,84.4257861978022,-3.467600000000001e-05,4.033966033966034,2021-07-01,3.3587499999999997,4.15625,2021-07-02,302.7755117227319,3.8927624872579,3.581304791029561,3.5051348651348655,3.5293306693306694,3.61592252803262,-0.024195804195804214,102.57233200815496,589797.0968399593,21238.371967380222,22732.834846481874,119.76254026503567,65.20672782874617,1.8339653414882773,256.22076962283387,4.033966033966034,2020-07-20,26.94,27.08,24.35,24.46,0.0,VIX,-0.0475077881619937,2.0,2021-07-02,1.3055136886294159,1.5801088207870895,43769606179769.55,1.4065100494773115,0.8743551058358242,0.8313589939484075,1.0351913964153014,4.033966033966034
2020-07-28,2021-07-02,1.0860103896103894,138.36648351648353,1.2723084915084917,1.3387159840159841,0.9065211788211788,10.189976423576423,1.7420000000000074e-06,0.000282524,1.5157000000000018e-05,0.000107107,-0.000131059,0.00012570300000000004,90.46100674725275,91.66191675824176,81.37544374425573,92.22968404295705,92.36440729770229,101.95294091808192,84.4257861978022,-3.467600000000001e-05,4.033966033966034,2021-07-01,3.3587499999999997,4.15625,2021-07-02,302.7755117227319,3.8927624872579,3.581304791029561,3.5051348651348655,3.5293306693306694,3.61592252803262,-0.024195804195804214,102.57233200815496,589797.0968399593,21238.371967380222,22732.834846481874,119.76254026503567,65.20672782874617,1.8339653414882773,256.22076962283387,4.033966033966034,2020-07-28,24.86,25.85,24.05,25.44,0.0,VIX,0.0282942603071949,3.0,2021-07-02,1.3055136886294159,1.5801088207870895,43769606179769.55,1.4065100494773115,0.8743551058358242,0.8313589939484075,1.0351913964153014,4.033966033966034
2020-08-03,2021-07-02,1.0860103896103894,138.36648351648353,1.2723084915084917,1.3387159840159841,0.9065211788211788,10.189976423576423,1.7420000000000074e-06,0.000282524,1.5157000000000018e-05,0.000107107,-0.000131059,0.00012570300000000004,90.46100674725275,91.66191675824176,81.37544374425573,92.22968404295705,92.36440729770229,101.95294091808192,84.4257861978022,-3.467600000000001e-05,4.033966033966034,2021-07-01,3.3587499999999997,4.15625,2021-07-02,302.7755117227319,3.8927624872579,3.581304791029561,3.5051348651348655,3.5293306693306694,3.61592252803262,-0.024195804195804214,102.57233200815496,589797.0968399593,21238.371967380222,22732.834846481874,119.76254026503567,65.20672782874617,1.8339653414882773,256.22076962283387,4.033966033966034,2020-08-03,25.75,26.01,22.17,24.28,0.0,VIX,-0.0073589533932951,2.0,2021-07-02,1.3055136886294159,1.5801088207870895,43769606179769.55,1.4065100494773115,0.8743551058358242,0.8313589939484075,1.0351913964153014,4.033966033966034
2020-08-10,2021-07-02,1.0860103896103894,138.36648351648353,1.2723084915084917,1.3387159840159841,0.9065211788211788,10.189976423576423,1.7420000000000074e-06,0.000282524,1.5157000000000018e-05,0.000107107,-0.000131059,0.00012570300000000004,90.46100674725275,91.66191675824176,81.37544374425573,92.22968404295705,92.36440729770229,101.95294091808192,84.4257861978022,-3.467600000000001e-05,4.033966033966034,2021-07-01,3.3587499999999997,4.15625,2021-07-02,302.7755117227319,3.8927624872579,3.581304791029561,3.5051348651348655,3.5293306693306694,3.61592252803262,-0.024195804195804214,102.57233200815496,589797.0968399593,21238.371967380222,22732.834846481874,119.76254026503567,65.20672782874617,1.8339653414882773,256.22076962283387,4.033966033966034,2020-08-10,22.88,23.52,21.46,22.13,0.0,VIX,-0.0036019810895994,2.0,2021-07-02,1.3055136886294159,1.5801088207870895,43769606179769.55,1.4065100494773115,0.8743551058358242,0.8313589939484075,1.0351913964153014,4.033966033966034
2020-08-20,2021-07-02,1.0860103896103894,138.36648351648353,1.2723084915084917,1.3387159840159841,0.9065211788211788,10.189976423576423,1.7420000000000074e-06,0.000282524,1.5157000000000018e-05,0.000107107,-0.000131059,0.00012570300000000004,90.46100674725275,91.66191675824176,81.37544374425573,92.22968404295705,92.36440729770229,101.95294091808192,84.4257861978022,-3.467600000000001e-05,4.033966033966034,2021-07-01,3.3587499999999997,4.15625,2021-07-02,302.7755117227319,3.8927624872579,3.581304791029561,3.5051348651348655,3.5293306693306694,3.61592252803262,-0.024195804195804214,102.57233200815496,589797.0968399593,21238.371967380222,22732.834846481874,119.76254026503567,65.20672782874617,1.8339653414882773,256.22076962283387,4.033966033966034,2020-08-20,24.1,24.6,22.37,22.72,0.0,VIX,0.0079858030168589,5.0,2021-07-02,1.3055136886294159,1.5801088207870895,43769606179769.55,1.4065100494773115,0.8743551058358242,0.8313589939484075,1.0351913964153014,4.033966033966034
2020-08-26,2021-07-02,1.0860103896103894,138.36648351648353,1.2723084915084917,1.3387159840159841,0.9065211788211788,10.189976423576423,1.7420000000000074e-06,0.000282524,1.5157000000000018e-05,0.000107107,-0.000131059,0.00012570300000000004,90.46100674725275,91.66191675824176,81.37544374425573,92.22968404295705,92.36440729770229,101.95294091808192,84.4257861978022,-3.467600000000001e-05,4.033966033966034,2021-07-01,3.3587499999999997,4.15625,2021-07-02,302.7755117227319,3.8927624872579,3.581304791029561,3.5051348651348655,3.5293306693306694,3.61592252803262,-0.024195804195804214,102.57233200815496,589797.0968399593,21238.371967380222,22732.834846481874,119.76254026503567,65.20672782874617,1.8339653414882773,256.22076962283387,4.033966033966034,2020-08-26,22.14,23.27,20.92,23.27,0.0,VIX,0.0562868815251929,4.0,2021-07-02,1.3055136886294159,1.5801088207870895,43769606179769.55,1.4065100494773115,0.8743551058358242,0.8313589939484075,1.0351913964153014,4.033966033966034
2020-08-27,2021-07-02,1.0860103896103894,138.36648351648353,1.2723084915084917,1.3387159840159841,0.9065211788211788,10.189976423576423,1.7420000000000074e-06,0.000282524,1.5157000000000018e-05,0.000107107,-0.000131059,0.00012570300000000004,90.46100674725275,91.66191675824176,81.37544374425573,92.22968404295705,92.36440729770229,101.95294091808192,84.4257861978022,-3.467600000000001e-05,4.033966033966034,2021-07-01,3.3587499999999997,4.15625,2021-07-02,302.7755117227319,3.8927624872579,3.581304791029561,3.5051348651348655,3.5293306693306694,3.61592252803262,-0.024195804195804214,102.57233200815496,589797.0968399593,21238.371967380222,22732.834846481874,119.76254026503567,65.20672782874617,1.8339653414882773,256.22076962283387,4.033966033966034,2020-08-27,23.42,27.09,21.44,24.47,0.0,VIX,0.0515685431886547,5.0,2021-07-02,1.3055136886294159,1.5801088207870895,43769606179769.55,1.4065100494773115,0.8743551058358242,0.8313589939484075,1.0351913964153014,4.033966033966034
2020-08-28,2021-07-02,1.0860103896103894,138.36648351648353,1.2723084915084917,1.3387159840159841,0.9065211788211788,10.189976423576423,1.7420000000000074e-06,0.000282524,1.5157000000000018e-05,0.000107107,-0.000131059,0.00012570300000000004,90.46100674725275,91.66191675824176,81.37544374425573,92.22968404295705,92.36440729770229,101.95294091808192,84.4257861978022,-3.467600000000001e-05,4.033966033966034,2021-07-01,3.3587499999999997,4.15625,2021-07-02,302.7755117227319,3.8927624872579,3.581304791029561,3.5051348651348655,3.5293306693306694,3.61592252803262,-0.024195804195804214,102.57233200815496,589797.0968399593,21238.371967380222,22732.834846481874,119.76254026503567,65.20672782874617,1.8339653414882773,256.22076962283387,4.033966033966034,2020-08-28,24.59,26.3,22.64,22.96,0.0,VIX,-0.0617082141397629,6.0,2021-07-02,1.3055136886294159,1.5801088207870895,43769606179769.55,1.4065100494773115,0.8743551058358242,0.8313589939484075,1.0351913964153014,4.033966033966034
2020-08-31,2021-07-02,1.0860103896103894,138.36648351648353,1.2723084915084917,1.3387159840159841,0.9065211788211788,10.189976423576423,1.7420000000000074e-06,0.000282524,1.5157000000000018e-05,0.000107107,-0.000131059,0.00012570300000000004,90.46100674725275,91.66191675824176,81.37544374425573,92.22968404295705,92.36440729770229,101.95294091808192,84.4257861978022,-3.467600000000001e-05,4.033966033966034,2021-07-01,3.3587499999999997,4.15625,2021-07-02,302.7755117227319,3.8927624872579,3.581304791029561,3.5051348651348655,3.5293306693306694,3.61592252803262,-0.024195804195804214,102.57233200815496,589797.0968399593,21238.371967380222,22732.834846481874,119.76254026503567,65.20672782874617,1.8339653414882773,256.22076962283387,4.033966033966034,2020-08-31,23.91,26.5,21.77,26.41,0.0,VIX,0.1502613240418118,2.0,2021-07-02,1.3055136886294159,1.5801088207870895,43769606179769.55,1.4065100494773115,0.8743551058358242,0.8313589939484075,1.0351913964153014,4.033966033966034
2020-09-02,2021-07-02,1.0860103896103894,138.36648351648353,1.2723084915084917,1.3387159840159841,0.9065211788211788,10.189976423576423,1.7420000000000074e-06,0.000282524,1.5157000000000018e-05,0.000107107,-0.000131059,0.00012570300000000004,90.46100674725275,91.66191675824176,81.37544374425573,92.22968404295705,92.36440729770229,101.95294091808192,84.4257861978022,-3.467600000000001e-05,4.033966033966034,2021-07-01,3.3587499999999997,4.15625,2021-07-02,302.7755117227319,3.8927624872579,3.581304791029561,3.5051348651348655,3.5293306693306694,3.61592252803262,-0.024195804195804214,102.57233200815496,589797.0968399593,21238.371967380222,22732.834846481874,119.76254026503567,65.20672782874617,1.8339653414882773,256.22076962283387,4.033966033966034,2020-09-02,26.01,27.07,25.53,26.57,0.0,VIX,0.0172281776416538,4.0,2021-07-02,1.3055136886294159,1.5801088207870895,43769606179769.55,1.4065100494773115,0.8743551058358242,0.8313589939484075,1.0351913964153014,4.033966033966034
2020-09-04,2021-07-02,1.0860103896103894,138.36648351648353,1.2723084915084917,1.3387159840159841,0.9065211788211788,10.189976423576423,1.7420000000000074e-06,0.000282524,1.5157000000000018e-05,0.000107107,-0.000131059,0.00012570300000000004,90.46100674725275,91.66191675824176,81.37544374425573,92.22968404295705,92.36440729770229,101.95294091808192,84.4257861978022,-3.467600000000001e-05,4.033966033966034,2021-07-01,3.3587499999999997,4.15625,2021-07-02,302.7755117227319,3.8927624872579,3.581304791029561,3.5051348651348655,3.5293306693306694,3.61592252803262,-0.024195804195804214,102.57233200815496,589797.0968399593,21238.371967380222,22732.834846481874,119.76254026503567,65.20672782874617,1.8339653414882773,256.22076962283387,4.033966033966034,2020-09-04,34.62,38.28,29.5,30.75,0.0,VIX,-0.0848214285714286,6.0,2021-07-02,1.3055136886294159,1.5801088207870895,43769606179769.55,1.4065100494773115,0.8743551058358242,0.8313589939484075,1.0351913964153014,4.033966033966034
2020-09-08,2021-07-02,1.0860103896103894,138.36648351648353,1.2723084915084917,1.3387159840159841,0.9065211788211788,10.189976423576423,1.7420000000000074e-06,0.000282524,1.5157000000000018e-05,0.000107107,-0.000131059,0.00012570300000000004,90.46100674725275,91.66191675824176,81.37544374425573,92.22968404295705,92.36440729770229,101.95294091808192,84.4257861978022,-3.467600000000001e-05,4.033966033966034,2021-07-01,3.3587499999999997,4.15625,2021-07-02,302.7755117227319,3.8927624872579,3.581304791029561,3.5051348651348655,3.5293306693306694,3.61592252803262,-0.024195804195804214,102.57233200815496,589797.0968399593,21238.371967380222,22732.834846481874,119.76254026503567,65.20672782874617,1.8339653414882773,256.22076962283387,4.033966033966034,2020-09-08,30.61,35.93,30.52,31.46,0.0,VIX,0.023089430894309,3.0,2021-07-02,1.3055136886294159,1.5801088207870895,43769606179769.55,1.4065100494773115,0.8743551058358242,0.8313589939484075,1.0351913964153014,4.033966033966034
2020-09-10,2021-07-02,1.0860103896103894,138.36648351648353,1.2723084915084917,1.3387159840159841,0.9065211788211788,10.189976423576423,1.7420000000000074e-06,0.000282524,1.5157000000000018e-05,0.000107107,-0.000131059,0.00012570300000000004,90.46100674725275,91.66191675824176,81.37544374425573,92.22968404295705,92.36440729770229,101.95294091808192,84.4257861978022,-3.467600000000001e-05,4.033966033966034,2021-07-01,3.3587499999999997,4.15625,2021-07-02,302.7755117227319,3.8927624872579,3.581304791029561,3.5051348651348655,3.5293306693306694,3.61592252803262,-0.024195804195804214,102.57233200815496,589797.0968399593,21238.371967380222,22732.834846481874,119.76254026503567,65.20672782874617,1.8339653414882773,256.22076962283387,4.033966033966034,2020-09-10,28.67,30.56,27.59,29.71,0.0,VIX,0.0312391530718501,5.0,2021-07-02,1.3055136886294159,1.5801088207870895,43769606179769.55,1.4065100494773115,0.8743551058358242,0.8313589939484075,1.0351913964153014,4.033966033966034
2020-09-23,2021-07-02,1.0860103896103894,138.36648351648353,1.2723084915084917,1.3387159840159841,0.9065211788211788,10.189976423576423,1.7420000000000074e-06,0.000282524,1.5157000000000018e-05,0.000107107,-0.000131059,0.00012570300000000004,90.46100674725275,91.66191675824176,81.37544374425573,92.22968404295705,92.36440729770229,101.95294091808192,84.4257861978022,-3.467600000000001e-05,4.033966033966034,2021-07-01,3.3587499999999997,4.15625,2021-07-02,302.7755117227319,3.8927624872579,3.581304791029561,3.5051348651348655,3.5293306693306694,3.61592252803262,-0.024195804195804214,102.57233200815496,589797.0968399593,21238.371967380222,22732.834846481874,119.76254026503567,65.20672782874617,1.8339653414882773,256.22076962283387,4.033966033966034,2020-09-23,27.02,29.73,25.19,28.58,0.0,VIX,0.0640357408786298,4.0,2021-07-02,1.3055136886294159,1.5801088207870895,43769606179769.55,1.4065100494773115,0.8743551058358242,0.8313589939484075,1.0351913964153014,4.033966033966034
2020-09-25,2021-07-02,1.0860103896103894,138.36648351648353,1.2723084915084917,1.3387159840159841,0.9065211788211788,10.189976423576423,1.7420000000000074e-06,0.000282524,1.5157000000000018e-05,0.000107107,-0.000131059,0.00012570300000000004,90.46100674725275,91.66191675824176,81.37544374425573,92.22968404295705,92.36440729770229,101.95294091808192,84.4257861978022,-3.467600000000001e-05,4.033966033966034,2021-07-01,3.3587499999999997,4.15625,2021-07-02,302.7755117227319,3.8927624872579,3.581304791029561,3.5051348651348655,3.5293306693306694,3.61592252803262,-0.024195804195804214,102.57233200815496,589797.0968399593,21238.371967380222,22732.834846481874,119.76254026503567,65.20672782874617,1.8339653414882773,256.22076962283387,4.033966033966034,2020-09-25,28.17,30.43,26.02,26.38,0.0,VIX,-0.0747106278498773,6.0,2021-07-02,1.3055136886294159,1.5801088207870895,43769606179769.55,1.4065100494773115,0.8743551058358242,0.8313589939484075,1.0351913964153014,4.033966033966034
2020-09-30,2021-07-02,1.0860103896103894,138.36648351648353,1.2723084915084917,1.3387159840159841,0.9065211788211788,10.189976423576423,1.7420000000000074e-06,0.000282524,1.5157000000000018e-05,0.000107107,-0.000131059,0.00012570300000000004,90.46100674725275,91.66191675824176,81.37544374425573,92.22968404295705,92.36440729770229,101.95294091808192,84.4257861978022,-3.467600000000001e-05,4.033966033966034,2021-07-01,3.3587499999999997,4.15625,2021-07-02,302.7755117227319,3.8927624872579,3.581304791029561,3.5051348651348655,3.5293306693306694,3.61592252803262,-0.024195804195804214,102.57233200815496,589797.0968399593,21238.371967380222,22732.834846481874,119.76254026503567,65.20672782874617,1.8339653414882773,256.22076962283387,4.033966033966034,2020-09-30,26.69,27.12,25.06,26.37,0.0,VIX,0.0038066235249334,4.0,2021-07-02,1.3055136886294159,1.5801088207870895,43769606179769.55,1.4065100494773115,0.8743551058358242,0.8313589939484075,1.0351913964153014,4.033966033966034
2020-10-02,2021-07-02,1.0860103896103894,138.36648351648353,1.2723084915084917,1.3387159840159841,0.9065211788211788,10.189976423576423,1.7420000000000074e-06,0.000282524,1.5157000000000018e-05,0.000107107,-0.000131059,0.00012570300000000004,90.46100674725275,91.66191675824176,81.37544374425573,92.22968404295705,92.36440729770229,101.95294091808192,84.4257861978022,-3.467600000000001e-05,4.033966033966034,2021-07-01,3.3587499999999997,4.15625,2021-07-02,302.7755117227319,3.8927624872579,3.581304791029561,3.5051348651348655,3.5293306693306694,3.61592252803262,-0.024195804195804214,102.57233200815496,589797.0968399593,21238.371967380222,22732.834846481874,119.76254026503567,65.20672782874617,1.8339653414882773,256.22076962283387,4.033966033966034,2020-10-02,28.87,29.9,26.93,27.63,0.0,VIX,0.0348314606741573,6.0,2021-07-02,1.3055136886294159,1.5801088207870895,43769606179769.55,1.4065100494773115,0.8743551058358242,0.8313589939484075,1.0351913964153014,4.033966033966034
2020-10-06,2021-07-02,1.0860103896103894,138.36648351648353,1.2723084915084917,1.3387159840159841,0.9065211788211788,10.189976423576423,1.7420000000000074e-06,0.000282524,1.5157000000000018e-05,0.000107107,-0.000131059,0.00012570300000000004,90.46100674725275,91.66191675824176,81.37544374425573,92.22968404295705,92.36440729770229,101.95294091808192,84.4257861978022,-3.467600000000001e-05,4.033966033966034,2021-07-01,3.3587499999999997,4.15625,2021-07-02,302.7755117227319,3.8927624872579,3.581304791029561,3.5051348651348655,3.5293306693306694,3.61592252803262,-0.024195804195804214,102.57233200815496,589797.0968399593,21238.371967380222,22732.834846481874,119.76254026503567,65.20672782874617,1.8339653414882773,256.22076962283387,4.033966033966034,2020-10-06,28.05,30.0,26.01,29.48,0.0,VIX,0.0543633762517883,3.0,2021-07-02,1.3055136886294159,1.5801088207870895,43769606179769.55,1.4065100494773115,0.8743551058358242,0.8313589939484075,1.0351913964153014,4.033966033966034
2020-10-16,2021-07-02,1.0860103896103894,138.36648351648353,1.2723084915084917,1.3387159840159841,0.9065211788211788,10.189976423576423,1.7420000000000074e-06,0.000282524,1.5157000000000018e-05,0.000107107,-0.000131059,0.00012570300000000004,90.46100674725275,91.66191675824176,81.37544374425573,92.22968404295705,92.36440729770229,101.95294091808192,84.4257861978022,-3.467600000000001e-05,4.033966033966034,2021-07-01,3.3587499999999997,4.15625,2021-07-02,302.7755117227319,3.8927624872579,3.581304791029561,3.5051348651348655,3.5293306693306694,3.61592252803262,-0.024195804195804214,102.57233200815496,589797.0968399593,21238.371967380222,22732.834846481874,119.76254026503567,65.20672782874617,1.8339653414882773,256.22076962283387,4.033966033966034,2020-10-16,27.16,27.46,26.19,27.41,0.0,VIX,0.0163144234334446,6.0,2021-07-02,1.3055136886294159,1.5801088207870895,43769606179769.55,1.4065100494773115,0.8743551058358242,0.8313589939484075,1.0351913964153014,4.033966033966034
2020-11-10,2021-07-02,1.0860103896103894,138.36648351648353,1.2723084915084917,1.3387159840159841,0.9065211788211788,10.189976423576423,1.7420000000000074e-06,0.000282524,1.5157000000000018e-05,0.000107107,-0.000131059,0.00012570300000000004,90.46100674725275,91.66191675824176,81.37544374425573,92.22968404295705,92.36440729770229,101.95294091808192,84.4257861978022,-3.467600000000001e-05,4.033966033966034,2021-07-01,3.3587499999999997,4.15625,2021-07-02,302.7755117227319,3.8927624872579,3.581304791029561,3.5051348651348655,3.5293306693306694,3.61592252803262,-0.024195804195804214,102.57233200815496,589797.0968399593,21238.371967380222,22732.834846481874,119.76254026503567,65.20672782874617,1.8339653414882773,256.22076962283387,4.033966033966034,2020-11-10,25.36,26.77,24.35,24.8,0.0,VIX,-0.0368932038834951,3.0,2021-07-02,1.3055136886294159,1.5801088207870895,43769606179769.55,1.4065100494773115,0.8743551058358242,0.8313589939484075,1.0351913964153014,4.033966033966034
2020-11-18,2021-07-02,1.0860103896103894,138.36648351648353,1.2723084915084917,1.3387159840159841,0.9065211788211788,10.189976423576423,1.7420000000000074e-06,0.000282524,1.5157000000000018e-05,0.000107107,-0.000131059,0.00012570300000000004,90.46100674725275,91.66191675824176,81.37544374425573,92.22968404295705,92.36440729770229,101.95294091808192,84.4257861978022,-3.467600000000001e-05,4.033966033966034,2021-07-01,3.3587499999999997,4.15625,2021-07-02,302.7755117227319,3.8927624872579,3.581304791029561,3.5051348651348655,3.5293306693306694,3.61592252803262,-0.024195804195804214,102.57233200815496,589797.0968399593,21238.371967380222,22732.834846481874,119.76254026503567,65.20672782874617,1.8339653414882773,256.22076962283387,4.033966033966034,2020-11-18,22.86,23.92,21.66,23.84,0.0,VIX,0.0497578159401144,4.0,2021-07-02,1.3055136886294159,1.5801088207870895,43769606179769.55,1.4065100494773115,0.8743551058358242,0.8313589939484075,1.0351913964153014,4.033966033966034
2020-11-23,2021-07-02,1.0860103896103894,138.36648351648353,1.2723084915084917,1.3387159840159841,0.9065211788211788,10.189976423576423,1.7420000000000074e-06,0.000282524,1.5157000000000018e-05,0.000107107,-0.000131059,0.00012570300000000004,90.46100674725275,91.66191675824176,81.37544374425573,92.22968404295705,92.36440729770229,101.95294091808192,84.4257861978022,-3.467600000000001e-05,4.033966033966034,2021-07-01,3.3587499999999997,4.15625,2021-07-02,302.7755117227319,3.8927624872579,3.581304791029561,3.5051348651348655,3.5293306693306694,3.61592252803262,-0.024195804195804214,102.57233200815496,589797.0968399593,21238.371967380222,22732.834846481874,119.76254026503567,65.20672782874617,1.8339653414882773,256.22076962283387,4.033966033966034,2020-11-23,23.66,23.96,22.45,22.66,0.0,VIX,-0.0438818565400843,2.0,2021-07-02,1.3055136886294159,1.5801088207870895,43769606179769.55,1.4065100494773115,0.8743551058358242,0.8313589939484075,1.0351913964153014,4.033966033966034
2020-11-27,2021-07-02,1.0860103896103894,138.36648351648353,1.2723084915084917,1.3387159840159841,0.9065211788211788,10.189976423576423,1.7420000000000074e-06,0.000282524,1.5157000000000018e-05,0.000107107,-0.000131059,0.00012570300000000004,90.46100674725275,91.66191675824176,81.37544374425573,92.22968404295705,92.36440729770229,101.95294091808192,84.4257861978022,-3.467600000000001e-05,4.033966033966034,2021-07-01,3.3587499999999997,4.15625,2021-07-02,302.7755117227319,3.8927624872579,3.581304791029561,3.5051348651348655,3.5293306693306694,3.61592252803262,-0.024195804195804214,102.57233200815496,589797.0968399593,21238.371967380222,22732.834846481874,119.76254026503567,65.20672782874617,1.8339653414882773,256.22076962283387,4.033966033966034,2020-11-27,21.52,21.6,19.51,20.84,0.0,VIX,-0.0192941176470587,6.0,2021-07-02,1.3055136886294159,1.5801088207870895,43769606179769.55,1.4065100494773115,0.8743551058358242,0.8313589939484075,1.0351913964153014,4.033966033966034
2020-12-02,2021-07-02,1.0860103896103894,138.36648351648353,1.2723084915084917,1.3387159840159841,0.9065211788211788,10.189976423576423,1.7420000000000074e-06,0.000282524,1.5157000000000018e-05,0.000107107,-0.000131059,0.00012570300000000004,90.46100674725275,91.66191675824176,81.37544374425573,92.22968404295705,92.36440729770229,101.95294091808192,84.4257861978022,-3.467600000000001e-05,4.033966033966034,2021-07-01,3.3587499999999997,4.15625,2021-07-02,302.7755117227319,3.8927624872579,3.581304791029561,3.5051348651348655,3.5293306693306694,3.61592252803262,-0.024195804195804214,102.57233200815496,589797.0968399593,21238.371967380222,22732.834846481874,119.76254026503567,65.20672782874617,1.8339653414882773,256.22076962283387,4.033966033966034,2020-12-02,21.0,21.25,20.04,21.17,0.0,VIX,0.0192585459797787,4.0,2021-07-02,1.3055136886294159,1.5801088207870895,43769606179769.55,1.4065100494773115,0.8743551058358242,0.8313589939484075,1.0351913964153014,4.033966033966034
2020-12-09,2021-07-02,1.0860103896103894,138.36648351648353,1.2723084915084917,1.3387159840159841,0.9065211788211788,10.189976423576423,1.7420000000000074e-06,0.000282524,1.5157000000000018e-05,0.000107107,-0.000131059,0.00012570300000000004,90.46100674725275,91.66191675824176,81.37544374425573,92.22968404295705,92.36440729770229,101.95294091808192,84.4257861978022,-3.467600000000001e-05,4.033966033966034,2021-07-01,3.3587499999999997,4.15625,2021-07-02,302.7755117227319,3.8927624872579,3.581304791029561,3.5051348651348655,3.5293306693306694,3.61592252803262,-0.024195804195804214,102.57233200815496,589797.0968399593,21238.371967380222,22732.834846481874,119.76254026503567,65.20672782874617,1.8339653414882773,256.22076962283387,4.033966033966034,2020-12-09,20.66,22.93,20.1,22.27,0.0,VIX,0.0768858800773695,4.0,2021-07-02,1.3055136886294159,1.5801088207870895,43769606179769.55,1.4065100494773115,0.8743551058358242,0.8313589939484075,1.0351913964153014,4.033966033966034
2020-12-17,2021-07-02,1.0860103896103894,138.36648351648353,1.2723084915084917,1.3387159840159841,0.9065211788211788,10.189976423576423,1.7420000000000074e-06,0.000282524,1.5157000000000018e-05,0.000107107,-0.000131059,0.00012570300000000004,90.46100674725275,91.66191675824176,81.37544374425573,92.22968404295705,92.36440729770229,101.95294091808192,84.4257861978022,-3.467600000000001e-05,4.033966033966034,2021-07-01,3.3587499999999997,4.15625,2021-07-02,302.7755117227319,3.8927624872579,3.581304791029561,3.5051348651348655,3.5293306693306694,3.61592252803262,-0.024195804195804214,102.57233200815496,589797.0968399593,21238.371967380222,22732.834846481874,119.76254026503567,65.20672782874617,1.8339653414882773,256.22076962283387,4.033966033966034,2020-12-17,21.98,22.27,21.52,21.93,0.0,VIX,-0.0253333333333333,5.0,2021-07-02,1.3055136886294159,1.5801088207870895,43769606179769.55,1.4065100494773115,0.8743551058358242,0.8313589939484075,1.0351913964153014,4.033966033966034
2020-12-22,2021-07-02,1.0860103896103894,138.36648351648353,1.2723084915084917,1.3387159840159841,0.9065211788211788,10.189976423576423,1.7420000000000074e-06,0.000282524,1.5157000000000018e-05,0.000107107,-0.000131059,0.00012570300000000004,90.46100674725275,91.66191675824176,81.37544374425573,92.22968404295705,92.36440729770229,101.95294091808192,84.4257861978022,-3.467600000000001e-05,4.033966033966034,2021-07-01,3.3587499999999997,4.15625,2021-07-02,302.7755117227319,3.8927624872579,3.581304791029561,3.5051348651348655,3.5293306693306694,3.61592252803262,-0.024195804195804214,102.57233200815496,589797.0968399593,21238.371967380222,22732.834846481874,119.76254026503567,65.20672782874617,1.8339653414882773,256.22076962283387,4.033966033966034,2020-12-22,25.24,25.56,23.53,24.23,0.0,VIX,-0.0369634340222575,3.0,2021-07-02,1.3055136886294159,1.5801088207870895,43769606179769.55,1.4065100494773115,0.8743551058358242,0.8313589939484075,1.0351913964153014,4.033966033966034
2020-12-23,2021-07-02,1.0860103896103894,138.36648351648353,1.2723084915084917,1.3387159840159841,0.9065211788211788,10.189976423576423,1.7420000000000074e-06,0.000282524,1.5157000000000018e-05,0.000107107,-0.000131059,0.00012570300000000004,90.46100674725275,91.66191675824176,81.37544374425573,92.22968404295705,92.36440729770229,101.95294091808192,84.4257861978022,-3.467600000000001e-05,4.033966033966034,2021-07-01,3.3587499999999997,4.15625,2021-07-02,302.7755117227319,3.8927624872579,3.581304791029561,3.5051348651348655,3.5293306693306694,3.61592252803262,-0.024195804195804214,102.57233200815496,589797.0968399593,21238.371967380222,22732.834846481874,119.76254026503567,65.20672782874617,1.8339653414882773,256.22076962283387,4.033966033966034,2020-12-23,23.49,23.68,22.13,23.31,0.0,VIX,-0.0379694593479158,4.0,2021-07-02,1.3055136886294159,1.5801088207870895,43769606179769.55,1.4065100494773115,0.8743551058358242,0.8313589939484075,1.0351913964153014,4.033966033966034
2020-12-28,2021-07-02,1.0860103896103894,138.36648351648353,1.2723084915084917,1.3387159840159841,0.9065211788211788,10.189976423576423,1.7420000000000074e-06,0.000282524,1.5157000000000018e-05,0.000107107,-0.000131059,0.00012570300000000004,90.46100674725275,91.66191675824176,81.37544374425573,92.22968404295705,92.36440729770229,101.95294091808192,84.4257861978022,-3.467600000000001e-05,4.033966033966034,2021-07-01,3.3587499999999997,4.15625,2021-07-02,302.7755117227319,3.8927624872579,3.581304791029561,3.5051348651348655,3.5293306693306694,3.61592252803262,-0.024195804195804214,102.57233200815496,589797.0968399593,21238.371967380222,22732.834846481874,119.76254026503567,65.20672782874617,1.8339653414882773,256.22076962283387,4.033966033966034,2020-12-28,22.11,22.12,21.15,21.7,0.0,VIX,0.0078959591267997,2.0,2021-07-02,1.3055136886294159,1.5801088207870895,43769606179769.55,1.4065100494773115,0.8743551058358242,0.8313589939484075,1.0351913964153014,4.033966033966034
2021-01-05,2021-07-02,1.0860103896103894,138.36648351648353,1.2723084915084917,1.3387159840159841,0.9065211788211788,10.189976423576423,1.7420000000000074e-06,0.000282524,1.5157000000000018e-05,0.000107107,-0.000131059,0.00012570300000000004,90.46100674725275,91.66191675824176,81.37544374425573,92.22968404295705,92.36440729770229,101.95294091808192,84.4257861978022,-3.467600000000001e-05,4.033966033966034,2021-07-01,3.3587499999999997,4.15625,2021-07-02,302.7755117227319,3.8927624872579,3.581304791029561,3.5051348651348655,3.5293306693306694,3.61592252803262,-0.024195804195804214,102.57233200815496,589797.0968399593,21238.371967380222,22732.834846481874,119.76254026503567,65.20672782874617,1.8339653414882773,256.22076962283387,4.033966033966034,2021-01-05,26.94,28.6,24.8,25.34,0.0,VIX,-0.0604375231738968,3.0,2021-07-02,1.3055136886294159,1.5801088207870895,43769606179769.55,1.4065100494773115,0.8743551058358242,0.8313589939484075,1.0351913964153014,4.033966033966034
2021-02-01,2021-07-02,1.0860103896103894,138.36648351648353,1.2723084915084917,1.3387159840159841,0.9065211788211788,10.189976423576423,1.7420000000000074e-06,0.000282524,1.5157000000000018e-05,0.000107107,-0.000131059,0.00012570300000000004,90.46100674725275,91.66191675824176,81.37544374425573,92.22968404295705,92.36440729770229,101.95294091808192,84.4257861978022,-3.467600000000001e-05,4.033966033966034,2021-07-01,3.3587499999999997,4.15625,2021-07-02,302.7755117227319,3.8927624872579,3.581304791029561,3.5051348651348655,3.5293306693306694,3.61592252803262,-0.024195804195804214,102.57233200815496,589797.0968399593,21238.371967380222,22732.834846481874,119.76254026503567,65.20672782874617,1.8339653414882773,256.22076962283387,4.033966033966034,2021-02-01,31.45,33.96,29.03,30.24,0.0,VIX,-0.0861287398005441,2.0,2021-07-02,1.3055136886294159,1.5801088207870895,43769606179769.55,1.4065100494773115,0.8743551058358242,0.8313589939484075,1.0351913964153014,4.033966033966034
2021-02-02,2021-07-02,1.0860103896103894,138.36648351648353,1.2723084915084917,1.3387159840159841,0.9065211788211788,10.189976423576423,1.7420000000000074e-06,0.000282524,1.5157000000000018e-05,0.000107107,-0.000131059,0.00012570300000000004,90.46100674725275,91.66191675824176,81.37544374425573,92.22968404295705,92.36440729770229,101.95294091808192,84.4257861978022,-3.467600000000001e-05,4.033966033966034,2021-07-01,3.3587499999999997,4.15625,2021-07-02,302.7755117227319,3.8927624872579,3.581304791029561,3.5051348651348655,3.5293306693306694,3.61592252803262,-0.024195804195804214,102.57233200815496,589797.0968399593,21238.371967380222,22732.834846481874,119.76254026503567,65.20672782874617,1.8339653414882773,256.22076962283387,4.033966033966034,2021-02-02,28.01,28.08,25.31,25.56,0.0,VIX,-0.1547619047619047,3.0,2021-07-02,1.3055136886294159,1.5801088207870895,43769606179769.55,1.4065100494773115,0.8743551058358242,0.8313589939484075,1.0351913964153014,4.033966033966034
2021-02-04,2021-07-02,1.0860103896103894,138.36648351648353,1.2723084915084917,1.3387159840159841,0.9065211788211788,10.189976423576423,1.7420000000000074e-06,0.000282524,1.5157000000000018e-05,0.000107107,-0.000131059,0.00012570300000000004,90.46100674725275,91.66191675824176,81.37544374425573,92.22968404295705,92.36440729770229,101.95294091808192,84.4257861978022,-3.467600000000001e-05,4.033966033966034,2021-07-01,3.3587499999999997,4.15625,2021-07-02,302.7755117227319,3.8927624872579,3.581304791029561,3.5051348651348655,3.5293306693306694,3.61592252803262,-0.024195804195804214,102.57233200815496,589797.0968399593,21238.371967380222,22732.834846481874,119.76254026503567,65.20672782874617,1.8339653414882773,256.22076962283387,4.033966033966034,2021-02-04,23.44,23.44,21.68,21.77,0.0,VIX,-0.0497599301615016,5.0,2021-07-02,1.3055136886294159,1.5801088207870895,43769606179769.55,1.4065100494773115,0.8743551058358242,0.8313589939484075,1.0351913964153014,4.033966033966034
2021-02-08,2021-07-02,1.0860103896103894,138.36648351648353,1.2723084915084917,1.3387159840159841,0.9065211788211788,10.189976423576423,1.7420000000000074e-06,0.000282524,1.5157000000000018e-05,0.000107107,-0.000131059,0.00012570300000000004,90.46100674725275,91.66191675824176,81.37544374425573,92.22968404295705,92.36440729770229,101.95294091808192,84.4257861978022,-3.467600000000001e-05,4.033966033966034,2021-07-01,3.3587499999999997,4.15625,2021-07-02,302.7755117227319,3.8927624872579,3.581304791029561,3.5051348651348655,3.5293306693306694,3.61592252803262,-0.024195804195804214,102.57233200815496,589797.0968399593,21238.371967380222,22732.834846481874,119.76254026503567,65.20672782874617,1.8339653414882773,256.22076962283387,4.033966033966034,2021-02-08,21.89,22.07,21.23,21.24,0.0,VIX,0.0177287973167223,2.0,2021-07-02,1.3055136886294159,1.5801088207870895,43769606179769.55,1.4065100494773115,0.8743551058358242,0.8313589939484075,1.0351913964153014,4.033966033966034
2021-02-11,2021-07-02,1.0860103896103894,138.36648351648353,1.2723084915084917,1.3387159840159841,0.9065211788211788,10.189976423576423,1.7420000000000074e-06,0.000282524,1.5157000000000018e-05,0.000107107,-0.000131059,0.00012570300000000004,90.46100674725275,91.66191675824176,81.37544374425573,92.22968404295705,92.36440729770229,101.95294091808192,84.4257861978022,-3.467600000000001e-05,4.033966033966034,2021-07-01,3.3587499999999997,4.15625,2021-07-02,302.7755117227319,3.8927624872579,3.581304791029561,3.5051348651348655,3.5293306693306694,3.61592252803262,-0.024195804195804214,102.57233200815496,589797.0968399593,21238.371967380222,22732.834846481874,119.76254026503567,65.20672782874617,1.8339653414882773,256.22076962283387,4.033966033966034,2021-02-11,22.09,23.25,21.11,21.25,0.0,VIX,-0.0336516598453842,5.0,2021-07-02,1.3055136886294159,1.5801088207870895,43769606179769.55,1.4065100494773115,0.8743551058358242,0.8313589939484075,1.0351913964153014,4.033966033966034
2021-02-12,2021-07-02,1.0860103896103894,138.36648351648353,1.2723084915084917,1.3387159840159841,0.9065211788211788,10.189976423576423,1.7420000000000074e-06,0.000282524,1.5157000000000018e-05,0.000107107,-0.000131059,0.00012570300000000004,90.46100674725275,91.66191675824176,81.37544374425573,92.22968404295705,92.36440729770229,101.95294091808192,84.4257861978022,-3.467600000000001e-05,4.033966033966034,2021-07-01,3.3587499999999997,4.15625,2021-07-02,302.7755117227319,3.8927624872579,3.581304791029561,3.5051348651348655,3.5293306693306694,3.61592252803262,-0.024195804195804214,102.57233200815496,589797.0968399593,21238.371967380222,22732.834846481874,119.76254026503567,65.20672782874617,1.8339653414882773,256.22076962283387,4.033966033966034,2021-02-12,21.6,22.45,19.95,19.97,0.0,VIX,-0.0602352941176471,6.0,2021-07-02,1.3055136886294159,1.5801088207870895,43769606179769.55,1.4065100494773115,0.8743551058358242,0.8313589939484075,1.0351913964153014,4.033966033966034
2021-02-23,2021-07-02,1.0860103896103894,138.36648351648353,1.2723084915084917,1.3387159840159841,0.9065211788211788,10.189976423576423,1.7420000000000074e-06,0.000282524,1.5157000000000018e-05,0.000107107,-0.000131059,0.00012570300000000004,90.46100674725275,91.66191675824176,81.37544374425573,92.22968404295705,92.36440729770229,101.95294091808192,84.4257861978022,-3.467600000000001e-05,4.033966033966034,2021-07-01,3.3587499999999997,4.15625,2021-07-02,302.7755117227319,3.8927624872579,3.581304791029561,3.5051348651348655,3.5293306693306694,3.61592252803262,-0.024195804195804214,102.57233200815496,589797.0968399593,21238.371967380222,22732.834846481874,119.76254026503567,65.20672782874617,1.8339653414882773,256.22076962283387,4.033966033966034,2021-02-23,22.82,27.01,22.5,23.11,0.0,VIX,-0.0144989339019189,3.0,2021-07-02,1.3055136886294159,1.5801088207870895,43769606179769.55,1.4065100494773115,0.8743551058358242,0.8313589939484075,1.0351913964153014,4.033966033966034
2021-02-25,2021-07-02,1.0860103896103894,138.36648351648353,1.2723084915084917,1.3387159840159841,0.9065211788211788,10.189976423576423,1.7420000000000074e-06,0.000282524,1.5157000000000018e-05,0.000107107,-0.000131059,0.00012570300000000004,90.46100674725275,91.66191675824176,81.37544374425573,92.22968404295705,92.36440729770229,101.95294091808192,84.4257861978022,-3.467600000000001e-05,4.033966033966034,2021-07-01,3.3587499999999997,4.15625,2021-07-02,302.7755117227319,3.8927624872579,3.581304791029561,3.5051348651348655,3.5293306693306694,3.61592252803262,-0.024195804195804214,102.57233200815496,589797.0968399593,21238.371967380222,22732.834846481874,119.76254026503567,65.20672782874617,1.8339653414882773,256.22076962283387,4.033966033966034,2021-02-25,21.73,31.16,21.52,28.89,0.0,VIX,0.3537956888472353,5.0,2021-07-02,1.3055136886294159,1.5801088207870895,43769606179769.55,1.4065100494773115,0.8743551058358242,0.8313589939484075,1.0351913964153014,4.033966033966034
2021-03-01,2021-07-02,1.0860103896103894,138.36648351648353,1.2723084915084917,1.3387159840159841,0.9065211788211788,10.189976423576423,1.7420000000000074e-06,0.000282524,1.5157000000000018e-05,0.000107107,-0.000131059,0.00012570300000000004,90.46100674725275,91.66191675824176,81.37544374425573,92.22968404295705,92.36440729770229,101.95294091808192,84.4257861978022,-3.467600000000001e-05,4.033966033966034,2021-07-01,3.3587499999999997,4.15625,2021-07-02,302.7755117227319,3.8927624872579,3.581304791029561,3.5051348651348655,3.5293306693306694,3.61592252803262,-0.024195804195804214,102.57233200815496,589797.0968399593,21238.371967380222,22732.834846481874,119.76254026503567,65.20672782874617,1.8339653414882773,256.22076962283387,4.033966033966034,2021-03-01,25.2,25.39,23.17,23.35,0.0,VIX,-0.1645796064400715,2.0,2021-07-02,1.3055136886294159,1.5801088207870895,43769606179769.55,1.4065100494773115,0.8743551058358242,0.8313589939484075,1.0351913964153014,4.033966033966034
2021-03-09,2021-07-02,1.0860103896103894,138.36648351648353,1.2723084915084917,1.3387159840159841,0.9065211788211788,10.189976423576423,1.7420000000000074e-06,0.000282524,1.5157000000000018e-05,0.000107107,-0.000131059,0.00012570300000000004,90.46100674725275,91.66191675824176,81.37544374425573,92.22968404295705,92.36440729770229,101.95294091808192,84.4257861978022,-3.467600000000001e-05,4.033966033966034,2021-07-01,3.3587499999999997,4.15625,2021-07-02,302.7755117227319,3.8927624872579,3.581304791029561,3.5051348651348655,3.5293306693306694,3.61592252803262,-0.024195804195804214,102.57233200815496,589797.0968399593,21238.371967380222,22732.834846481874,119.76254026503567,65.20672782874617,1.8339653414882773,256.22076962283387,4.033966033966034,2021-03-09,25.11,25.25,22.9,24.03,0.0,VIX,-0.0565371024734981,3.0,2021-07-02,1.3055136886294159,1.5801088207870895,43769606179769.55,1.4065100494773115,0.8743551058358242,0.8313589939484075,1.0351913964153014,4.033966033966034
2021-04-15,2021-07-02,1.0860103896103894,138.36648351648353,1.2723084915084917,1.3387159840159841,0.9065211788211788,10.189976423576423,1.7420000000000074e-06,0.000282524,1.5157000000000018e-05,0.000107107,-0.000131059,0.00012570300000000004,90.46100674725275,91.66191675824176,81.37544374425573,92.22968404295705,92.36440729770229,101.95294091808192,84.4257861978022,-3.467600000000001e-05,4.033966033966034,2021-07-01,3.3587499999999997,4.15625,2021-07-02,302.7755117227319,3.8927624872579,3.581304791029561,3.5051348651348655,3.5293306693306694,3.61592252803262,-0.024195804195804214,102.57233200815496,589797.0968399593,21238.371967380222,22732.834846481874,119.76254026503567,65.20672782874617,1.8339653414882773,256.22076962283387,4.033966033966034,2021-04-15,16.78,16.92,15.94,16.57,0.0,VIX,-0.0247204237786932,5.0,2021-07-02,1.3055136886294159,1.5801088207870895,43769606179769.55,1.4065100494773115,0.8743551058358242,0.8313589939484075,1.0351913964153014,4.033966033966034
2021-04-21,2021-07-02,1.0860103896103894,138.36648351648353,1.2723084915084917,1.3387159840159841,0.9065211788211788,10.189976423576423,1.7420000000000074e-06,0.000282524,1.5157000000000018e-05,0.000107107,-0.000131059,0.00012570300000000004,90.46100674725275,91.66191675824176,81.37544374425573,92.22968404295705,92.36440729770229,101.95294091808192,84.4257861978022,-3.467600000000001e-05,4.033966033966034,2021-07-01,3.3587499999999997,4.15625,2021-07-02,302.7755117227319,3.8927624872579,3.581304791029561,3.5051348651348655,3.5293306693306694,3.61592252803262,-0.024195804195804214,102.57233200815496,589797.0968399593,21238.371967380222,22732.834846481874,119.76254026503567,65.20672782874617,1.8339653414882773,256.22076962283387,4.033966033966034,2021-04-21,18.48,19.29,16.91,17.5,0.0,VIX,-0.063169164882227,4.0,2021-07-02,1.3055136886294159,1.5801088207870895,43769606179769.55,1.4065100494773115,0.8743551058358242,0.8313589939484075,1.0351913964153014,4.033966033966034
2021-04-22,2021-07-02,1.0860103896103894,138.36648351648353,1.2723084915084917,1.3387159840159841,0.9065211788211788,10.189976423576423,1.7420000000000074e-06,0.000282524,1.5157000000000018e-05,0.000107107,-0.000131059,0.00012570300000000004,90.46100674725275,91.66191675824176,81.37544374425573,92.22968404295705,92.36440729770229,101.95294091808192,84.4257861978022,-3.467600000000001e-05,4.033966033966034,2021-07-01,3.3587499999999997,4.15625,2021-07-02,302.7755117227319,3.8927624872579,3.581304791029561,3.5051348651348655,3.5293306693306694,3.61592252803262,-0.024195804195804214,102.57233200815496,589797.0968399593,21238.371967380222,22732.834846481874,119.76254026503567,65.20672782874617,1.8339653414882773,256.22076962283387,4.033966033966034,2021-04-22,17.28,19.9,16.99,18.71,0.0,VIX,0.0691428571428571,5.0,2021-07-02,1.3055136886294159,1.5801088207870895,43769606179769.55,1.4065100494773115,0.8743551058358242,0.8313589939484075,1.0351913964153014,4.033966033966034
2021-04-28,2021-07-02,1.0860103896103894,138.36648351648353,1.2723084915084917,1.3387159840159841,0.9065211788211788,10.189976423576423,1.7420000000000074e-06,0.000282524,1.5157000000000018e-05,0.000107107,-0.000131059,0.00012570300000000004,90.46100674725275,91.66191675824176,81.37544374425573,92.22968404295705,92.36440729770229,101.95294091808192,84.4257861978022,-3.467600000000001e-05,4.033966033966034,2021-07-01,3.3587499999999997,4.15625,2021-07-02,302.7755117227319,3.8927624872579,3.581304791029561,3.5051348651348655,3.5293306693306694,3.61592252803262,-0.024195804195804214,102.57233200815496,589797.0968399593,21238.371967380222,22732.834846481874,119.76254026503567,65.20672782874617,1.8339653414882773,256.22076962283387,4.033966033966034,2021-04-28,17.47,17.84,16.67,17.28,0.0,VIX,-0.0159453302961274,4.0,2021-07-02,1.3055136886294159,1.5801088207870895,43769606179769.55,1.4065100494773115,0.8743551058358242,0.8313589939484075,1.0351913964153014,4.033966033966034
2021-05-14,2021-07-02,1.0860103896103894,138.36648351648353,1.2723084915084917,1.3387159840159841,0.9065211788211788,10.189976423576423,1.7420000000000074e-06,0.000282524,1.5157000000000018e-05,0.000107107,-0.000131059,0.00012570300000000004,90.46100674725275,91.66191675824176,81.37544374425573,92.22968404295705,92.36440729770229,101.95294091808192,84.4257861978022,-3.467600000000001e-05,4.033966033966034,2021-07-01,3.3587499999999997,4.15625,2021-07-02,302.7755117227319,3.8927624872579,3.581304791029561,3.5051348651348655,3.5293306693306694,3.61592252803262,-0.024195804195804214,102.57233200815496,589797.0968399593,21238.371967380222,22732.834846481874,119.76254026503567,65.20672782874617,1.8339653414882773,256.22076962283387,4.033966033966034,2021-05-14,21.77,22.1,18.66,18.81,0.0,VIX,-0.1867704280155642,6.0,2021-07-02,1.3055136886294159,1.5801088207870895,43769606179769.55,1.4065100494773115,0.8743551058358242,0.8313589939484075,1.0351913964153014,4.033966033966034
2021-05-25,2021-07-02,1.0860103896103894,138.36648351648353,1.2723084915084917,1.3387159840159841,0.9065211788211788,10.189976423576423,1.7420000000000074e-06,0.000282524,1.5157000000000018e-05,0.000107107,-0.000131059,0.00012570300000000004,90.46100674725275,91.66191675824176,81.37544374425573,92.22968404295705,92.36440729770229,101.95294091808192,84.4257861978022,-3.467600000000001e-05,4.033966033966034,2021-07-01,3.3587499999999997,4.15625,2021-07-02,302.7755117227319,3.8927624872579,3.581304791029561,3.5051348651348655,3.5293306693306694,3.61592252803262,-0.024195804195804214,102.57233200815496,589797.0968399593,21238.371967380222,22732.834846481874,119.76254026503567,65.20672782874617,1.8339653414882773,256.22076962283387,4.033966033966034,2021-05-25,18.35,19.29,16.87,18.84,0.0,VIX,0.0239130434782608,3.0,2021-07-02,1.3055136886294159,1.5801088207870895,43769606179769.55,1.4065100494773115,0.8743551058358242,0.8313589939484075,1.0351913964153014,4.033966033966034
2021-06-07,2021-07-02,1.0860103896103894,138.36648351648353,1.2723084915084917,1.3387159840159841,0.9065211788211788,10.189976423576423,1.7420000000000074e-06,0.000282524,1.5157000000000018e-05,0.000107107,-0.000131059,0.00012570300000000004,90.46100674725275,91.66191675824176,81.37544374425573,92.22968404295705,92.36440729770229,101.95294091808192,84.4257861978022,-3.467600000000001e-05,4.033966033966034,2021-07-01,3.3587499999999997,4.15625,2021-07-02,302.7755117227319,3.8927624872579,3.581304791029561,3.5051348651348655,3.5293306693306694,3.61592252803262,-0.024195804195804214,102.57233200815496,589797.0968399593,21238.371967380222,22732.834846481874,119.76254026503567,65.20672782874617,1.8339653414882773,256.22076962283387,4.033966033966034,2021-06-07,17.34,17.35,15.78,16.42,0.0,VIX,0.0,2.0,2021-07-02,1.3055136886294159,1.5801088207870895,43769606179769.55,1.4065100494773115,0.8743551058358242,0.8313589939484075,1.0351913964153014,4.033966033966034
2021-06-17,2021-07-02,1.0860103896103894,138.36648351648353,1.2723084915084917,1.3387159840159841,0.9065211788211788,10.189976423576423,1.7420000000000074e-06,0.000282524,1.5157000000000018e-05,0.000107107,-0.000131059,0.00012570300000000004,90.46100674725275,91.66191675824176,81.37544374425573,92.22968404295705,92.36440729770229,101.95294091808192,84.4257861978022,-3.467600000000001e-05,4.033966033966034,2021-07-01,3.3587499999999997,4.15625,2021-07-02,302.7755117227319,3.8927624872579,3.581304791029561,3.5051348651348655,3.5293306693306694,3.61592252803262,-0.024195804195804214,102.57233200815496,589797.0968399593,21238.371967380222,22732.834846481874,119.76254026503567,65.20672782874617,1.8339653414882773,256.22076962283387,4.033966033966034,2021-06-17,18.49,19.22,16.71,17.75,0.0,VIX,-0.0220385674931128,5.0,2021-07-02,1.3055136886294159,1.5801088207870895,43769606179769.55,1.4065100494773115,0.8743551058358242,0.8313589939484075,1.0351913964153014,4.033966033966034
2021-06-24,2021-07-02,1.0860103896103894,138.36648351648353,1.2723084915084917,1.3387159840159841,0.9065211788211788,10.189976423576423,1.7420000000000074e-06,0.000282524,1.5157000000000018e-05,0.000107107,-0.000131059,0.00012570300000000004,90.46100674725275,91.66191675824176,81.37544374425573,92.22968404295705,92.36440729770229,101.95294091808192,84.4257861978022,-3.467600000000001e-05,4.033966033966034,2021-07-01,3.3587499999999997,4.15625,2021-07-02,302.7755117227319,3.8927624872579,3.581304791029561,3.5051348651348655,3.5293306693306694,3.61592252803262,-0.024195804195804214,102.57233200815496,589797.0968399593,21238.371967380222,22732.834846481874,119.76254026503567,65.20672782874617,1.8339653414882773,256.22076962283387,4.033966033966034,2021-06-24,15.99,16.05,14.19,15.97,0.0,VIX,-0.0214460784313724,5.0,2021-07-02,1.3055136886294159,1.5801088207870895,43769606179769.55,1.4065100494773115,0.8743551058358242,0.8313589939484075,1.0351913964153014,4.033966033966034
2021-06-25,2021-07-02,1.0860103896103894,138.36648351648353,1.2723084915084917,1.3387159840159841,0.9065211788211788,10.189976423576423,1.7420000000000074e-06,0.000282524,1.5157000000000018e-05,0.000107107,-0.000131059,0.00012570300000000004,90.46100674725275,91.66191675824176,81.37544374425573,92.22968404295705,92.36440729770229,101.95294091808192,84.4257861978022,-3.467600000000001e-05,4.033966033966034,2021-07-01,3.3587499999999997,4.15625,2021-07-02,302.7755117227319,3.8927624872579,3.581304791029561,3.5051348651348655,3.5293306693306694,3.61592252803262,-0.024195804195804214,102.57233200815496,589797.0968399593,21238.371967380222,22732.834846481874,119.76254026503567,65.20672782874617,1.8339653414882773,256.22076962283387,4.033966033966034,2021-06-25,16.04,16.17,15.21,15.62,0.0,VIX,-0.0219160926737633,6.0,2021-07-02,1.3055136886294159,1.5801088207870895,43769606179769.55,1.4065100494773115,0.8743551058358242,0.8313589939484075,1.0351913964153014,4.033966033966034
2021-07-15,2021-07-15,1.1806,110.05,1.3849,1.2575,0.9186,8.6704,-0.001691,0.000182,-0.000361,0.004313,0.003496,0.005322,99.788206,99.64551,101.117674,100.391446,98.178926,100.413673,98.681722,-0.001773,5.0,2021-07-01,3.3587499999999997,4.15625,2021-07-15,302.7755117227319,3.8927624872579,3.581304791029561,1.31,0.23,3.61592252803262,1.08,102.57233200815496,589797.0968399593,21238.371967380222,22732.834846481874,119.76254026503567,65.20672782874617,1.8339653414882773,256.22076962283387,5.0,2021-07-15,16.7,18.09,16.56,17.01,0.0,VIX,0.0416411512553585,5.0,2021-07-15,1.1916716189599124,1.3989002543565547,281.7429388428552,1.2647396639791282,0.7617026438701339,0.7122603627556544,0.9308483926886384,5.0
2021-07-16,2021-07-16,1.181,110.13,1.3785,1.2586,0.9192,8.6762,0.000339,0.000727,-0.004621,0.000875,0.000653,0.000669,99.729516,99.679271,101.04422,99.92751,98.093119,100.348129,98.615753,-0.000588,6.0,2021-07-01,3.3587499999999997,4.15625,2021-07-16,302.7755117227319,3.8927624872579,3.581304791029561,1.31,0.25,3.61592252803262,1.06,102.57233200815496,589797.0968399593,21238.371967380222,22732.834846481874,119.76254026503567,65.20672782874617,1.8339653414882773,256.22076962283387,6.0,2021-07-16,16.8,18.7,16.03,18.45,0.0,VIX,0.0846560846560844,6.0,2021-07-16,1.181478292399557,1.3821578826666157,118.934172174519,1.2517602807070278,0.751289374313435,0.7013122707835004,0.9212955666003724,6.0
2021-07-22,2021-07-22,1.1771,110.1,1.375,1.2578,0.9195,8.6832,-0.002373,-0.001089,0.004016,0.00319,0.001743,-0.000771,99.514626,99.350101,101.071753,99.673795,98.15551,100.315389,98.536254,-0.001057,5.0,2021-07-01,3.3587499999999997,4.15625,2021-07-22,302.7755117227319,3.8927624872579,3.581304791029561,1.27,0.2,3.61592252803262,1.07,102.57233200815496,589797.0968399593,21238.371967380222,22732.834846481874,119.76254026503567,65.20672782874617,1.8339653414882773,256.22076962283387,5.0,2021-07-22,17.59,18.45,17.4,17.69,0.0,VIX,-0.0122836404243439,5.0,2021-07-22,1.169285216244368,1.362118286494837,41.30563558449251,1.236223819287783,0.7388319081158503,0.6882259794857195,0.9098607309958084,5.0
2021-07-28,2021-07-28,1.1809,110.06,1.3884,1.2563,0.9134,8.6235,-0.00186,0.003831,0.0,-0.001272,-0.000109,0.001626,99.883388,99.670831,101.108486,100.645161,98.272706,100.98533,99.218415,-0.001546,4.0,2021-07-01,3.3587499999999997,4.15625,2021-07-28,302.7755117227319,3.8927624872579,3.581304791029561,1.26,0.2,3.61592252803262,1.06,102.57233200815496,589797.0968399593,21238.371967380222,22732.834846481874,119.76254026503567,65.20672782874617,1.8339653414882773,256.22076962283387,4.0,2021-07-28,19.41,19.62,17.52,18.31,0.0,VIX,-0.0542355371900826,4.0,2021-07-28,1.15114756652649,1.3325212768388124,8.478028132839098,1.21319899584232,0.7204923368076147,0.6690201207297674,0.8929144609399476,4.0
2021-08-03,2021-08-03,1.1859,109.09,1.3905,1.255,0.9047,8.6042,-0.001179,-0.00119,0.001368,0.00392,-0.000442,0.002412,100.320422,100.092843,102.007517,100.79739,98.374502,101.95645,99.440971,-0.000784,3.0,2021-07-01,3.3587499999999997,4.15625,2021-08-03,272.752,5.1,0.09,1.19,0.17,0.05,1.02,100.0412,539655.0,20811.3,22732.834846481874,109.72,70.3,1.96,233.415,3.0,2021-08-03,19.17,20.44,17.7,18.04,0.0,VIX,-0.0729701952723536,3.0,2021-08-03,1.155537346999756,1.3395314209074132,12.156959415981134,1.218703089096706,0.7248047018094814,0.6735094572768594,0.8969654735751758,3.0
2021-08-10,2021-08-10,1.1722,110.54,1.384,1.2531,0.9226,8.7112,-0.002298,0.00263,-0.000866,-0.003182,0.003808,0.001402,99.307396,98.936529,100.669441,100.326205,98.523661,99.978322,98.219533,-0.001695,3.0,2021-07-01,3.3587499999999997,4.15625,2021-08-10,272.752,5.1,0.09,1.36,0.24,0.05,1.12,100.0412,539655.0,20811.3,22732.834846481874,109.72,70.3,1.96,233.415,3.0,2021-08-10,16.82,17.05,16.34,16.79,0.0,VIX,0.0041866028708135,3.0,2021-08-10,1.1310118783717025,1.2997745329534207,1.3896740541918344,1.187673485035731,0.7002483424544207,0.6478743038761825,0.8741276849862979,3.0
2021-08-11,2021-08-11,1.1737,110.47,1.3866,1.2513,0.9215,8.6909,0.00128,-0.000633,0.001879,-0.001436,-0.001192,-0.00233,99.438253,99.063133,100.733231,100.514679,98.665388,100.097667,98.448952,0.001318,4.0,2021-07-01,3.3587499999999997,4.15625,2021-08-11,272.752,5.1,0.09,1.35,0.23,0.05,1.12,100.0412,539655.0,20811.3,22732.834846481874,109.72,70.3,1.96,233.415,4.0,2021-08-11,16.81,17.09,15.87,16.06,0.0,VIX,-0.0434782608695653,4.0,2021-08-11,1.1352342564674256,1.30655521882173,2.010405628103946,1.192988053077097,0.7044214095498089,0.6522167150464167,0.8780392070647435,4.0
2021-08-20,2021-08-20,1.169,109.77,1.3625,1.2853,0.9176,8.8169,-0.000257,0.000182,-0.003511,0.004926,0.000327,0.003197,98.807944,98.666442,101.375604,98.767669,96.055396,100.523104,97.042044,-0.00117,6.0,2021-07-01,3.3587499999999997,4.15625,2021-08-20,272.752,5.1,0.09,1.26,0.23,0.05,1.03,100.0412,539655.0,20811.3,22732.834846481874,109.72,70.3,1.96,233.415,6.0,2021-08-20,22.74,23.9,18.18,18.56,0.0,VIX,-0.1435163820950624,6.0,2021-08-20,1.1171842930886429,1.277408180284626,0.3927029788126684,1.1701909181317032,0.6864608382626084,0.6335143245899777,0.8612605157449336,6.0
2021-08-25,2021-08-25,1.1758,110.03,1.3723,1.2624,0.9137,8.6982,0.001022,0.003191,0.00051,0.000713,0.000767,0.000287,99.42012,99.240378,101.136054,99.478072,97.797845,100.952172,98.366329,0.000102,4.0,2021-07-01,3.3587499999999997,4.15625,2021-08-25,272.752,5.1,0.09,1.35,0.23,0.05,1.12,100.0412,539655.0,20811.3,22732.834846481874,109.72,70.3,1.96,233.415,4.0,2021-08-25,17.42,17.5,16.46,16.79,0.0,VIX,-0.0249709639953542,4.0,2021-08-25,1.1224403801005003,1.2857425442409305,0.6174519485985818,1.1767605878583591,0.6915650202288179,0.6388025212855071,0.8660957926637524,4.0
2021-08-26,2021-08-26,1.1761,110.09,1.3712,1.2654,0.9174,8.7128,0.000255,0.000545,-0.000802,0.002376,0.004049,0.001679,99.375039,99.265699,101.080934,99.398333,97.565987,100.545019,98.201497,-0.000453,5.0,2021-07-01,3.3587499999999997,4.15625,2021-08-26,272.752,5.1,0.09,1.34,0.25,0.05,1.09,100.0412,539655.0,20811.3,22732.834846481874,109.72,70.3,1.96,233.415,5.0,2021-08-26,17.46,19.27,17.16,18.84,0.0,VIX,0.1220964860035735,5.0,2021-08-26,1.127717430485723,1.2941956185824628,0.9836550724581954,1.1833945785472415,0.6967602698678885,0.6442010551358766,0.8709784098107698,5.0
2021-09-09,2021-09-09,1.1827,109.76,1.3855,1.2648,0.9173,8.6008,0.000762,-0.005076,0.006831,-0.002602,-0.00499,-0.003072,99.918907,99.822755,101.38484,100.43494,97.612271,100.55598,99.480281,0.002497,5.0,2021-07-01,3.3587499999999997,4.15625,2021-09-09,273.942,4.7,0.08,1.3,0.23,0.04,1.07,98.9955,518687.0,20978.9,22732.834846481874,110.047,72.8,1.86,235.678,5.0,2021-09-09,19.44,19.54,17.17,18.8,0.0,VIX,0.0467706013363029,5.0,2021-09-09,1.1282982535324717,1.294882407720228,0.987973167052622,1.1840133233447376,0.6971354624828722,0.6445529787084747,0.8714338059817269,5.0
2021-09-16,2021-09-16,1.1764,109.67,1.3785,1.2679,0.9251,8.6311,-0.003979,0.002468,-0.003758,0.002055,0.005981,0.005604,99.49665,99.29102,101.46804,99.92751,97.37361,99.70814,99.131049,-0.003709,5.0,2021-07-01,3.3587499999999997,4.15625,2021-09-16,273.942,4.7,0.08,1.34,0.23,0.04,1.11,98.9955,518687.0,20978.9,22732.834846481874,110.047,72.8,1.86,235.678,5.0,2021-09-16,18.41,19.76,17.65,18.69,0.0,VIX,0.0280528052805282,5.0,2021-09-16,1.1382997844077634,1.3108555286510313,2.332324294223569,1.1965620039721048,0.7069481393381882,0.65474905621848,0.8806696349234692,5.0
2021-09-17,2021-09-17,1.1734,109.94,1.3755,1.2738,0.9308,8.6717,-0.00255,0.002462,-0.002176,0.004653,0.006161,0.004704,99.208517,99.037812,101.218847,99.71004,96.922594,99.09755,98.666928,-0.002896,6.0,2021-07-01,3.3587499999999997,4.15625,2021-09-17,273.942,4.7,0.08,1.37,0.23,0.04,1.14,98.9955,518687.0,20978.9,22732.834846481874,110.047,72.8,1.86,235.678,6.0,2021-09-17,18.37,21.51,18.35,20.81,0.0,VIX,0.113429641519529,6.0,2021-09-17,1.1366378901018637,1.3081591741257304,2.0085149873935992,1.1944578429466055,0.7052830712698622,0.6530116476654275,0.8791209724087018,6.0
2021-09-24,2021-09-24,1.1715,110.72,1.3681,1.2672,0.9246,8.6579,-0.001704,0.004992,-0.004656,0.00079,0.000325,0.002919,99.0318,98.877448,100.50578,99.173614,97.427399,99.762059,98.824195,-0.002427,6.0,2021-07-01,3.3587499999999997,4.15625,2021-09-24,273.942,4.7,0.08,1.47,0.29,0.04,1.18,98.9955,518687.0,20978.9,22732.834846481874,110.047,72.8,1.86,235.678,6.0,2021-09-24,19.33,20.41,17.63,17.75,0.0,VIX,-0.0472356414385399,6.0,2021-09-24,1.1278085718928794,1.2938318104343924,0.8994380988410913,1.1832760491979235,0.6964383513824393,0.6437868960439498,0.8708911722096719,6.0
2021-09-29,2021-09-29,1.1612,111.83,1.3439,1.275,0.9335,8.787,-0.005907,0.004491,-0.007239,0.00457,0.00571,0.006379,98.037166,98.008103,99.508182,97.419355,96.831373,98.810927,97.372254,-0.005755,4.0,2021-07-01,3.3587499999999997,4.15625,2021-09-29,273.942,4.7,0.08,1.55,0.3,0.04,1.25,98.9955,518687.0,20978.9,22732.834846481874,110.047,72.8,1.86,235.678,4.0,2021-09-29,22.07,23.79,21.45,22.56,0.0,VIX,-0.0296774193548388,4.0,2021-09-29,1.1321017969639502,1.300643949320955,1.2932217865287718,1.1886429490071917,0.7006135541094044,0.6481167485957072,0.8748412104692931,4.0
2021-09-30,2021-09-30,1.1577,111.5,1.347,1.2673,0.9339,8.7601,-0.003014,-0.002951,0.002307,-0.006039,0.000428,-0.003061,97.998379,97.712694,99.802691,97.644074,97.419711,98.768605,97.671259,-0.000396,5.0,2021-07-01,3.3587499999999997,4.15625,2021-09-30,273.942,4.7,0.08,1.52,0.28,0.04,1.24,98.9955,518687.0,20978.9,22732.834846481874,110.047,72.8,1.86,235.678,5.0,2021-09-30,21.48,24.71,20.6,23.14,0.0,VIX,0.0257092198581561,5.0,2021-09-30,1.1326899387115523,1.301572333303856,1.3575877055446028,1.1893759207210937,0.701181709322541,0.6487053037395583,0.875380677650725,5.0
2021-10-07,2021-10-07,1.1561,111.5,1.3634,1.2546,0.928,8.7798,0.001299,0.001527,0.00479,-0.005233,0.000108,-0.003349,98.165207,97.57765,99.802691,98.83291,98.405866,99.396552,97.452106,0.001719,5.0,2021-07-01,3.3587499999999997,4.15625,2021-10-07,276.528,4.5,0.08,1.58,0.32,0.05,1.26,100.3542,542452.0,21142.9,21960.388,110.741,71.7,1.77,240.465,5.0,2021-10-07,20.54,20.76,19.07,19.54,0.0,VIX,-0.0695238095238095,5.0,2021-10-07,1.1252841988833755,1.289551301469247,0.6881065466463739,1.179994243123342,0.6937619282921309,0.6409688176322238,0.8684757629387799,5.0
2021-10-08,2021-10-08,1.1572,112.15,1.363,1.2477,0.9272,8.7415,0.000951,0.00583,-0.000293,-0.0055,-0.000862,-0.004362,98.207109,97.670493,99.224253,98.803914,98.950068,99.482312,97.879083,0.000427,6.0,2021-07-01,3.3587499999999997,4.15625,2021-10-08,276.528,4.5,0.08,1.61,0.32,0.05,1.29,100.3542,542452.0,21142.9,21960.388,110.741,71.7,1.77,240.465,6.0,2021-10-08,19.46,19.94,18.2,18.77,0.0,VIX,-0.0394063459570112,6.0,2021-10-08,1.1253512202920408,1.28964129553315,0.6898915484363204,1.1800705572612489,0.6938138917132095,0.6410201046197809,0.8685319301442791,6.0
2021-10-11,2021-10-11,1.1572,112.15,1.363,1.2477,0.9272,8.7415,0.0,0.0,0.0,0.0,0.0,0.0,98.207109,97.670493,99.224253,98.803914,98.950068,99.482312,97.879083,0.0,2.0,2021-07-01,3.3587499999999997,4.15625,2021-10-11,276.528,4.5,0.08,1.61,0.32,0.05,1.29,100.3542,542452.0,21142.9,21960.388,110.741,71.7,1.77,240.465,2.0,2021-10-11,19.93,20.45,18.11,20.0,0.0,VIX,0.0655301012253597,2.0,2021-10-11,1.1138741214368435,1.2712133820542588,0.2450187605805146,1.1656193576752536,0.6824852416339174,0.6292492005629885,0.8578958472489867,2.0
2021-10-12,2021-10-12,1.1541,113.69,1.3605,1.2439,0.9302,8.7716,-0.002679,0.013732,-0.001834,-0.003046,0.003236,0.003443,97.853894,97.408845,97.880201,98.622689,99.252351,99.161471,97.543208,-0.003597,3.0,2021-07-01,3.3587499999999997,4.15625,2021-10-12,276.528,4.5,0.08,1.59,0.35,0.05,1.24,100.3542,542452.0,21142.9,21960.388,110.741,71.7,1.77,240.465,3.0,2021-10-12,20.62,20.81,18.97,19.85,0.0,VIX,-0.0074999999999999,3.0,2021-10-12,1.1120048486388596,1.268210500576978,0.2064403510205269,1.163264511493386,0.6806397584982735,0.6273326381927012,0.8561626804591321,3.0
2021-10-19,2021-10-19,1.1632,114.27,1.3807,1.2354,0.9227,8.6234,0.001981,0.000438,0.005901,-0.000647,-0.000542,-0.004134,98.56455,98.176907,97.38339,100.086988,99.935244,99.967487,99.219565,0.002043,3.0,2021-07-01,3.3587499999999997,4.15625,2021-10-19,276.528,4.5,0.08,1.65,0.41,0.05,1.24,100.3542,542452.0,21142.9,21960.388,110.741,71.7,1.77,240.465,3.0,2021-10-19,16.09,16.31,15.57,15.7,0.0,VIX,-0.0374003678724708,3.0,2021-10-19,1.1216763078597058,1.2835571897468614,0.4793483030795518,1.1753598504243508,0.6900375104565623,0.63706650995335,0.8650648499123221,3.0
2021-10-22,2021-10-22,1.1632,113.54,1.3741,1.2385,0.9164,8.5815,-0.000945,-0.001846,-0.00514,0.003728,-0.000981,-0.001245,98.615094,98.176907,98.009512,99.608554,99.685103,100.654736,99.704014,-0.001166,6.0,2021-07-01,3.3587499999999997,4.15625,2021-10-22,276.528,4.5,0.08,1.66,0.48,0.05,1.18,100.3542,542452.0,21142.9,21960.388,110.741,71.7,1.77,240.465,6.0,2021-10-22,15.35,16.39,14.84,15.43,0.0,VIX,0.027981345769487,6.0,2021-10-22,1.1112671789541946,1.26686059197212,0.1867931790705355,1.1622595502060138,0.6797788274378145,0.6264134014674647,0.8554230289516261,6.0
2021-10-25,2021-10-25,1.1609,113.7,1.3773,1.2373,0.9193,8.5953,-0.001977,0.001409,0.002329,-0.000969,0.003165,0.001608,98.502768,97.982782,97.871592,99.840522,99.781783,100.337213,99.543937,-0.001139,2.0,2021-07-01,3.3587499999999997,4.15625,2021-10-25,276.528,4.5,0.08,1.64,0.47,0.05,1.17,100.3542,542452.0,21142.9,21960.388,110.741,71.7,1.77,240.465,2.0,2021-10-25,16.14,16.33,15.1,15.24,0.0,VIX,-0.0123136746597537,2.0,2021-10-25,1.125767562457854,1.2900111169787123,0.6760846073298705,1.1804580497863313,0.6939839898526035,0.6411505948755174,0.8688171246427399,2.0
2021-11-19,2021-11-19,1.1318,113.81,1.3474,1.2631,0.9262,8.9138,-0.003522,-0.00359,-0.001112,0.000158,0.000216,0.002801,96.45549,95.526671,97.776997,97.67307,97.743647,99.589721,95.987121,-0.001792,6.0,2021-07-01,3.3587499999999997,4.15625,2021-11-19,278.824,4.2,0.08,1.54,0.52,0.05,1.02,101.2684,563029.0,21317.4,21960.388,111.51,67.4,1.72,243.287,6.0,2021-11-19,17.36,19.01,17.23,17.91,0.0,VIX,0.0181921546333143,6.0,2021-11-19,1.119173387443022,1.2790099863701432,0.3454059169638255,1.1719662932258084,0.687140985232596,0.6339753479540763,0.8625671918141951,6.0
2021-11-26,2021-11-26,1.1302,113.46,1.3322,1.2756,0.9234,9.1099,0.009468,-0.0163,-0.00075,0.007822,-0.012829,-0.000647,96.124534,95.391627,98.078618,96.571221,96.785826,99.891705,93.920899,0.007377,6.0,2021-07-01,3.3587499999999997,4.15625,2021-11-26,278.824,4.2,0.08,1.48,0.5,0.05,0.98,101.2684,563029.0,21317.4,21960.388,111.51,67.4,1.72,243.287,6.0,2021-11-26,26.62,28.99,23.88,28.97,0.0,VIX,0.5592034445640475,6.0,2021-11-26,1.1103455329960117,1.2647878567458817,0.1528189809448605,1.160826689197215,0.6783925868316618,0.6248835605060976,0.8543684432491502,6.0
2021-12-06,2021-12-06,1.1282,113.31,1.3252,1.2785,0.9256,9.0929,-0.002299,0.003809,0.00136,-0.00374,0.00773,-0.005436,95.963426,95.222822,98.208455,96.063791,96.566289,99.654278,94.096493,-0.001406,2.0,2021-07-01,3.3587499999999997,4.15625,2021-12-06,280.806,3.9,0.08,1.43,0.65,0.06,0.78,101.1948,613925.0,21471.6,21960.388,112.221,70.6,1.84,241.338,2.0,2021-12-06,28.99,30.82,26.75,27.18,0.0,VIX,-0.113791979132703,2.0,2021-12-06,1.1268693335569795,1.291041535019782,0.6472977408870126,1.1815071482703146,0.6944758996800777,0.6415473911612337,0.8695892611269516,2.0
2021-12-16,2021-12-16,1.1309,113.67,1.3325,1.2772,0.9215,9.0505,0.004262,-0.001406,0.0084,-0.011149,-0.004645,-0.008023,96.158781,95.450709,97.897422,96.592968,96.664579,100.097667,94.537318,0.005169,5.0,2021-07-01,3.3587499999999997,4.15625,2021-12-16,280.806,3.9,0.08,1.44,0.64,0.06,0.8,101.1948,613925.0,21471.6,21960.388,112.221,70.6,1.84,241.338,5.0,2021-12-16,18.56,22.13,18.19,20.57,0.0,VIX,0.0663556246759979,5.0,2021-12-16,1.148361419678482,1.3254648451672686,4.13993154861647,1.2085172943432594,0.7156433846618809,0.6635592508498792,0.889468728636639,5.0
2021-12-22,2021-12-22,1.1324,114.22,1.3345,1.2844,0.9201,9.0893,0.004613,0.000964,0.006942,-0.006421,-0.004436,-0.006384,96.12407,95.577313,97.42602,96.737949,96.122703,100.249973,94.133762,0.004355,4.0,2021-07-01,3.3587499999999997,4.15625,2021-12-22,280.806,3.9,0.08,1.46,0.68,0.06,0.78,101.1948,613925.0,21471.6,21960.388,112.221,70.6,1.84,241.338,4.0,2021-12-22,21.04,21.36,18.59,18.63,0.0,VIX,-0.1132793907663018,4.0,2021-12-22,1.134665646669141,1.3032802769048677,1.2222382776946816,1.1911935434467935,0.7019503884672854,0.6492763951618548,0.8767184479768401,4.0
2022-01-05,2022-01-05,1.1335,115.91,1.3573,1.27,0.9161,9.0637,0.003453,-0.001808,0.002141,0.000236,0.000765,-0.002531,96.307145,95.670155,96.005522,98.390721,97.212598,100.687698,94.399638,0.002534,4.0,2021-07-01,3.3587499999999997,4.15625,2022-01-05,282.542,4.0,0.08,1.71,0.83,0.15,0.88,101.2146,505782.0,21586.8,21903.85,112.776,67.2,1.82,246.453,4.0,2022-01-05,17.07,20.17,16.58,19.73,0.0,VIX,0.1667652276759315,4.0,2022-01-05,1.1645080023751408,1.351261975356498,15.636984950188689,1.228769669153884,0.7315124677675889,0.6800776600766635,0.9043744764972588,4.0
2022-01-06,2022-01-06,1.1307,115.78,1.3539,1.2725,0.9196,9.1321,-0.00247,-0.001122,-0.002505,0.001969,0.003821,0.007547,96.095479,95.433828,96.113318,98.144255,97.021611,100.30448,93.692579,-0.002198,5.0,2021-07-01,3.3587499999999997,4.15625,2022-01-06,282.542,4.0,0.08,1.73,0.88,0.15,0.85,101.2146,505782.0,21586.8,21903.85,112.776,67.2,1.82,246.453,5.0,2022-01-06,20.29,21.06,19.08,19.61,0.0,VIX,-0.0060821084642677,5.0,2022-01-06,1.1596273507484232,1.3433216457477122,10.239738373894546,1.2225839710398398,0.7265983908570606,0.6749373317187372,0.8998218026853221,5.0
2022-02-07,2022-02-07,1.1434,115.09,1.3533,1.2685,0.9243,9.1433,-0.001833,-0.001128,-0.000738,-0.0058,-0.000541,0.000558,96.79075,96.505739,96.689547,98.100761,97.327552,99.794439,93.577811,-0.000462,2.0,2021-07-01,3.3587499999999997,4.15625,2022-02-07,284.525,3.8,0.08,1.92,1.3,0.33,0.62,101.8458,496221.0,21685.0,21903.85,113.489,62.8,2.04,252.66,2.0,2022-02-07,24.09,24.82,22.02,22.86,0.0,VIX,-0.0155038759689922,2.0,2022-02-07,1.2046504088695875,1.4162850671915728,414.74529240978814,1.279485358204803,0.771754437760432,0.7222078329551385,0.941701223638735,2.0
2022-02-18,2022-02-18,1.1327,115.08,1.3585,1.2748,0.921,9.3911,-0.003256,0.000435,-0.002863,0.004096,0.000869,0.006549,96.181956,95.602633,96.697949,98.477709,96.846564,100.152009,91.108603,-0.002939,6.0,2021-07-01,3.3587499999999997,4.15625,2022-02-18,284.525,3.8,0.08,1.92,1.47,0.33,0.45,101.8458,496221.0,21685.0,21903.85,113.489,62.8,2.04,252.66,6.0,2022-02-18,26.66,29.71,26.38,27.75,0.0,VIX,-0.0128068303094983,6.0,2022-02-18,1.1827762135697546,1.3802059437447969,63.95297336684806,1.2515629660233856,0.7492869805258807,0.6985654128581734,0.921150342993212,6.0
2022-02-25,2022-02-25,1.1261,115.62,1.3407,1.274,0.9274,9.4213,0.009593,0.001472,0.003518,-0.007788,0.000863,-0.015754,95.614509,95.045577,96.246324,97.187387,96.907378,99.460858,90.816554,0.007026,6.0,2021-07-01,3.3587499999999997,4.15625,2022-02-25,284.525,3.8,0.08,1.97,1.55,0.33,0.42,101.8458,496221.0,21685.0,21903.85,113.489,62.8,2.04,252.66,6.0,2022-02-25,31.68,32.0,26.93,27.59,0.0,VIX,-0.0900395778364115,6.0,2022-02-25,1.1811152641637055,1.377362137107904,54.27511796043772,1.249394751997365,0.747497435149081,0.696668016682246,0.9195545374700606,6.0
2022-02-28,2022-02-28,1.1224,115.11,1.3419,1.2662,0.9179,9.4481,-0.003286,-0.004411,0.000895,-0.006122,-0.010244,0.002845,95.583538,94.733288,96.672748,97.274375,97.504344,100.490249,90.558948,-0.000324,2.0,2021-07-01,3.3587499999999997,4.15625,2022-02-28,284.525,3.8,0.08,1.83,1.44,0.33,0.39,101.8458,496221.0,21685.0,21903.85,113.489,62.8,2.04,252.66,2.0,2022-02-28,32.44,33.51,28.43,30.15,0.0,VIX,0.0927872417542587,2.0,2022-02-28,1.1809119552960692,1.3769740573823672,52.812924240571185,1.2491112070227528,0.7472458554217901,0.6963953641212342,0.919345848368746,2.0
2022-03-09,2022-03-09,1.1069,115.87,1.316,1.2812,0.9264,9.6751,0.017278,0.001989,0.004503,-0.006282,-0.004085,-0.028614,94.294024,93.425051,96.038664,95.396883,96.362785,99.568221,88.434228,0.011965,4.0,2021-07-01,3.3587499999999997,4.15625,2022-03-09,287.467,3.7,0.2,1.94,1.68,0.44,0.26,102.6732,584512.0,21721.5,21903.85,114.489,59.4,2.16,260.014,4.0,2022-03-09,33.74,34.12,31.39,32.45,0.0,VIX,-0.0762880728721889,4.0,2022-03-09,1.1790146051474546,1.3737096442228431,43.62685905691466,1.2466270099752763,0.7451890520427279,0.6942127473086334,0.9175174793418036,4.0
2022-03-14,2022-03-14,1.0979,118.0,1.3044,1.2774,0.9358,9.5766,0.00384,0.007858,-0.001454,0.004008,0.003431,-0.01454,93.548933,92.665429,94.305085,94.555999,96.649444,98.56807,89.343817,0.001007,2.0,2021-07-01,3.3587499999999997,4.15625,2022-03-14,287.467,3.7,0.2,2.14,1.87,0.44,0.27,102.6732,584512.0,21721.5,21903.85,114.489,59.4,2.16,260.014,2.0,2022-03-14,31.03,33.18,30.06,31.77,0.0,VIX,0.0331707317073171,2.0,2022-03-14,1.1914765764195692,1.3939855660102969,122.7663099845122,1.2624127118901267,0.7577541060466791,0.7073802325358771,0.9291357559511334,2.0
2022-03-24,2022-03-24,1.1006,122.08,1.3183,1.2532,0.9308,9.3974,0.000455,0.008759,-0.002195,-0.001832,-0.001073,-0.005976,93.631919,92.893315,91.153342,95.56361,98.5158,99.09755,91.047524,-0.000706,5.0,2021-07-01,3.3587499999999997,4.15625,2022-03-24,287.467,3.7,0.2,2.34,2.13,0.44,0.21,102.6732,584512.0,21721.5,21903.85,114.489,59.4,2.16,260.014,5.0,2022-03-24,23.61,23.79,21.49,21.67,0.0,VIX,-0.0806109461179465,5.0,2022-03-24,1.1626006418922852,1.346735470428372,10.208687215559946,1.2257048222544595,0.7284366800981986,0.6766372669617062,0.9021187491792824,5.0
2022-04-04,2022-04-04,1.0992,122.7,1.3116,1.2491,0.9256,9.4092,-0.004618,0.000816,0.000153,-0.001279,0.0,0.005525,93.488093,92.775152,90.692747,95.077927,98.839164,99.654278,90.933342,-0.002836,2.0,2021-07-01,3.3587499999999997,4.15625,2022-04-04,288.582,3.7,0.33,2.42,2.43,0.76,-0.01,102.9024,582200.0,21749.9,21919.222,114.845,65.2,1.91,265.31,2.0,2022-04-04,20.75,20.78,18.45,18.57,0.0,VIX,-0.0539989811512989,2.0,2022-04-04,1.1674133228612151,1.3543442496815323,14.869723772274993,1.2317039179279117,0.7331028654282481,0.6814835318430784,0.9065340835949428,2.0
2022-05-03,2022-05-03,1.0532,130.09,1.251,1.2837,0.9785,9.8541,0.001046,-0.000691,-0.001038,-0.003648,0.001535,-0.00368,89.419532,88.89264,85.540779,90.685031,96.175119,94.266735,86.827818,0.001012,3.0,2021-07-01,3.3587499999999997,4.15625,2022-05-03,291.299,3.6,0.77,2.97,2.78,0.98,0.19,102.9659,601192.0,21690.1,21919.222,115.542,58.4,2.22,273.251,3.0,2022-05-03,31.76,32.82,29.06,29.25,0.0,VIX,-0.0955473098330241,3.0,2022-05-03,1.1827985287351794,1.378854411158107,49.9498951108898,1.2509618355103524,0.7481796110080636,0.6971848232157993,0.9207079109356194,3.0
2022-05-06,2022-05-06,1.0572,130.35,1.2344,1.289,0.9858,9.9201,0.006186,-0.00046,0.000811,0.003191,-0.00162,-0.004725,89.362216,89.23025,85.370157,89.481696,95.779674,93.568675,86.250139,0.003647,6.0,2021-07-01,3.3587499999999997,4.15625,2022-05-06,291.299,3.6,0.77,3.12,2.72,0.98,0.4,102.9659,601192.0,21690.1,21919.222,115.542,58.4,2.22,273.251,6.0,2022-05-06,32.23,35.34,29.83,30.19,0.0,VIX,-0.0323717948717947,6.0,2022-05-06,1.1902355051148776,1.3909504983849996,92.54711079144036,1.2603807282648098,0.7556743801976964,0.7050376704569099,0.9276402160029,6.0
2022-05-10,2022-05-10,1.0531,130.21,1.2313,1.303,0.9949,10.0699,-0.002652,-0.001227,-0.001784,0.005246,0.002216,-0.001398,88.970286,88.8842,85.461946,89.256977,94.750576,92.712835,84.96708,-0.002114,3.0,2021-07-01,3.3587499999999997,4.15625,2022-05-10,291.299,3.6,0.77,2.99,2.62,0.98,0.37,102.9659,601192.0,21690.1,21919.222,115.542,58.4,2.22,273.251,3.0,2022-05-10,33.66,34.84,32.24,32.99,0.0,VIX,-0.0506474820143884,3.0,2022-05-10,1.1993847891928728,1.4058660556315812,196.37251758659067,1.2719812428380792,0.7649275213957398,0.7147451679439839,0.9361781947288264,3.0
2022-05-11,2022-05-11,1.0537,130.2,1.2317,1.2943,0.9907,10.0144,0.00057,-7.7e-05,0.000325,-0.006677,-0.004222,-0.005511,89.095683,88.934841,85.46851,89.285973,95.387468,93.105885,85.437969,0.001409,4.0,2021-07-01,3.3587499999999997,4.15625,2022-05-11,291.299,3.6,0.77,2.91,2.66,0.98,0.25,102.9659,601192.0,21690.1,21919.222,115.542,58.4,2.22,273.251,4.0,2022-05-11,32.87,34.39,30.69,32.56,0.0,VIX,-0.0130342528038799,4.0,2022-05-11,1.20431421448088,1.413942752605605,294.9489421168825,1.2782484813547998,0.7699481336132906,0.7200219141757491,0.9407908822771328,4.0
2022-05-16,2022-05-16,1.042,129.15,1.227,1.2883,1.0028,10.0705,0.000961,-0.000619,0.002287,-0.003558,0.001398,0.001293,88.560829,87.947333,86.163376,88.94527,95.831716,91.982449,84.962018,0.001151,2.0,2021-07-01,3.3587499999999997,4.15625,2022-05-16,291.299,3.6,0.77,2.88,2.58,0.98,0.3,102.9659,601192.0,21690.1,21919.222,115.542,58.4,2.22,273.251,2.0,2022-05-16,30.01,30.23,27.36,27.47,0.0,VIX,-0.0484932455836508,2.0,2022-05-16,1.2167603997073104,1.434345115364284,810.8960121995275,1.2940731577651332,0.7826391920241711,0.7333716631610404,0.952437844115138,2.0
2022-05-23,2022-05-23,1.0668,127.78,1.2571,1.2784,0.9664,9.8306,0.010323,-0.000626,0.006324,-0.004129,-0.008719,-0.01206,90.43113,90.040513,87.087181,91.12722,96.573842,95.44702,87.035379,0.007979,2.0,2021-07-01,3.3587499999999997,4.15625,2022-05-23,291.299,3.6,0.77,2.86,2.65,0.98,0.21,102.9659,601192.0,21690.1,21919.222,115.542,58.4,2.22,273.251,2.0,2022-05-23,28.98,30.39,28.29,28.48,0.0,VIX,-0.0322799864084267,2.0,2022-05-23,1.214715269044804,1.430834880697667,669.3874394338562,1.291402048154746,0.7804240965329916,0.7310152237424173,0.9504719074418932,2.0
2022-05-25,2022-05-25,1.0658,127.31,1.2539,1.2837,0.9637,9.8867,-0.008004,0.005926,-0.000399,-0.000234,0.004168,0.012069,90.351235,89.956111,87.408687,90.895252,96.175119,95.714434,86.541515,-0.00604,4.0,2021-07-01,3.3587499999999997,4.15625,2022-05-25,291.299,3.6,0.77,2.75,2.48,0.98,0.27,102.9659,601192.0,21690.1,21919.222,115.542,58.4,2.22,273.251,4.0,2022-05-25,29.33,30.23,28.16,28.37,0.0,VIX,-0.0366723259762308,4.0,2022-05-25,1.2266986685527872,1.4505959942518822,1774.577755492253,1.306687239564129,0.7927466240935368,0.7440068401333408,0.9617218083191988,4.0
2022-05-27,2022-05-27,1.0709,127.14,1.2613,1.274,0.9575,9.836,-0.001492,-0.000707,0.002464,-0.003754,-0.002084,-0.003879,90.786588,90.386563,87.525562,91.431678,96.907378,96.334204,86.987597,0.000131,6.0,2021-07-01,3.3587499999999997,4.15625,2022-05-27,291.299,3.6,0.77,2.74,2.47,0.98,0.27,102.9659,601192.0,21690.1,21919.222,115.542,58.4,2.22,273.251,6.0,2022-05-27,27.5,27.54,25.57,25.72,0.0,VIX,-0.0647272727272727,6.0,2022-05-27,1.2344886790207312,1.4634691403802194,3319.662610836104,1.3166332135581142,0.8007840886694636,0.7524920241424519,0.9690420451787722,6.0
2022-05-31,2022-05-31,1.0731,128.53,1.2624,1.2639,0.957,9.7641,0.002054,0.010933,0.000872,-0.007928,-0.000522,-0.00731,90.873486,90.572248,86.579009,91.511417,97.681779,96.384535,87.628148,0.000957,3.0,2021-07-01,3.3587499999999997,4.15625,2022-05-31,291.299,3.6,0.77,2.85,2.53,0.98,0.32,102.9659,601192.0,21690.1,21919.222,115.542,58.4,2.22,273.251,3.0,2022-05-31,27.47,28.35,25.94,26.19,0.0,VIX,0.0182737169517885,3.0,2022-05-31,1.2253647192769055,1.4482699332754658,1559.8192787996356,1.3049290802248987,0.7912709530528077,0.7424300330634579,0.9604278030455254,3.0
2022-06-02,2022-06-02,1.0733,129.83,1.2557,1.2587,0.9592,9.7259,0.008172,-0.001999,0.006815,-0.006551,-0.005392,-0.01362,90.750731,90.589129,85.712085,91.025734,98.085326,96.16347,87.972321,0.007181,5.0,2021-07-01,3.3587499999999997,4.15625,2022-06-02,295.072,3.6,1.21,2.92,2.65,1.49,0.27,102.8224,594419.0,21642.6,21919.222,116.631,50.0,2.13,280.251,5.0,2022-06-02,25.73,26.5,24.33,24.72,0.0,VIX,-0.037757882444531,5.0,2022-06-02,1.2305322783847608,1.4567881454769829,2360.0177130771035,1.3115177439212,0.7965842777344797,0.7480345575234727,0.9652770595260032,5.0
2022-06-15,2022-06-15,1.0388,134.5,1.2057,1.297,1.0021,10.2548,-0.002688,-0.002891,0.00383,0.002861,0.000499,0.005402,87.635088,87.677245,82.736059,87.401232,95.188897,92.046702,83.435074,-0.001245,4.0,2021-07-01,3.3587499999999997,4.15625,2022-06-15,295.072,3.6,1.21,3.33,3.2,1.49,0.13,102.8224,594419.0,21642.6,21919.222,116.631,50.0,2.13,280.251,4.0,2022-06-15,32.39,32.77,27.76,29.62,0.0,VIX,-0.0939125114713979,4.0,2022-06-15,1.19498408290731,1.3979652993790228,120.45581009375456,1.2660729268501436,0.7598837621691557,0.7093368740574759,0.9318296741617056,4.0
2022-06-17,2022-06-17,1.0473,135.14,1.2201,1.3054,0.9717,10.2012,-0.005508,0.02651,-0.011344,0.009981,0.005588,0.00227,88.185596,88.394666,82.344236,88.445089,94.576375,94.926418,83.873466,-0.009131,6.0,2021-07-01,3.3587499999999997,4.15625,2022-06-17,295.072,3.6,1.21,3.25,3.17,1.49,0.08,102.8224,594419.0,21642.6,21919.222,116.631,50.0,2.13,280.251,6.0,2022-06-17,32.84,33.31,30.47,31.13,0.0,VIX,-0.0552352048558423,6.0,2022-06-17,1.195647821559709,1.3990144518362106,126.47961543379098,1.2668996174377338,0.7605281615671667,0.7100076027620932,0.9324381184341722,6.0
2022-06-21,2022-06-21,1.0548,136.25,1.2277,1.2927,0.966,10.0844,0.007161,0.008214,0.006229,-0.009729,-0.005866,-0.01145,88.670058,89.027684,81.673394,88.996013,95.505531,95.486542,84.844909,0.005494,3.0,2021-07-01,3.3587499999999997,4.15625,2022-06-21,295.072,3.6,1.21,3.31,3.21,1.49,0.1,102.8224,594419.0,21642.6,21919.222,116.631,50.0,2.13,280.251,3.0,2022-06-21,30.63,30.65,29.33,30.19,0.0,VIX,-0.0301959524574364,3.0,2022-06-21,1.208759244849574,1.4204623474239246,371.3881215260718,1.283554263514718,0.7738527361337509,0.7240049214495631,0.9446959379468324,3.0
2022-06-22,2022-06-22,1.0583,136.05,1.228,1.2932,0.9615,10.0774,0.003318,-0.001468,0.000244,0.000387,-0.004658,-0.000694,88.874333,89.323093,81.793458,89.01776,95.468605,95.933437,84.903844,0.002304,4.0,2021-07-01,3.3587499999999997,4.15625,2022-06-22,295.072,3.6,1.21,3.16,3.06,1.49,0.1,102.8224,594419.0,21642.6,21919.222,116.631,50.0,2.13,280.251,4.0,2022-06-22,31.45,31.57,28.78,28.95,0.0,VIX,-0.0410732030473667,4.0,2022-06-22,1.2027562039097406,1.4105768022160037,224.98122934790797,1.2759000007046266,0.7676971716648107,0.7175261666345082,0.9390624005186052,4.0
2022-06-28,2022-06-28,1.0534,136.19,1.22,1.2882,0.9563,10.1233,-0.00632,0.006876,-0.008533,0.000932,0.001256,0.006262,88.592001,88.909521,81.709377,88.43784,95.839155,96.455087,84.518882,-0.005918,3.0,2021-07-01,3.3587499999999997,4.15625,2022-06-28,295.072,3.6,1.21,3.2,3.1,1.49,0.1,102.8224,594419.0,21642.6,21919.222,116.631,50.0,2.13,280.251,3.0,2022-06-28,26.9,28.68,26.47,28.36,0.0,VIX,0.0523191094619666,3.0,2022-06-28,1.210485730145835,1.4231681131854546,418.3931543239504,1.285693373391278,0.7755112588621975,0.725729220303512,0.9462703228159806,3.0
2022-07-07,2022-07-07,1.0159,135.99,1.1994,1.2988,0.9734,10.5523,-0.001376,0.002433,0.007307,-0.004903,0.002059,-0.000928,86.331056,85.744429,81.829546,86.944545,95.056976,94.760633,81.082797,0.000214,5.0,2021-07-01,3.3587499999999997,4.15625,2022-07-07,294.94,3.5,1.68,3.01,3.03,2.23,-0.02,103.0505,584625.0,21641.9,22066.784,116.662,51.5,2.31,272.274,5.0,2022-07-07,26.73,26.79,25.66,26.08,0.0,VIX,-0.0243172465394688,5.0,2022-07-07,1.211872041312705,1.4252760606137875,455.1357371683804,1.2873817390121765,0.7767902044550742,0.7270480093641412,0.947512959912962,5.0
2022-07-11,2022-07-11,1.0088,137.29,1.1907,1.2979,0.9794,10.5889,-0.008843,0.008299,-0.010718,0.002472,0.001944,0.003468,85.778784,85.145172,81.054702,86.313882,95.122891,94.18011,80.802539,-0.007866,2.0,2021-07-01,3.3587499999999997,4.15625,2022-07-11,294.94,3.5,1.68,2.99,3.07,2.23,-0.08,103.0505,584625.0,21641.9,22066.784,116.662,51.5,2.31,272.274,2.0,2022-07-11,26.42,26.74,25.79,26.17,0.0,VIX,0.0620941558441558,2.0,2022-07-11,1.2431024658493952,1.4768813224483777,5718.885662561786,1.327259153659922,0.8090000915028375,0.7610376504213437,0.9768627370937027,2.0
2022-07-13,2022-07-13,1.0081,137.34,1.1919,1.2956,0.9784,10.5139,0.001192,0.004829,0.001176,-0.003615,-0.002854,-0.002949,85.794132,85.08609,81.025193,86.40087,95.291757,94.27637,81.378936,0.000797,4.0,2021-07-01,3.3587499999999997,4.15625,2022-07-13,294.94,3.5,1.68,2.91,3.13,2.23,-0.22,103.0505,584625.0,21641.9,22066.784,116.662,51.5,2.31,272.274,4.0,2022-07-13,27.35,29.06,26.23,26.82,0.0,VIX,-0.0172224257969951,4.0,2022-07-13,1.2438396530874576,1.4780674277055694,6027.476848320238,1.328185664088106,0.8097348073451119,0.7618087730556076,0.977544648768846,4.0
2022-07-14,2022-07-14,1.0028,138.94,1.1827,1.31,0.9829,10.5677,-0.005257,0.01165,-0.007719,0.011115,0.004599,0.005117,85.20195,84.638758,80.092126,85.733962,94.244275,93.844745,80.964638,-0.006902,5.0,2021-07-01,3.3587499999999997,4.15625,2022-07-14,294.94,3.5,1.68,2.96,3.15,2.23,-0.19,103.0505,584625.0,21641.9,22066.784,116.662,51.5,2.31,272.274,5.0,2022-07-14,27.47,28.45,26.2,26.4,0.0,VIX,-0.0156599552572707,5.0,2022-07-14,1.245022734370575,1.480015894016416,6606.364373493861,1.3296927374829162,0.8109509101422269,0.7630927921240614,0.9786538547874264,5.0
2022-07-21,2022-07-21,1.0197,137.94,1.1968,1.2885,0.9693,10.233,-0.001958,-0.001592,-0.001752,0.000777,-0.00288,0.001321,86.525882,86.065159,80.672756,86.756071,95.816841,95.161457,83.612821,-0.001148,5.0,2021-07-01,3.3587499999999997,4.15625,2022-07-21,294.94,3.5,1.68,2.91,3.1,2.23,-0.19,103.0505,584625.0,21641.9,22066.784,116.662,51.5,2.31,272.274,5.0,2022-07-21,24.07,24.67,22.92,23.11,0.0,VIX,-0.0322445561139028,5.0,2022-07-21,1.2239211443090658,1.4448796162874264,1167.7452971699308,1.302632823144823,0.7889589642331134,0.7398297061453483,0.9587377578345898,5.0
2022-08-01,2022-08-01,1.027,131.8,1.2278,1.283,0.9486,10.0995,0.006665,-0.010882,0.007798,0.002265,-0.002838,-0.008599,87.817863,86.681296,84.430956,89.003262,96.227592,97.238035,84.718055,0.006397,2.0,2022-08-01,2.33,2.0,2022-08-01,295.162,3.6,2.33,2.6,2.9,2.63,-0.3,103.1703,597265.0,21607.0,22066.784,117.002,58.2,2.25,269.546,2.0,2022-08-01,22.41,23.27,22.26,22.84,0.0,VIX,0.0707923112986403,2.0,2022-08-01,1.2463481921719353,1.4818595474128036,6916.19902060712,1.3312287290482197,0.8120345491342975,0.7641815913966811,0.9797843445794896,2.0
2022-08-02,2022-08-02,1.0194,132.32,1.2218,1.2855,0.9543,10.2032,-0.0074,0.003945,-0.004887,0.001949,0.006009,0.010268,87.277398,86.039838,84.099154,88.568322,96.040451,96.657236,83.857025,-0.006154,3.0,2021-07-01,3.3587499999999997,4.15625,2022-08-02,295.162,3.6,2.33,2.75,3.06,2.63,-0.31,103.1703,597265.0,21607.0,22066.784,117.002,58.2,2.25,269.546,3.0,2022-08-02,24.08,24.68,22.67,23.93,0.0,VIX,0.047723292469352,3.0,2022-08-02,1.2357599773996268,1.4642450696559042,2936.8367601001237,1.3176601571852582,0.8010086946082655,0.7525152225486367,0.96979787568835,3.0
2022-08-03,2022-08-03,1.0146,134.18,1.2132,1.2869,0.963,10.2234,-0.004709,0.014057,-0.007039,0.001089,0.009117,0.00198,86.763407,85.634706,82.933373,87.944908,95.93597,95.784008,83.691336,-0.005889,4.0,2021-07-01,3.3587499999999997,4.15625,2022-08-03,295.162,3.6,2.33,2.73,3.1,2.63,-0.37,103.1703,597265.0,21607.0,22066.784,117.002,58.2,2.25,269.546,4.0,2022-08-03,23.86,23.92,21.68,21.95,0.0,VIX,-0.082741328875888,4.0,2022-08-03,1.2441959518649306,1.4782380856763366,5779.419515213147,1.3284525654075887,0.8097590798796562,0.7617664918399871,0.9777410881399854,4.0
2022-08-10,2022-08-10,1.0337,132.58,1.2245,1.2773,0.941,10.0282,0.010855,-0.017562,0.012904,-0.008307,-0.012073,-0.013031,88.140215,87.246793,83.934228,88.764045,96.657011,98.023379,85.320396,0.011906,4.0,2021-07-01,3.3587499999999997,4.15625,2022-08-10,295.162,3.6,2.33,2.78,3.23,2.63,-0.45,103.1703,597265.0,21607.0,22066.784,117.002,58.2,2.25,269.546,4.0,2022-08-10,22.28,22.34,19.54,19.74,0.0,VIX,-0.0932475884244373,4.0,2022-08-10,1.2353886240229146,1.4634698967222637,2774.186315645146,1.3171133807524358,0.8004929820273298,0.7519446326248014,0.9693954482337928,4.0
2022-08-12,2022-08-12,1.0257,133.57,1.2132,1.2783,0.943,10.1982,-0.007835,0.00686,-0.008013,0.00306,0.004153,0.016131,87.495105,86.571573,83.312121,87.944908,96.581397,97.815483,83.898139,-0.007424,6.0,2021-07-01,3.3587499999999997,4.15625,2022-08-12,295.162,3.6,2.33,2.84,3.25,2.63,-0.41,103.1703,597265.0,21607.0,22066.784,117.002,58.2,2.25,269.546,6.0,2022-08-12,20.34,20.35,19.12,19.53,0.0,VIX,-0.033168316831683,6.0,2022-08-12,1.2327281537189616,1.459019806804185,2221.1836224336903,1.3136924905369227,0.7977039849074068,0.7489915793289433,0.9668776730351752,6.0
2022-08-18,2022-08-18,1.0114,135.29,1.197,1.2945,0.9546,10.4803,-0.004919,-0.000812,-0.004988,0.001005,0.000944,0.006947,86.268476,85.364619,82.252938,86.770569,95.372731,96.626859,81.639839,-0.003714,5.0,2021-07-01,3.3587499999999997,4.15625,2022-08-18,295.162,3.6,2.33,2.88,3.22,2.63,-0.34,103.1703,597265.0,21607.0,22066.784,117.002,58.2,2.25,269.546,5.0,2022-08-18,20.51,20.61,19.43,19.56,0.0,VIX,-0.0170854271356784,5.0,2022-08-18,1.2240435154050684,1.4445318403041694,1073.421229195253,1.3025411557893338,0.7886347091187039,0.7393996744144388,0.9586702906609496,5.0
2022-08-24,2022-08-24,0.9967,136.92,1.1802,1.2969,0.9664,10.605,-0.000902,0.004107,-0.003546,0.001854,0.003322,-0.000113,85.176877,84.123903,81.273736,85.552736,95.196237,95.44702,80.679868,-0.001787,4.0,2021-07-01,3.3587499999999997,4.15625,2022-08-24,295.162,3.6,2.33,3.11,3.36,2.63,-0.25,103.1703,597265.0,21607.0,22066.784,117.002,58.2,2.25,269.546,4.0,2022-08-24,24.37,24.86,22.73,22.82,0.0,VIX,-0.0535047698050601,4.0,2022-08-24,1.2472009726296407,1.4828154662197894,6854.250334131162,1.3321135325384184,0.8125424846952896,0.76464463912461,0.980435559948276,4.0
2022-08-30,2022-08-30,1.0018,138.73,1.1651,1.309,0.9746,10.6714,0.0018,-7.2e-05,-0.005718,0.006846,0.005987,0.000656,85.020278,84.554355,80.213364,84.458137,94.316272,94.643956,80.177859,-0.000598,3.0,2021-07-01,3.3587499999999997,4.15625,2022-08-30,295.162,3.6,2.33,3.11,3.46,2.63,-0.35,103.1703,597265.0,21607.0,22066.784,117.002,58.2,2.25,269.546,3.0,2022-08-30,25.75,27.69,25.13,26.21,0.0,VIX,0.0,3.0,2022-08-30,1.2806448133437829,1.5386535188457202,94714.57447486788,1.3750365134813969,0.8475796902223539,0.8018162402838718,1.0120268739223082,3.0
2022-08-31,2022-08-31,1.0065,138.69,1.1647,1.3091,0.9748,10.6283,0.004692,-0.000288,-0.000343,7.6e-05,0.000205,-0.004039,85.260769,84.951047,80.236499,84.429141,94.309067,94.624538,80.502997,0.002829,4.0,2021-07-01,3.3587499999999997,4.15625,2022-08-31,295.162,3.6,2.33,3.15,3.45,2.63,-0.3,103.1703,597265.0,21607.0,22066.784,117.002,58.2,2.25,269.546,4.0,2022-08-31,25.86,26.62,25.31,25.87,0.0,VIX,-0.012972148035101,4.0,2022-08-31,1.2894823513051823,1.5535181093969128,187769.97174517656,1.3864216369285844,0.8569400026219455,0.8117814301904013,1.0204063247794382,4.0
2022-09-01,2022-09-01,0.995,139.93,1.1541,1.316,0.9838,10.7993,-0.011426,0.008941,-0.009101,0.005271,0.009233,0.016089,84.383851,83.980419,79.525477,83.660747,93.81459,93.758894,79.228283,-0.010285,5.0,2022-09-01,2.56,5.0,2022-09-01,296.421,3.5,2.56,3.26,3.51,3.13,-0.25,103.5326,562463.0,21521.3,22066.784,117.377,58.6,2.17,267.898,5.0,2022-09-01,26.88,27.45,25.25,25.56,0.0,VIX,-0.0119829918824894,5.0,2022-09-01,1.2833196958461903,1.543112735420213,115907.20560828812,1.378464937044653,0.8503793213366986,0.8047895451342695,1.0145501936648644,5.0
2022-09-02,2022-09-02,1.003,140.03,1.1582,1.3089,0.9801,10.6995,0.00804,0.000715,0.003553,-0.005395,-0.003761,-0.009241,84.89051,84.655638,79.468685,83.957956,94.323478,94.112846,79.967288,0.006004,6.0,2021-07-01,3.3587499999999997,4.15625,2022-09-02,296.421,3.5,2.56,3.2,3.4,3.13,-0.2,103.5326,562463.0,21521.3,22066.784,117.377,58.6,2.17,267.898,6.0,2022-09-02,25.51,26.28,23.19,25.99,0.0,VIX,0.0168231611893583,6.0,2022-09-02,1.2877731427248813,1.5505938458371424,163342.56803098336,1.3841978674882016,0.8550884488200023,0.8098015861141794,1.0187696304713163,6.0
2022-09-09,2022-09-09,1.0046,142.44,1.16,1.3036,0.9604,10.6114,0.00904,-0.011177,0.009661,-0.006251,-0.012544,-0.012094,84.933241,84.790682,78.124122,84.088438,94.706965,96.043315,80.631208,0.009392,6.0,2021-07-01,3.3587499999999997,4.15625,2022-09-09,296.421,3.5,2.56,3.33,3.56,3.13,-0.23,103.5326,562463.0,21521.3,22066.784,117.377,58.6,2.17,267.898,6.0,2022-09-09,23.49,23.57,22.64,22.79,0.0,VIX,-0.0347310461668785,6.0,2022-09-09,1.2754395292649523,1.5296970737161426,60942.51025248409,1.3682394889417806,0.8419026080428647,0.7957430853706804,1.0070242638611506,6.0
2022-09-12,2022-09-12,1.0129,142.41,1.1701,1.2976,0.9519,10.6147,0.008262,-0.000211,0.008707,-0.004603,-0.00885,0.000311,85.495789,85.491222,78.14058,84.820587,95.144883,96.900935,80.606141,0.006623,2.0,2021-07-01,3.3587499999999997,4.15625,2022-09-12,296.421,3.5,2.56,3.37,3.58,3.13,-0.21,103.5326,562463.0,21521.3,22066.784,117.377,58.6,2.17,267.898,2.0,2022-09-12,23.58,24.23,23.16,23.87,0.0,VIX,0.0473892057920142,2.0,2022-09-12,1.2776288049774451,1.533311780126271,71617.35051523443,1.3710302897946314,0.844164332616836,0.7981382498998529,1.009078293288849,2.0
2022-09-28,2022-09-28,0.9681,144.15,1.0832,1.3648,0.9756,11.2409,0.00676,-0.00387,0.007347,-0.006551,-0.014147,-0.008914,81.740247,81.709993,77.197364,78.521203,90.460141,94.546945,76.115791,0.006841,4.0,2021-07-01,3.3587499999999997,4.15625,2022-09-28,296.421,3.5,2.56,3.72,4.07,3.13,-0.35,103.5326,562463.0,21521.3,22066.784,117.377,58.6,2.17,267.898,4.0,2022-09-28,34.5,34.88,30.03,30.18,0.0,VIX,-0.0742331288343558,4.0,2022-09-28,1.240950015076628,1.471720799850426,3686.335260179768,1.3237906959356818,0.8054612186178913,0.7570393278355516,0.974309952208662,4.0
2022-09-30,2022-09-30,0.9783,144.71,1.1134,1.3752,0.9845,11.125,0.000921,0.0018,0.007784,0.003796,0.004797,-0.005471,82.396295,82.570898,76.898625,80.710402,89.776033,93.69223,76.908764,0.000845,6.0,2021-07-01,3.3587499999999997,4.15625,2022-09-30,296.421,3.5,2.56,3.83,4.22,3.13,-0.39,103.5326,562463.0,21521.3,22066.784,117.377,58.6,2.17,267.898,6.0,2022-09-30,31.61,33.25,29.39,31.62,0.0,VIX,-0.0069095477386934,6.0,2022-09-30,1.2328512253340476,1.4582519095226276,1902.436752475384,1.313412298556801,0.7970345222465427,0.7481286919401333,0.9666714517378056,6.0
2022-10-03,2022-10-03,0.9809,144.5,1.1272,1.3651,0.9929,11.0297,0.002658,-0.001451,0.012394,-0.007344,0.008532,-0.008566,82.716758,82.790344,77.010381,81.710765,90.440261,92.899587,77.573279,0.003889,2.0,2021-07-01,3.3587499999999997,4.15625,2022-10-03,297.979,3.6,3.08,3.67,4.12,3.72,-0.45,103.4442,581106.0,21424.5,22249.459,117.891,59.9,2.28,265.061,2.0,2022-10-03,33.0,33.06,29.63,30.1,0.0,VIX,-0.0480708412397217,2.0,2022-10-03,1.222565986616944,1.4411896432204427,814.8726328712459,1.3002479774491014,0.7863740648029067,0.7368716203239936,0.9569825114025386,2.0
2022-10-05,2022-10-05,0.9866,144.73,1.1275,1.3662,0.9838,10.989,-0.011126,0.002841,-0.01494,0.008191,0.003263,0.012102,83.016187,83.271438,76.887998,81.732512,90.367443,93.758894,77.860588,-0.009956,4.0,2021-07-01,3.3587499999999997,4.15625,2022-10-05,297.979,3.6,3.08,3.76,4.15,3.72,-0.39,103.4442,581106.0,21424.5,22249.459,117.891,59.9,2.28,265.061,4.0,2022-10-05,29.36,30.11,28.5,28.55,0.0,VIX,-0.0178878568971447,4.0,2022-10-05,1.227346024905818,1.449045154377134,1195.743472312364,1.3063331138935164,0.7912669124122508,0.7420252638558502,0.961461171825628,4.0
2022-10-14,2022-10-14,0.9739,148.46,1.1208,1.3873,1.0049,11.3133,-0.004192,0.008902,-0.011989,0.009386,0.006208,0.005913,81.788563,82.199527,74.956217,81.246829,88.993008,91.790228,75.628685,-0.00635,6.0,2021-07-01,3.3587499999999997,4.15625,2022-10-14,297.979,3.6,3.08,4.0,4.48,3.72,-0.48,103.4442,581106.0,21424.5,22249.459,117.891,59.9,2.28,265.061,6.0,2022-10-14,31.89,32.98,31.14,32.02,0.0,VIX,0.002504696305573,6.0,2022-10-14,1.2245432604272577,1.4442378845987918,922.9887089871138,1.302674461018026,0.788233104881056,0.7387971444517744,0.9587684033092672,6.0
2022-10-21,2022-10-21,0.9855,146.35,1.1292,1.3673,0.9981,11.2125,0.003258,-0.023161,0.000354,-0.003062,-0.002199,0.000785,82.741466,83.178596,76.036898,81.855745,90.294741,92.41559,76.308584,0.005206,6.0,2021-07-01,3.3587499999999997,4.15625,2022-10-21,297.979,3.6,3.08,4.21,4.49,3.72,-0.28,103.4442,581106.0,21424.5,22249.459,117.891,59.9,2.28,265.061,6.0,2022-10-21,30.21,30.44,29.24,29.69,0.0,VIX,-0.0096731154102734,6.0,2022-10-21,1.2202330366122658,1.4369892025283757,633.6231803861147,1.2971123909599207,0.7836867521743948,0.7339831760234097,0.9546747197465018,6.0
2022-10-24,2022-10-24,0.9874,148.76,1.1295,1.3704,1.0007,11.1832,0.001928,0.016467,0.000266,0.002267,0.002605,-0.002613,82.650059,83.33896,74.805055,81.877492,90.090485,92.175477,76.508513,-0.001105,2.0,2021-07-01,3.3587499999999997,4.15625,2022-10-24,297.979,3.6,3.08,4.25,4.5,3.72,-0.25,103.4442,581106.0,21424.5,22249.459,117.891,59.9,2.28,265.061,2.0,2022-10-24,30.65,30.95,29.78,29.85,0.0,VIX,0.0053890198720107,2.0,2022-10-24,1.2481873201290357,1.483226831197339,6041.510447174178,1.3328250174249514,0.8125593910051725,0.7644643799856159,0.9809592128247644,2.0
2022-10-28,2022-10-28,0.9934,147.68,1.1573,1.3622,0.9968,10.9896,-0.005108,0.011368,-8.6e-05,0.006651,0.00697,0.004993,83.374907,83.845375,75.352113,83.892715,90.6328,92.536116,77.856337,-0.005483,6.0,2021-07-01,3.3587499999999997,4.15625,2022-10-28,297.979,3.6,3.08,4.02,4.41,3.72,-0.39,103.4442,581106.0,21424.5,22249.459,117.891,59.9,2.28,265.061,6.0,2022-10-28,27.43,27.59,25.75,25.75,0.0,VIX,-0.0598758671047827,6.0,2022-10-28,1.232933283074317,1.457832702740728,1742.9335788052754,1.3132672031769763,0.7966643468529166,0.7476488584688527,0.9665646615382548,6.0
2022-11-01,2022-11-01,0.9871,148.11,1.146,1.3639,0.9995,11.0258,-0.001416,-0.003499,-0.004776,0.0,-0.001099,-0.001847,82.911383,83.313639,75.133347,83.073577,90.519833,92.286143,77.600718,-0.000845,3.0,2022-11-01,3.78,3.0,2022-11-01,298.708,3.6,3.78,4.07,4.54,4.15,-0.47,103.1058,588876.0,21357.6,22249.459,118.221,56.7,2.18,263.157,3.0,2022-11-01,25.96,26.35,25.66,25.81,0.0,VIX,-0.0027047913446677,3.0,2022-11-01,1.2092477215157271,1.4186983086986422,247.17540541032184,1.2830161719368671,0.7722556156240726,0.7219160522775637,0.9442999025455344,3.0
2022-11-02,2022-11-02,0.9875,147.11,1.1467,1.3628,0.9988,11.0299,0.000405,-0.006752,0.000611,-0.000807,-0.0007,0.000372,83.014093,83.3474,75.644076,83.12432,90.592897,92.350821,77.571873,0.001239,4.0,2021-07-01,3.3587499999999997,4.15625,2022-11-02,298.708,3.6,3.78,4.1,4.61,4.15,-0.51,103.1058,588876.0,21357.6,22249.459,118.221,56.7,2.18,263.157,4.0,2022-11-02,26.04,26.62,25.39,25.86,0.0,VIX,0.0019372336303757,4.0,2022-11-02,1.2195331812057095,1.435601247283202,574.616600106765,1.2961139657901677,0.7827761183756066,0.7329863841829132,0.9539398788215632,4.0
2022-11-08,2022-11-08,1.0089,145.38,1.1595,1.3389,0.9842,10.7162,0.009203,-0.008592,0.011515,-0.008002,-0.006461,-0.013287,84.579159,85.153612,76.544229,84.052193,92.210023,93.720788,79.842668,0.009357,3.0,2021-07-01,3.3587499999999997,4.15625,2022-11-08,298.708,3.6,3.78,4.14,4.67,4.15,-0.53,103.1058,588876.0,21357.6,22249.459,118.221,56.7,2.18,263.157,3.0,2022-11-08,24.71,26.16,24.24,25.54,0.0,VIX,0.0488706365503079,3.0,2022-11-08,1.2387913508947064,1.4673197365591528,2698.136687272802,1.3206597074937934,0.8025492513389763,0.7538296726044083,0.972005544715432,3.0
2022-11-11,2022-11-11,1.0176,141.78,1.1677,1.3362,0.9672,10.6242,0.0,0.0,0.0,0.0,0.0,0.0,85.442474,85.887914,78.487798,84.646611,92.396348,95.368073,80.534064,0.0,6.0,2021-07-01,3.3587499999999997,4.15625,2022-11-11,298.708,3.6,3.78,3.82,4.34,4.15,-0.52,103.1058,588876.0,21357.6,22249.459,118.221,56.7,2.18,263.157,6.0,2022-11-11,23.89,23.91,22.37,22.52,0.0,VIX,-0.0429239269018275,6.0,2022-11-11,1.2346589582216905,1.4604121289716188,1912.336888516377,1.3153480571760057,0.798221237215295,0.749248228954254,0.9680961700815404,6.0
2022-11-15,2022-11-15,1.0372,139.36,1.189,1.328,0.9444,10.4312,0.003386,-0.007619,0.013813,-0.001128,0.001803,-0.005245,86.961832,87.542201,79.850746,86.190649,92.966867,97.670479,82.02412,0.004783,3.0,2021-07-01,3.3587499999999997,4.15625,2022-11-15,298.708,3.6,3.78,3.8,4.37,4.15,-0.57,103.1058,588876.0,21357.6,22249.459,118.221,56.7,2.18,263.157,3.0,2022-11-15,23.77,26.22,23.18,24.54,0.0,VIX,0.0341340075853349,3.0,2022-11-15,1.2383955465370455,1.4665238483070908,2552.4407539246454,1.320090549066558,0.8020245113692659,0.7532527962115662,0.9715866441129868,3.0
2022-11-16,2022-11-16,1.0395,139.59,1.1889,1.3343,0.9445,10.4763,0.002218,0.00165,-8.4e-05,0.004744,0.000106,0.004324,86.999745,87.736327,79.719178,86.1834,92.527917,97.660138,81.67101,0.000436,4.0,2021-07-01,3.3587499999999997,4.15625,2022-11-16,298.708,3.6,3.78,3.67,4.35,4.15,-0.68,103.1058,588876.0,21357.6,22249.459,118.221,56.7,2.18,263.157,4.0,2022-11-16,24.29,24.72,23.99,24.11,0.0,VIX,-0.017522412387938,4.0,2022-11-16,1.2298076564888525,1.4522860321286688,1268.4558104208877,1.3091039781764775,0.7931279993089916,0.7438562267307877,0.9635005279378874,4.0
2022-11-22,2022-11-22,1.0276,141.29,1.188,1.3401,0.9531,10.6718,0.003712,-0.00465,0.008061,-0.006082,-0.005738,-0.004821,86.152,86.731938,78.759997,86.118159,92.127453,96.778932,80.174853,0.004708,3.0,2021-07-01,3.3587499999999997,4.15625,2022-11-22,298.708,3.6,3.78,3.76,4.47,4.15,-0.71,103.1058,588876.0,21357.6,22249.459,118.221,56.7,2.18,263.157,3.0,2022-11-22,22.59,22.71,21.28,21.29,0.0,VIX,-0.0478533094812164,3.0,2022-11-22,1.2179247847511137,1.4325616412861475,470.7977490015146,1.2938870299159233,0.7808064288493864,0.7308496484896487,0.9523008540181196,3.0
2022-12-06,2022-12-06,1.0497,136.67,1.2202,1.3652,0.9406,10.3983,0.000286,0.000879,0.002712,0.005969,-0.001592,-0.00073,87.846997,88.597232,81.422404,88.452338,90.433636,98.065065,82.283643,-8.7e-05,3.0,2021-07-01,3.3587499999999997,4.15625,2022-12-06,298.808,3.5,4.1,3.51,4.34,4.25,-0.83,101.8266,637438.0,21219.2,22249.459,118.403,59.8,1.97,257.897,3.0,2022-12-06,20.69,22.6,20.38,22.17,0.0,VIX,0.068433734939759,3.0,2022-12-06,1.2004040729968548,1.403525928998414,105.4565601527265,1.271462092069815,0.7626944176693187,0.7117628142952468,0.9357960997633838,3.0
2022-12-07,2022-12-07,1.0505,136.57,1.2194,1.364,0.9401,10.3778,0.000762,-0.000732,-0.000656,-0.000879,-0.000532,-0.001971,87.903041,88.664754,81.482024,88.394346,90.513196,98.117222,82.446183,0.000638,4.0,2021-07-01,3.3587499999999997,4.15625,2022-12-07,298.808,3.5,4.1,3.42,4.26,4.25,-0.84,101.8266,637438.0,21219.2,22249.459,118.403,59.8,1.97,257.897,4.0,2022-12-07,22.32,23.01,22.18,22.68,0.0,VIX,0.0230040595399187,4.0,2022-12-07,1.203874627446604,1.409190987988869,140.2788799420878,1.2758658859945826,0.7662099587788205,0.7154517121244273,0.9390372920920128,4.0
2022-12-09,2022-12-09,1.055,136.4,1.2311,1.3604,0.932,10.2983,-0.00019,-0.000366,0.006212,0.00221,-0.004061,-0.00437,88.315778,89.044564,81.583578,89.242479,90.75272,98.969957,83.082645,0.000809,6.0,2021-07-01,3.3587499999999997,4.15625,2022-12-09,298.808,3.5,4.1,3.57,4.33,4.25,-0.76,101.8266,637438.0,21219.2,22249.459,118.403,59.8,1.97,257.897,6.0,2022-12-09,22.55,23.21,22.18,22.83,0.0,VIX,0.0242261103633916,6.0,2022-12-09,1.1885956523062873,1.3841784192140767,38.846958798984225,1.2564423654147314,0.7506797134578294,0.6991524516345825,0.9247415809452424,6.0
2022-12-15,2022-12-15,1.0638,137.92,1.2206,1.3649,0.9288,10.3208,-0.001595,0.022008,-0.01628,0.006044,0.005412,0.012608,88.50818,89.787306,80.684455,88.481334,90.453513,99.310939,82.901519,-0.00686,5.0,2021-07-01,3.3587499999999997,4.15625,2022-12-15,298.808,3.5,4.1,3.44,4.23,4.25,-0.79,101.8266,637438.0,21219.2,22249.459,118.403,59.8,1.97,257.897,5.0,2022-12-15,21.52,23.67,21.25,22.83,0.0,VIX,0.0799432355723746,5.0,2022-12-15,1.169693247630612,1.3533484473462314,7.662544639883139,1.232452732625394,0.7315804470422248,0.6791553868615373,0.90708521121229,5.0
2022-12-16,2022-12-16,1.061,136.55,1.2168,1.369,0.9324,10.3885,-0.002632,-0.009933,-0.003113,0.003004,0.003876,0.00656,88.388222,89.550979,81.493958,88.205872,90.182615,98.927499,82.361265,-0.001355,6.0,2021-07-01,3.3587499999999997,4.15625,2022-12-16,298.808,3.5,4.1,3.48,4.17,4.25,-0.69,101.8266,637438.0,21219.2,22249.459,118.403,59.8,1.97,257.897,6.0,2022-12-16,23.26,23.83,22.09,22.62,0.0,VIX,-0.0091984231274637,6.0,2022-12-16,1.1693465919756374,1.3527685696302918,7.413763596779512,1.2320060638791426,0.7312186617911842,0.6787746723685719,0.906756463015049,6.0
2023-01-12,2023-01-12,1.0823,129.75,1.2182,1.338,0.9288,10.4508,0.007728,-0.021346,0.004701,-0.003129,-0.001183,-0.003195,90.199989,91.348751,85.764933,88.307358,92.272048,99.310939,81.870287,0.008307,5.0,2021-07-01,3.3587499999999997,4.15625,2023-01-12,300.456,3.5,4.33,3.43,4.12,4.54,-0.69,102.7476,535580.0,21205.4,22403.435,119.007,64.9,1.97,260.227,5.0,2023-01-12,21.56,21.8,18.83,18.83,0.0,VIX,-0.1071597913703177,5.0,2023-01-12,1.1486858043356876,1.318940717209093,1.1386236672356629,1.20570963372431,0.710265833391467,0.656857513185965,0.8874022904210922,5.0
2023-01-23,2023-01-23,1.0865,130.69,1.237,1.3384,0.9231,10.2387,0.003139,0.00554,-0.000323,-0.002385,0.001084,-0.006636,90.573254,91.703241,85.14806,89.67017,92.244471,99.924169,83.566273,0.001516,2.0,2021-07-01,3.3587499999999997,4.15625,2023-01-23,300.456,3.5,4.33,3.52,4.21,4.54,-0.69,102.7476,535580.0,21205.4,22403.435,119.007,64.9,1.97,260.227,2.0,2023-01-23,20.21,20.33,19.55,19.81,0.0,VIX,-0.002015113350126,2.0,2023-01-23,1.1402630631055215,1.305225790446289,0.525635575224449,1.1950190200214466,0.701793884106079,0.6480195546990924,0.8795339987357847,2.0
2023-01-26,2023-01-26,1.0866,130.4,1.237,1.3348,0.921,10.3014,-0.003211,0.005862,-0.000323,-0.004846,0.001196,0.005957,90.613348,91.711681,85.337423,89.67017,92.493257,100.152009,83.057643,-0.002487,5.0,2021-07-01,3.3587499999999997,4.15625,2023-01-26,300.456,3.5,4.33,3.49,4.17,4.54,-0.68,102.7476,535580.0,21205.4,22403.435,119.007,64.9,1.97,260.227,5.0,2023-01-26,19.05,19.48,18.67,18.73,0.0,VIX,-0.0183438155136267,5.0,2023-01-26,1.1505985498804905,1.3217648694047062,1.28285353505774,1.2080042986412252,0.7119558017095917,0.658576851817133,0.8890911637999417,5.0
2023-02-03,2023-02-03,1.0825,131.07,1.2073,1.3395,0.925,10.5166,-0.008518,0.020397,-0.015253,0.005857,0.014254,0.015508,89.981988,91.365631,84.901198,87.517216,92.16872,99.718919,81.358043,-0.011016,6.0,2021-07-01,3.3587499999999997,4.15625,2023-02-03,301.476,3.6,4.57,3.53,4.3,4.65,-0.77,102.8003,516582.0,21185.4,22403.435,119.401,66.9,1.84,258.669,6.0,2023-02-03,18.57,19.3,17.93,18.33,0.0,VIX,-0.0213561131874,6.0,2023-02-03,1.1463922538423934,1.3148619431543116,0.8658202135235705,1.202641442446265,0.7076805332352615,0.6541072196657667,0.8851441016404511,6.0
2023-02-15,2023-02-15,1.0683,134.22,1.2031,1.3401,0.9238,10.4304,-0.003637,0.008794,-0.010364,0.002544,0.001518,0.00503,89.013575,90.167117,82.908657,87.212758,92.127453,99.848452,82.030411,-0.004936,4.0,2021-07-01,3.3587499999999997,4.15625,2023-02-15,301.476,3.6,4.57,3.81,4.62,4.65,-0.81,102.8003,516582.0,21185.4,22403.435,119.401,66.9,1.84,258.669,4.0,2023-02-15,19.37,19.41,18.11,18.23,0.0,VIX,-0.0359598096245372,4.0,2023-02-15,1.1607351117166071,1.3377320402452426,2.883224807015694,1.2206203090618095,0.721723372920419,0.6686933600227685,0.8983765474694918,4.0
2023-02-17,2023-02-17,1.0678,134.21,1.2012,1.3487,0.9266,10.4656,-0.000562,0.001941,-0.000499,0.002676,0.002271,0.003356,88.897809,90.124916,82.914835,87.075027,91.540001,99.54673,81.75451,-0.001103,6.0,2021-07-01,3.3587499999999997,4.15625,2023-02-17,301.476,3.6,4.57,3.82,4.6,4.65,-0.78,102.8003,516582.0,21185.4,22403.435,119.401,66.9,1.84,258.669,6.0,2023-02-17,20.94,21.3,19.82,21.23,0.0,VIX,0.0525532969757063,6.0,2023-02-17,1.163879847395039,1.342772247879095,3.7536892112643456,1.2245731102283166,0.7248248901146706,0.6719213481328364,0.901285809128041,6.0
2023-02-21,2023-02-21,1.0657,134.87,1.2111,1.3515,0.9267,10.3432,-0.001967,0.004918,0.008242,0.002076,0.000108,-0.011695,88.848923,89.94767,82.509083,87.792679,91.350351,99.535988,82.721982,-0.00055,3.0,2021-07-01,3.3587499999999997,4.15625,2023-02-21,301.476,3.6,4.57,3.95,4.67,4.65,-0.72,102.8003,516582.0,21185.4,22403.435,119.401,66.9,1.84,258.669,3.0,2023-02-21,21.8,23.34,21.8,22.87,0.0,VIX,0.0772491756947715,3.0,2023-02-21,1.1564060060957828,1.3306437671289568,1.9446060254159732,1.2151098390766442,0.7173336007389787,0.6641025440559534,0.8943208415604101,3.0
2023-02-23,2023-02-23,1.0583,134.8,1.2016,1.3567,0.9343,10.4476,-0.003765,0.000223,-0.003979,0.001994,0.004948,0.004326,88.317315,89.323093,82.551929,87.104023,91.000221,98.726319,81.895364,-0.003243,5.0,2021-07-01,3.3587499999999997,4.15625,2023-02-23,301.476,3.6,4.57,3.88,4.66,4.65,-0.78,102.8003,516582.0,21185.4,22403.435,119.401,66.9,1.84,258.669,5.0,2023-02-23,21.96,22.43,20.89,21.14,0.0,VIX,-0.0515926424405562,5.0,2023-02-23,1.1555298950544466,1.3291964737379725,1.790578990847585,1.213988713884758,0.7164350346143655,0.6631611098643381,0.8934956934191819,5.0
2023-03-03,2023-03-03,1.0616,136.09,1.1996,1.3609,0.9381,10.4853,0.001982,-0.005481,0.004522,-0.000514,-0.00414,-0.001999,88.301752,89.601621,81.769417,86.959043,90.719377,98.326404,81.600908,0.002673,6.0,2021-07-01,3.3587499999999997,4.15625,2023-03-03,301.643,3.5,4.65,3.97,4.86,4.69,-0.89,102.8143,589560.0,20876.9,22403.435,119.553,62.0,2.05,257.062,6.0,2023-03-03,19.76,19.76,18.16,18.49,0.0,VIX,-0.0561510974987239,6.0,2023-03-03,1.1687125046196682,1.3503273047392248,5.41941717519527,1.2305601198844691,0.7294379702127779,0.6766939330641468,0.9056922482349696,6.0
2023-03-08,2023-03-08,1.0549,137.18,1.1837,1.3784,0.9395,10.7088,-0.00227,0.002045,-0.001687,0.003494,-0.001912,0.00086,87.568892,89.036124,81.119697,85.806452,89.567615,98.179883,79.897841,-0.002064,4.0,2021-07-01,3.3587499999999997,4.15625,2023-03-08,301.643,3.5,4.65,3.98,5.05,4.69,-1.07,102.8143,589560.0,20876.9,22403.435,119.553,62.0,2.05,257.062,4.0,2023-03-08,19.71,20.01,19.0,19.11,0.0,VIX,-0.0245022970903522,4.0,2023-03-08,1.181834313708481,1.371506884735987,16.27555846630835,1.2471157378559852,0.742510035612652,0.6903371787127606,0.917877183062005,4.0
2023-03-17,2023-03-17,1.0647,132.01,1.2141,1.3753,0.9284,10.4966,0.002354,-0.007518,0.002477,-0.000581,-0.001613,-0.001018,88.868101,89.863268,84.296644,88.010149,89.769505,99.353727,81.513061,0.002794,6.0,2021-07-01,3.3587499999999997,4.15625,2023-03-17,301.643,3.5,4.65,3.39,3.81,4.69,-0.42,102.8143,589560.0,20876.9,22403.435,119.553,62.0,2.05,257.062,6.0,2023-03-17,22.92,26.14,22.58,25.51,0.0,VIX,0.1096128751631144,6.0,2023-03-17,1.209566729243467,1.4166004693958238,160.58566951622757,1.282236316271259,0.7704417220097761,0.7195927925293958,0.9437259287756464,6.0
2023-03-21,2023-03-21,1.0769,132.27,1.2195,1.3732,0.9238,10.3469,0.004384,0.005168,-0.005058,0.003361,-0.003129,-0.002833,89.565096,90.892978,84.130944,88.401595,89.906787,99.848452,82.692401,0.001224,3.0,2021-07-01,3.3587499999999997,4.15625,2023-03-21,301.643,3.5,4.65,3.59,4.17,4.69,-0.58,102.8143,589560.0,20876.9,22403.435,119.553,62.0,2.05,257.062,3.0,2023-03-21,24.16,24.16,21.29,21.38,0.0,VIX,-0.1146997929606624,3.0,2023-03-21,1.209529061478612,1.4164616725815342,157.9459891051488,1.282153534163639,0.7703404892362093,0.7194741952915175,0.9436650011444384,3.0
2023-03-28,2023-03-28,1.0844,130.97,1.2341,1.3615,0.9198,10.3416,0.005098,-0.003955,0.005131,-0.005188,0.00382,-0.00485,90.256949,91.525996,84.966023,89.459949,90.679398,100.28267,82.73478,0.0046,3.0,2021-07-01,3.3587499999999997,4.15625,2023-03-28,301.643,3.5,4.65,3.55,4.02,4.69,-0.47,102.8143,589560.0,20876.9,22403.435,119.553,62.0,2.05,257.062,3.0,2023-03-28,20.53,21.4,19.91,19.97,0.0,VIX,-0.0305825242718448,3.0,2023-03-28,1.2061326159349188,1.4107619900706938,116.45389635258137,1.2777734854377507,0.7667728583238018,0.7157054311314199,0.9404412852821844,3.0
2023-03-30,2023-03-30,1.0899,132.71,1.2368,1.3536,0.914,10.3678,0.006743,0.000151,0.004467,-0.002873,-0.005982,-0.004302,90.458409,91.990209,83.852008,89.655672,91.208629,100.919037,82.525705,0.005124,5.0,2021-07-01,3.3587499999999997,4.15625,2023-03-30,301.643,3.5,4.65,3.55,4.1,4.69,-0.55,102.8143,589560.0,20876.9,22403.435,119.553,62.0,2.05,257.062,5.0,2023-03-30,19.12,20.08,18.85,19.02,0.0,VIX,-0.0052301255230126,5.0,2023-03-30,1.2012090680371932,1.4026680251347738,76.83961997569183,1.2714995643365978,0.7617398603452882,0.710416543824893,0.935823679351736,5.0
2023-03-31,2023-03-31,1.0872,132.75,1.2369,1.3525,0.9129,10.3463,-0.002477,0.000301,8.1e-05,-0.000813,-0.001204,-0.002074,90.342903,91.762323,83.826742,89.662921,91.28281,101.04064,82.697196,-0.001277,6.0,2021-07-01,3.3587499999999997,4.15625,2023-03-31,301.643,3.5,4.65,3.48,4.06,4.69,-0.58,102.8143,589560.0,20876.9,22403.435,119.553,62.0,2.05,257.062,6.0,2023-03-31,19.21,19.43,18.52,18.7,0.0,VIX,-0.0168243953732912,6.0,2023-03-31,1.2016903451370122,1.4034357979253838,79.71146013061912,1.2721022685995054,0.7622126926846524,0.7109096389455445,0.936267269689236,6.0
2023-04-11,2023-04-11,1.0906,133.63,1.2409,1.348,0.904,10.4657,0.006089,-0.000897,0.004127,-0.00399,-0.007902,-0.008639,90.491542,92.049291,83.274714,89.952881,91.587537,102.035398,81.753729,0.005187,3.0,2021-07-01,3.3587499999999997,4.15625,2023-04-11,302.858,3.4,4.83,3.43,4.03,4.92,-0.6,103.2241,574331.0,20730.0,22539.418,119.97,63.7,2.07,256.908,3.0,2023-04-11,19.08,19.28,18.56,19.1,0.0,VIX,0.0068529256721139,3.0,2023-04-11,1.1636102805876989,1.3413699306678366,3.0686181606227,1.2237917587733784,0.7237735575980762,0.6706739809835703,0.9007107344572066,3.0
2023-04-21,2023-04-21,1.0973,134.28,1.2419,1.3534,0.8926,10.311,0.000273,0.001342,-0.00233,0.005572,-0.002013,4.8e-05,90.836249,92.614787,82.871612,90.025372,91.222107,103.338562,82.980312,-0.00071,6.0,2021-07-01,3.3587499999999997,4.15625,2023-04-21,302.858,3.4,4.83,3.57,4.17,4.92,-0.6,103.2241,574331.0,20730.0,22539.418,119.97,63.7,2.07,256.908,6.0,2023-04-21,17.51,17.71,16.58,16.77,0.0,VIX,-0.0232964472917881,6.0,2023-04-21,1.1941698861381616,1.390757820981837,39.64470124621639,1.2623746918721388,0.7542717568406108,0.7025201430611107,0.9291077732178942,6.0
2023-05-22,2023-05-22,1.0806,138.65,1.2425,1.3508,0.8991,10.5608,-0.001202,0.007118,-0.003129,0.0,0.000222,0.004767,89.58096,91.205267,80.259647,90.068866,91.39769,102.59148,81.017537,-0.002134,2.0,2021-07-01,3.3587499999999997,4.15625,2023-05-22,303.316,3.6,5.06,3.72,4.29,5.14,-0.57,102.9809,615939.0,20801.3,22539.418,120.14,59.0,2.2,253.67,2.0,2023-05-22,17.45,18.13,16.82,17.21,0.0,VIX,0.0237953599048186,2.0,2023-05-22,1.1714804897315094,1.3533339801753053,5.245361585256555,1.2333873487566784,0.7310104528332484,0.6781047511735306,0.9077730886849154,2.0
2023-05-23,2023-05-23,1.0771,138.74,1.2423,1.3485,0.9014,10.631,-0.003239,0.000649,-0.000161,-0.001703,0.002558,0.006647,89.384292,90.909858,80.207583,90.054368,91.553578,102.329709,80.482551,-0.002195,3.0,2021-07-01,3.3587499999999997,4.15625,2023-05-23,303.316,3.6,5.06,3.7,4.26,5.14,-0.56,102.9809,615939.0,20801.3,22539.418,120.14,59.0,2.2,253.67,3.0,2023-05-23,17.35,19.31,17.3,18.53,0.0,VIX,0.0766995932597327,3.0,2023-05-23,1.1694078205399872,1.349964627465151,4.379327115917002,1.230760806209441,0.7289273136899819,0.6759283445597574,0.9058399533701488,3.0
2023-05-30,2023-05-30,1.0722,139.83,1.2403,1.3593,0.9048,10.8767,0.00084,-0.004981,0.004942,-0.002349,-0.001325,0.006105,88.887393,90.496286,79.58235,89.909387,90.826161,101.945181,78.664485,0.00174,3.0,2021-07-01,3.3587499999999997,4.15625,2023-05-30,303.316,3.6,5.06,3.69,4.46,5.14,-0.77,102.9809,615939.0,20801.3,22539.418,120.14,59.0,2.2,253.67,3.0,2023-05-30,17.56,18.34,16.98,17.46,0.0,VIX,0.0,3.0,2023-05-30,1.1699947943234854,1.3507848015718842,4.4974977792683575,1.2314435649528808,0.7294086696612488,0.6764103995486057,0.9063424638053204,3.0
2023-06-06,2023-06-06,1.0695,139.67,1.2418,1.3403,0.9076,10.903,-0.002425,0.000215,-0.001768,-0.001192,0.001987,0.004866,88.879343,90.2684,79.673516,90.018123,92.113706,101.630674,78.474732,-0.001808,3.0,2021-07-01,3.3587499999999997,4.15625,2023-06-06,304.099,3.6,5.08,3.7,4.51,5.16,-0.81,102.3809,597476.0,20782.8,22539.418,120.435,64.2,2.0,253.86,3.0,2023-06-06,14.91,14.97,13.95,13.96,0.0,VIX,-0.0522742701968771,3.0,2023-06-06,1.156290593962967,1.3285598418939877,1.3522198701870516,1.2140973831787047,0.7156848476297278,0.6620901450810158,0.8935756740195268,3.0
2023-06-12,2023-06-12,1.0747,139.72,1.2489,1.3377,0.9099,10.8244,-0.000186,0.002655,-0.007155,0.002623,0.008088,-2.8e-05,89.220492,90.707292,79.645004,90.532802,92.292741,101.373777,79.044566,-0.001875,2.0,2021-07-01,3.3587499999999997,4.15625,2023-06-12,304.099,3.6,5.08,3.73,4.55,5.16,-0.82,102.3809,597476.0,20782.8,22539.418,120.435,64.2,2.0,253.86,2.0,2023-06-12,14.44,15.02,14.32,15.01,0.0,VIX,0.0853217642805495,2.0,2023-06-12,1.161776915126745,1.3372842886484295,2.127422466650791,1.2209635771665026,0.7210375451779288,0.6676465610277296,0.8986291927945459,2.0
2023-06-14,2023-06-14,1.0859,139.33,1.2696,1.3283,0.8972,10.6586,0.006208,-0.004786,0.00674,-0.001128,-0.008947,-0.005533,90.136608,91.6526,79.867939,92.033345,92.945871,102.808738,80.274145,0.005717,4.0,2021-07-01,3.3587499999999997,4.15625,2023-06-14,304.099,3.6,5.08,3.83,4.74,5.16,-0.91,102.3809,597476.0,20782.8,22539.418,120.435,64.2,2.0,253.86,4.0,2023-06-14,14.48,14.73,13.83,13.88,0.0,VIX,-0.0499657768651607,4.0,2023-06-14,1.158134448454458,1.331381949874555,1.5436704952566316,1.2163548423596655,0.71739466827623,0.663847347321194,0.895237163976714,4.0
2023-06-15,2023-06-15,1.0933,140.49,1.2762,1.3237,0.8927,10.6026,0.006815,0.008326,0.005198,-0.003463,-0.005016,-0.005254,90.52947,92.277178,79.208485,92.51178,93.268868,103.326986,80.698131,0.004359,5.0,2021-07-01,3.3587499999999997,4.15625,2023-06-15,304.099,3.6,5.08,3.72,4.62,5.16,-0.9,102.3809,597476.0,20782.8,22539.418,120.435,64.2,2.0,253.86,5.0,2023-06-15,14.09,14.52,13.79,14.5,0.0,VIX,0.0446685878962536,5.0,2023-06-15,1.1604874675411998,1.3351523512448566,1.8846932332565949,1.2193127243289603,0.7197134973404722,0.666258970760077,0.897414165106115,5.0
2023-06-16,2023-06-16,1.0925,141.82,1.2815,1.3194,0.8943,10.6508,-0.000732,0.009467,0.004153,-0.003248,0.001792,0.004546,90.44094,92.209656,78.465661,92.895977,93.572836,103.142122,80.332933,-0.000978,6.0,2021-07-01,3.3587499999999997,4.15625,2023-06-16,304.099,3.6,5.08,3.77,4.7,5.16,-0.93,102.3809,597476.0,20782.8,22539.418,120.435,64.2,2.0,253.86,6.0,2023-06-16,14.49,14.54,13.48,14.19,0.0,VIX,-0.0213793103448276,6.0,2023-06-16,1.1603085538608855,1.3348460324318323,1.8496227621548085,1.21907886095801,0.7195212967914884,0.6660559780308806,0.8972420416650954,6.0
2023-06-20,2023-06-20,1.09,141.46,1.2732,1.3246,0.8993,10.8246,-0.002288,-0.002538,-0.006477,0.003941,0.005591,0.016318,90.166715,91.99865,78.665347,92.29431,93.205496,102.568665,79.043106,-0.003032,3.0,2021-07-01,3.3587499999999997,4.15625,2023-06-20,304.099,3.6,5.08,3.74,4.68,5.16,-0.94,102.3809,597476.0,20782.8,22539.418,120.435,64.2,2.0,253.86,3.0,2023-06-20,14.36,14.67,13.86,13.88,0.0,VIX,-0.0218463706835798,3.0,2023-06-20,1.166307787493951,1.3444452160387514,3.05636777058844,1.22661312930693,0.7254236578870711,0.6721944452745258,0.9027872631699004,3.0
2023-06-21,2023-06-21,1.0951,142.09,1.2737,1.3179,0.895,10.6927,0.004679,0.004454,0.000393,-0.005058,-0.004781,-0.012185,90.473345,92.429102,78.31656,92.330555,93.679338,103.061453,80.018143,0.003401,4.0,2021-07-01,3.3587499999999997,4.15625,2023-06-21,304.099,3.6,5.08,3.72,4.68,5.16,-0.96,102.3809,597476.0,20782.8,22539.418,120.435,64.2,2.0,253.86,4.0,2023-06-21,13.88,13.89,13.1,13.2,0.0,VIX,-0.0489913544668588,4.0,2023-06-21,1.166015386895985,1.3439550818448305,2.970672584085476,1.226235779036119,0.7251179022199816,0.6718728636484106,0.9025095333705836,4.0
2023-06-22,2023-06-22,1.0953,142.89,1.275,1.3164,0.8967,10.6975,0.000183,0.00563,0.001021,-0.001138,0.001899,0.000449,90.435822,92.445982,77.878088,92.424792,93.786083,102.866064,79.982239,-0.000415,5.0,2021-07-01,3.3587499999999997,4.15625,2023-06-22,304.099,3.6,5.08,3.8,4.77,5.16,-0.97,102.3809,597476.0,20782.8,22539.418,120.435,64.2,2.0,253.86,5.0,2023-06-22,13.88,13.98,12.73,12.91,0.0,VIX,-0.0219696969696968,5.0,2023-06-22,1.167850971623274,1.3468996868974088,3.465036828819464,1.2285442548447183,0.7269303512729726,0.6737595779662748,0.9042085715657128,5.0
2023-06-23,2023-06-23,1.0887,143.78,1.2701,1.3196,0.8979,10.7429,-0.006026,0.006229,-0.003843,0.002431,0.001338,0.004244,89.967286,91.888926,77.396022,92.06959,93.558654,102.728589,79.64423,-0.005181,6.0,2021-07-01,3.3587499999999997,4.15625,2023-06-23,304.099,3.6,5.08,3.74,4.71,5.16,-0.97,102.3809,597476.0,20782.8,22539.418,120.435,64.2,2.0,253.86,6.0,2023-06-23,13.24,13.8,12.88,13.44,0.0,VIX,0.0410534469403562,6.0,2023-06-23,1.157946794417616,1.3309170752699315,1.4735479372004927,1.2160439377832353,0.7170770621099978,0.6634913474883198,0.8950083382084612,6.0
2023-06-29,2023-06-29,1.0881,144.72,1.2617,1.3246,0.8984,10.8524,-0.002109,0.003397,-0.001583,-0.000226,0.001003,0.004517,89.72934,91.838285,76.893311,91.460674,93.205496,102.671416,78.840625,-0.002017,5.0,2021-07-01,3.3587499999999997,4.15625,2023-06-29,304.099,3.6,5.08,3.85,4.87,5.16,-1.02,102.3809,597476.0,20782.8,22539.418,120.435,64.2,2.0,253.86,5.0,2023-06-29,13.64,13.85,13.41,13.54,0.0,VIX,0.0081906180193596,5.0,2023-06-29,1.156724445532572,1.328842167956373,1.299351383909193,1.2144541508734903,0.7157787190245976,0.6621231352710503,0.8938382550428889,5.0
2023-06-30,2023-06-30,1.092,144.47,1.2709,1.3232,0.8947,10.7822,0.003584,-0.001727,0.007292,-0.001057,-0.004118,-0.006469,90.062218,92.167454,77.026372,92.127582,93.304111,103.09601,79.353935,0.00371,6.0,2021-07-01,3.3587499999999997,4.15625,2023-06-30,304.099,3.6,5.08,3.81,4.87,5.16,-1.06,102.3809,597476.0,20782.8,22539.418,120.435,64.2,2.0,253.86,6.0,2023-06-30,13.51,13.59,12.96,13.59,0.0,VIX,0.0036927621861153,6.0,2023-06-30,1.1536461004909364,1.3238758515360751,0.9920511156332282,1.2105685795640182,0.7127188198653197,0.6589368460734575,0.8909784745591175,6.0
2023-07-03,2023-07-03,1.0919,144.5,1.2695,1.3243,0.8956,10.825,-9.2e-05,0.000208,-0.001102,0.000831,0.001006,0.00397,90.019145,92.159014,77.010381,92.026096,93.22661,102.992407,79.040185,-0.000478,2.0,2021-07-01,3.3587499999999997,4.15625,2023-07-03,304.615,3.5,5.12,3.86,4.94,5.25,-1.08,103.0722,591150.0,20772.3,22780.933,120.598,71.5,1.84,253.835,2.0,2023-07-03,13.85,13.85,13.47,13.58,0.0,VIX,-0.0007358351729211,2.0,2023-07-03,1.14479463088052,1.3096236830652257,0.4546193526808003,1.1994068316991089,0.703946454317677,0.6498114072890894,0.8827634281305441,2.0
2023-07-05,2023-07-05,1.0868,144.56,1.271,1.3271,0.898,10.892,-0.004671,0.000415,0.001182,0.002114,0.00268,0.006189,89.731568,91.728562,76.978417,92.134831,93.029915,102.717149,78.553985,-0.003195,4.0,2021-07-01,3.3587499999999997,4.15625,2023-07-05,304.615,3.5,5.12,3.95,4.94,5.25,-0.99,103.0722,591150.0,20772.3,22780.933,120.598,71.5,1.84,253.835,4.0,2023-07-05,14.19,14.74,14.05,14.18,0.0,VIX,0.0441826215022091,4.0,2023-07-05,1.137487162386577,1.297899899312813,0.2380219837266775,1.1902092399300244,0.6967423092272038,0.6423293519968954,0.8759940005884981,4.0
2023-07-10,2023-07-10,1.0991,141.56,1.2837,1.3281,0.8869,10.7937,0.002463,-0.004571,-7.8e-05,-0.000226,-0.002025,-0.003232,90.730914,92.766712,78.609777,93.055455,92.959867,104.002706,79.269389,0.002204,2.0,2021-07-01,3.3587499999999997,4.15625,2023-07-10,304.615,3.5,5.12,4.01,4.85,5.25,-0.84,103.0722,591150.0,20772.3,22780.933,120.598,71.5,1.84,253.835,2.0,2023-07-10,16.08,16.21,15.04,15.07,0.0,VIX,0.0161834120026973,2.0,2023-07-10,1.1630214066708575,1.338780448535278,2.154916234862328,1.2223005327368872,0.7218614095299092,0.668425313937552,0.899613192094349,2.0
2023-07-19,2023-07-19,1.1195,139.76,1.2898,1.3158,0.8598,10.2759,-0.002495,0.005902,-0.01195,-0.00129,0.001864,0.005696,92.277839,94.488521,79.62221,93.497644,93.828849,107.280763,83.263753,-0.003786,4.0,2021-07-01,3.3587499999999997,4.15625,2023-07-19,304.615,3.5,5.12,3.75,4.74,5.25,-0.99,103.0722,591150.0,20772.3,22780.933,120.598,71.5,1.84,253.835,4.0,2023-07-19,13.32,13.84,13.12,13.76,0.0,VIX,0.0345864661654133,4.0,2023-07-19,1.143300947182867,1.3069477195809671,0.3780620121403063,1.1973989016939577,0.7022482712723018,0.6480040823117336,0.8812855916467528,4.0
2023-07-21,2023-07-21,1.112,141.75,1.2854,1.3217,0.8658,10.3944,-0.001347,0.009687,0.000389,0.002655,-0.001499,0.004465,91.618496,93.855503,78.504409,93.178688,93.410002,106.537307,82.314516,-0.002225,6.0,2021-07-01,3.3587499999999997,4.15625,2023-07-21,304.615,3.5,5.12,3.84,4.82,5.25,-0.98,103.0722,591150.0,20772.3,22780.933,120.598,71.5,1.84,253.835,6.0,2023-07-21,13.87,13.89,13.37,13.6,0.0,VIX,-0.0278770550393138,6.0,2023-07-21,1.1318989765809826,1.2887015514355282,0.1378321673640815,1.183067367659491,0.6910481853047374,0.6363834987433633,0.8707375825973853,6.0
2023-07-31,2023-07-31,1.102,142.18,1.2857,1.316,0.8688,10.4989,-0.001721,0.010375,-0.00101,-0.004915,0.000115,-0.001512,91.091799,93.011479,78.266986,93.200435,93.81459,106.169429,81.495204,-0.001834,2.0,2021-07-01,3.3587499999999997,4.15625,2023-07-31,304.615,3.5,5.12,3.97,4.88,5.25,-0.91,103.0722,591150.0,20772.3,22780.933,120.598,71.5,1.84,253.835,2.0,2023-07-31,13.98,14.09,13.57,13.63,0.0,VIX,0.0225056264066016,2.0,2023-07-31,1.1323174091816832,1.2891932652334153,0.138289133988831,1.1835117458668971,0.6913159663514716,0.6366338788226811,0.8710646449580364,2.0
2023-08-08,2023-08-08,1.0951,143.17,1.2729,1.3454,0.8757,10.726,-0.004455,0.005054,-0.003133,0.006132,0.001716,0.012154,90.283188,92.429102,77.725781,92.272563,91.764531,105.332877,79.769718,-0.004681,3.0,2021-07-01,3.3587499999999997,4.15625,2023-08-08,306.138,3.7,5.33,4.02,4.74,5.3,-0.72,103.0951,613511.0,20747.3,22780.933,120.965,69.4,1.85,257.68,3.0,2023-08-08,16.28,18.14,15.96,15.99,0.0,VIX,0.0139505389980976,3.0,2023-08-08,1.156617491123817,1.3279477568122422,1.1252622827186558,1.2139892438535012,0.7150892414034711,0.6612932627462889,0.8934960834761768,3.0
2023-08-09,2023-08-09,1.0975,143.58,1.2715,1.3442,0.877,10.6964,0.002192,0.002864,-0.0011,-0.000892,0.001485,-0.00276,90.368709,92.631668,77.503831,92.171076,91.846451,105.176739,79.990464,0.000947,4.0,2021-07-01,3.3587499999999997,4.15625,2023-08-09,306.138,3.7,5.33,4.0,4.79,5.3,-0.79,103.0951,613511.0,20747.3,22780.933,120.965,69.4,1.85,257.68,4.0,2023-08-09,15.81,16.87,15.38,15.96,0.0,VIX,-0.0018761726078798,4.0,2023-08-09,1.1530365546171004,1.3221774113201337,0.8224781272268902,1.2094721450257393,0.7115357072016258,0.657594640553049,0.8901714987389441,4.0
2023-08-10,2023-08-10,1.1016,144.4,1.2726,1.3401,0.8736,10.6357,0.003736,0.005711,0.000865,-0.00305,-0.003877,-0.005675,90.577148,92.977718,77.063712,92.250816,92.127453,105.586081,80.446985,0.002307,5.0,2021-07-01,3.3587499999999997,4.15625,2023-08-10,306.138,3.7,5.33,4.09,4.82,5.3,-0.73,103.0951,613511.0,20747.3,22780.933,120.965,69.4,1.85,257.68,5.0,2023-08-10,15.58,16.86,14.6,15.85,0.0,VIX,-0.0068922305764411,5.0,2023-08-10,1.1635726910192006,1.3391044397639589,2.0356697490241973,1.22273811742164,0.7219523799893299,0.6684320334910808,0.8999352544223271,5.0
2023-08-11,2023-08-11,1.0957,144.94,1.2694,1.3437,0.8765,10.8329,-0.005356,0.00374,-0.002515,0.002686,0.00332,0.018541,90.127119,92.479743,76.776597,92.018847,91.880628,105.236737,78.982544,-0.004968,6.0,2021-07-01,3.3587499999999997,4.15625,2023-08-11,306.138,3.7,5.33,4.16,4.89,5.3,-0.73,103.0951,613511.0,20747.3,22780.933,120.965,69.4,1.85,257.68,6.0,2023-08-11,15.53,16.51,14.84,14.84,0.0,VIX,-0.0637223974763406,6.0,2023-08-11,1.1677372806263135,1.3458009208722588,2.9000698936427116,1.2279832684265457,0.7260763590076618,0.6727262452788914,0.9037956855619376,6.0
2023-08-23,2023-08-23,1.0862,144.62,1.2715,1.3542,0.8785,10.9212,0.001475,-0.008025,-0.001414,-0.000369,-0.001705,-0.002047,89.606213,91.67792,76.94648,92.171076,91.168217,104.997154,78.343955,0.001817,4.0,2021-07-01,3.3587499999999997,4.15625,2023-08-23,306.138,3.7,5.33,4.19,4.95,5.3,-0.76,103.0951,613511.0,20747.3,22780.933,120.965,69.4,1.85,257.68,4.0,2023-08-23,16.64,17.1,15.91,15.98,0.0,VIX,-0.0583382439599291,4.0,2023-08-23,1.1617377029073706,1.3359126989180496,1.664045567699944,1.2203166794686555,0.7199406779112905,0.6663002048052196,0.8981530760889305,4.0
2023-08-28,2023-08-28,1.081,146.4,1.2592,1.3596,0.8832,10.9983,0.002132,0.000137,0.00175,-0.002202,-0.00316,-0.006199,89.04394,91.239028,76.010929,91.279449,90.806119,104.438406,77.79475,0.002022,2.0,2021-07-01,3.3587499999999997,4.15625,2023-08-28,306.138,3.7,5.33,4.2,4.98,5.3,-0.78,103.0951,613511.0,20747.3,22780.933,120.965,69.4,1.85,257.68,2.0,2023-08-28,16.24,16.28,15.0,15.08,0.0,VIX,-0.0382653061224489,2.0,2023-08-28,1.1827096885464046,1.3697037756937365,9.791858304674015,1.2467571567162634,0.7407719680120817,0.6880136045076902,0.91761326734317,2.0
2023-08-29,2023-08-29,1.0851,146.01,1.2614,1.3589,0.8798,10.9186,0.003793,-0.002664,0.001747,-0.000515,-0.00385,-0.007247,89.332491,91.585078,76.213958,91.438927,90.852896,104.84201,78.362611,0.003241,3.0,2021-07-01,3.3587499999999997,4.15625,2023-08-29,306.138,3.7,5.33,4.12,4.87,5.3,-0.75,103.0951,613511.0,20747.3,22780.933,120.965,69.4,1.85,257.68,3.0,2023-08-29,15.08,15.3,14.34,14.45,0.0,VIX,-0.0417771883289125,3.0,2023-08-29,1.1823350204435357,1.3690777320217555,9.454609401111316,1.2462747503288532,0.7403814358512348,0.687602638534206,0.917258216242036,3.0
2023-08-30,2023-08-30,1.0926,145.94,1.2726,1.3515,0.8772,10.8163,0.006912,-0.000479,0.008879,-0.005446,-0.002955,-0.009369,89.886279,92.218096,76.250514,92.250816,91.350351,105.152759,79.10376,0.006199,4.0,2021-07-01,3.3587499999999997,4.15625,2023-08-30,306.138,3.7,5.33,4.12,4.9,5.3,-0.78,103.0951,613511.0,20747.3,22780.933,120.965,69.4,1.85,257.68,4.0,2023-08-30,14.53,14.7,13.83,13.88,0.0,VIX,-0.0394463667820068,4.0,2023-08-30,1.1725964755475722,1.3532980169967326,4.120835415768796,1.2339582931555315,0.7306333861901795,0.6774233791766677,0.9081933037624712,4.0
2023-09-05,2023-09-05,1.0727,147.63,1.2583,1.3607,0.8888,11.0926,-0.005562,0.009781,-0.000873,0.001841,0.0035,0.004091,88.488391,90.538488,75.377633,91.214208,90.732711,103.780378,77.133404,-0.004981,3.0,2021-07-01,3.3587499999999997,4.15625,2023-09-05,307.374,3.8,5.33,4.27,4.94,5.32,-0.67,103.3081,579306.0,20720.6,22780.933,121.387,67.8,1.78,258.934,3.0,2023-09-05,14.15,14.47,13.7,14.01,0.0,VIX,0.0137481910274963,3.0,2023-09-05,1.1705170861711478,1.3498293256991891,3.381691732375951,1.2312826914712978,0.7284723083257737,0.6751524303461711,0.9062240609228752,3.0
2023-09-19,2023-09-19,1.0684,147.8,1.2393,1.3431,0.8979,11.1497,-0.001029,0.001152,-0.000806,-0.003783,0.001673,-0.000502,88.157392,90.175557,75.290934,89.836897,91.921674,102.728589,76.738388,-0.000531,3.0,2021-07-01,3.3587499999999997,4.15625,2023-09-19,307.374,3.8,5.33,4.37,5.08,5.32,-0.71,103.3081,579306.0,20720.6,22780.933,121.387,67.8,1.78,258.934,3.0,2023-09-19,14.11,14.88,13.86,14.11,0.0,VIX,0.0078571428571427,3.0,2023-09-19,1.171759333428568,1.3515780254362897,3.587074928925222,1.2327336128192543,0.7295013669243512,0.6761852568538197,0.9072919390349712,3.0
2023-09-28,2023-09-28,1.0578,149.18,1.2223,1.3474,0.915,10.9116,0.00647,-0.002007,0.007418,-0.002812,-0.005219,-0.01155,87.375215,89.280891,74.59445,88.604567,91.628321,100.808743,78.412882,0.00586,5.0,2021-07-01,3.3587499999999997,4.15625,2023-09-28,307.374,3.8,5.33,4.59,5.04,5.32,-0.45,103.3081,579306.0,20720.6,22780.933,121.387,67.8,1.78,258.934,5.0,2023-09-28,18.22,18.77,17.06,17.34,0.0,VIX,-0.0482985729967068,5.0,2023-09-28,1.1827274071565288,1.3691553079050374,8.83510145944311,1.2465168506242392,0.7403215282692794,0.6874524159786887,0.91743640205944,5.0
2023-10-03,2023-10-03,1.0453,149.16,1.2069,1.372,0.9226,11.1291,-0.004476,-0.004272,-0.005029,0.003951,0.005449,0.009671,86.392271,88.225861,74.604452,87.48822,89.985423,99.978322,76.880431,-0.003701,3.0,2021-07-01,3.3587499999999997,4.15625,2023-10-03,307.653,3.9,5.33,4.81,5.15,5.34,-0.34,102.5781,594266.0,20687.6,22960.6,121.421,63.8,1.83,255.192,3.0,2023-10-03,17.81,20.48,17.52,19.78,0.0,VIX,0.1232254400908576,3.0,2023-10-03,1.206183304385665,1.4072242273855708,61.91125607754823,1.2761971614434762,0.7638743660737797,0.7120904620566891,0.9392811108223984,3.0
2023-10-06,2023-10-06,1.0596,149.08,1.2255,1.3657,0.9082,10.9401,0.006555,0.003973,0.006902,-0.005751,-0.006454,-0.007854,87.403996,89.432816,74.644486,88.836535,90.400527,101.563532,78.208609,0.00534,6.0,2021-07-01,3.3587499999999997,4.15625,2023-10-06,307.653,3.9,5.33,4.78,5.08,5.34,-0.3,102.5781,594266.0,20687.6,22960.6,121.421,63.8,1.83,255.192,6.0,2023-10-06,18.73,19.93,17.19,17.45,0.0,VIX,-0.0562466197944834,6.0,2023-10-06,1.2220140062131968,1.4330904714951762,225.77321641322052,1.2962965410315872,0.7799305970565108,0.7289418887283335,0.9540742541992482,6.0
2023-10-10,2023-10-10,1.0618,148.62,1.2288,1.3579,0.9039,10.8589,0.002076,-0.003086,0.002693,-0.005711,-0.004735,-0.007422,87.660049,89.618501,74.875521,89.075752,90.919803,102.046687,78.793432,0.00293,3.0,2021-07-01,3.3587499999999997,4.15625,2023-10-10,307.653,3.9,5.33,4.66,4.96,5.34,-0.3,102.5781,594266.0,20687.6,22960.6,121.421,63.8,1.83,255.192,3.0,2023-10-10,17.7,17.86,16.51,17.03,0.0,VIX,-0.0378531073446326,3.0,2023-10-10,1.2065799555023502,1.4077381527248694,62.49121632854466,1.2766400355529242,0.7641672232454969,0.7123764113950791,0.9396070661669522,3.0
2023-10-18,2023-10-18,1.0532,149.86,1.215,1.3696,0.8985,11.0308,-0.005759,0.001002,-0.004588,0.005432,-0.001112,0.013106,86.93848,88.89264,74.255972,88.07539,90.143107,102.659989,77.565544,-0.005014,4.0,2021-07-01,3.3587499999999997,4.15625,2023-10-18,307.653,3.9,5.33,4.91,5.19,5.34,-0.28,102.5781,594266.0,20687.6,22960.6,121.421,63.8,1.83,255.192,4.0,2023-10-18,18.36,20.15,17.88,19.22,0.0,VIX,0.0749440715883669,4.0,2023-10-18,1.201161301956564,1.3987431062829954,38.783780879460416,1.2696941298077011,0.7585599513429886,0.7064744512312144,0.934494879538468,4.0
2023-10-19,2023-10-19,1.057,149.92,1.2145,1.3716,0.8956,10.9694,0.003608,0.0004,-0.000412,0.00146,-0.003228,-0.005566,87.133105,89.213369,74.226254,88.039145,90.011665,102.992407,77.999708,0.002239,5.0,2021-07-01,3.3587499999999997,4.15625,2023-10-19,307.653,3.9,5.33,4.98,5.14,5.34,-0.16,102.5781,594266.0,20687.6,22960.6,121.421,63.8,1.83,255.192,5.0,2023-10-19,19.73,21.4,18.55,21.4,0.0,VIX,0.1134235171696149,5.0,2023-10-19,1.1999175987360349,1.396696940380241,34.84960173047733,1.2681080764921524,0.7572882154578384,0.7051391293292922,0.9333275442982242,5.0
2023-10-20,2023-10-20,1.0592,149.85,1.2153,1.3692,0.8918,10.9656,0.002081,-0.000467,0.000659,-0.00175,-0.004243,-0.000346,87.282969,89.399055,74.260928,88.097137,90.169442,103.431263,78.026738,0.00172,6.0,2021-07-01,3.3587499999999997,4.15625,2023-10-20,307.653,3.9,5.33,4.93,5.07,5.34,-0.14,102.5781,594266.0,20687.6,22960.6,121.421,63.8,1.83,255.192,6.0,2023-10-20,21.59,21.83,20.42,21.71,0.0,VIX,0.0144859813084112,6.0,2023-10-20,1.1996616499373218,1.396260882184186,33.999432887269464,1.2677748719031523,0.7570143393106132,0.7048492477754784,0.9330823057207204,6.0
2023-11-02,2023-11-02,1.0618,150.48,1.2175,1.3788,0.9061,11.1318,0.007592,-0.00318,0.003958,-0.006557,-0.004614,-0.008215,87.221242,89.618501,73.950027,88.256615,89.54163,101.798918,76.861783,0.006452,5.0,2021-07-01,3.3587499999999997,4.15625,2023-11-02,308.087,3.7,5.33,4.67,4.98,5.27,-0.31,102.8868,608426.0,20696.8,22960.6,121.415,61.3,1.79,252.856,5.0,2023-11-02,16.59,16.62,15.58,15.66,0.0,VIX,-0.071724955542383,5.0,2023-11-02,1.2094820454883348,1.4120390882058382,73.54245561425164,1.2801254698650162,0.7667503857971103,0.715016208669524,0.942172345820652,5.0
2023-11-06,2023-11-06,1.0747,149.77,1.2391,1.3662,0.8969,10.8827,0.001304,0.002745,0.001374,-0.000658,-0.00167,-0.002173,88.269023,90.707292,74.300594,89.822399,90.367443,102.843126,78.621114,0.000836,2.0,2021-07-01,3.3587499999999997,4.15625,2023-11-06,308.087,3.7,5.33,4.67,4.93,5.27,-0.26,102.8868,608426.0,20696.8,22960.6,121.415,61.3,1.79,252.856,2.0,2023-11-06,15.39,15.58,14.84,14.89,0.0,VIX,-0.0013413816230717,2.0,2023-11-06,1.212606600620571,1.4170716288052685,93.91666040254174,1.284060042203745,0.7698593313376354,0.7182664031598276,0.9450681910619564,2.0
2023-11-07,2023-11-07,1.0687,150.47,1.2296,1.3769,0.9005,10.9362,-0.005583,0.004674,-0.007667,0.007832,0.004014,0.004916,87.75351,90.200878,73.954941,89.133744,89.66519,102.431982,78.236499,-0.00584,3.0,2021-07-01,3.3587499999999997,4.15625,2023-11-07,308.087,3.7,5.33,4.58,4.91,5.27,-0.33,102.8868,608426.0,20696.8,22960.6,121.415,61.3,1.79,252.856,3.0,2023-11-07,15.1,15.17,14.71,14.81,0.0,VIX,-0.005372733378106,3.0,2023-11-07,1.2093041762699663,1.4116524071878038,71.25965123428294,1.2798560596789754,0.7664918133642433,0.7147297636805131,0.941974059923726,3.0
2023-11-17,2023-11-17,1.0879,149.82,1.243,1.374,0.887,10.5562,0.00258,-0.005113,0.000563,-0.002468,-0.001351,-0.005202,89.037794,91.821404,74.275798,90.105111,89.85444,103.990981,81.052841,0.002666,6.0,2021-07-01,3.3587499999999997,4.15625,2023-11-17,308.087,3.7,5.33,4.44,4.88,5.27,-0.44,102.8868,608426.0,20696.8,22960.6,121.415,61.3,1.79,252.856,6.0,2023-11-17,14.18,14.19,13.67,13.8,0.0,VIX,-0.0363128491620111,6.0,2023-11-17,1.22764093295676,1.4415139733294955,310.32032524343106,1.303090488312054,0.7850119031745018,0.7341557880497591,0.9590745993976716,6.0
2023-11-22,2023-11-22,1.0871,149.67,1.2468,1.3733,0.8853,10.5111,-0.004761,0.012104,-0.005742,0.003141,0.002491,0.005924,89.067769,91.753883,74.350237,90.380573,89.90024,104.19067,81.400615,-0.0055,4.0,2021-07-01,3.3587499999999997,4.15625,2023-11-22,308.087,3.7,5.33,4.42,4.89,5.27,-0.47,102.8868,608426.0,20696.8,22960.6,121.415,61.3,1.79,252.856,4.0,2023-11-22,13.08,13.25,12.8,12.8,0.0,VIX,-0.041198501872659,4.0,2023-11-22,1.221265838650012,1.4309475678088246,181.29588549084187,1.2949304136454234,0.7784202300061462,0.7272087687265446,0.9530687844430316,4.0
2023-11-28,2023-11-28,1.1007,147.41,1.2713,1.3562,0.8763,10.3235,0.0064,-0.00994,0.007928,-0.005208,-0.005448,-0.011822,90.299115,92.901756,75.49013,92.156578,91.033771,105.260755,82.879837,0.007066,3.0,2021-07-01,3.3587499999999997,4.15625,2023-11-28,308.087,3.7,5.33,4.34,4.73,5.27,-0.39,102.8868,608426.0,20696.8,22960.6,121.415,61.3,1.79,252.856,3.0,2023-11-28,12.78,14.3,12.56,12.69,0.0,VIX,0.0,3.0,2023-11-28,1.2377432056899829,1.457930330276607,678.6620770144965,1.3158704285284122,0.795194776085316,0.744843213964284,0.9684806353969116,3.0
2023-12-07,2023-12-07,1.0794,144.1,1.2582,1.3594,0.8758,10.3998,0.000371,-0.020794,-0.000556,0.001031,0.001945,-0.004537,89.343545,91.103984,77.22415,91.206959,90.819479,105.32085,82.271774,0.002599,5.0,2021-07-01,3.3587499999999997,4.15625,2023-12-07,308.735,3.8,5.33,4.14,4.58,5.24,-0.44,102.6309,657243.0,20701.5,22960.6,121.602,69.7,1.62,249.866,5.0,2023-12-07,13.17,13.28,12.95,13.06,0.0,VIX,0.0069390902081727,5.0,2023-12-07,1.2751566253610815,1.5198117616030884,12935.964469598555,1.3636600972512491,0.8338473891469869,0.7856659742635094,1.0036538315769197,5.0
2023-12-11,2023-12-11,1.0747,146.41,1.255,1.3568,0.8795,10.5039,9.3e-05,0.01056,0.000877,-0.001986,-0.001703,0.001354,88.887383,90.707292,76.005737,90.974991,90.993514,104.877771,81.456411,-0.000861,2.0,2021-07-01,3.3587499999999997,4.15625,2023-12-11,308.735,3.8,5.33,4.23,4.71,5.24,-0.48,102.6309,657243.0,20701.5,22960.6,121.602,69.7,1.62,249.866,2.0,2023-12-11,13.05,13.14,12.61,12.63,0.0,VIX,0.0226720647773279,2.0,2023-12-11,1.2978650546656851,1.557752986216547,74568.2325072287,1.392815309960378,0.8576631615249707,0.8109414893783092,1.025112068130838,2.0
2023-12-14,2023-12-14,1.0997,141.53,1.2767,1.3404,0.8639,10.2029,0.018901,-0.025074,0.019159,-0.012233,-0.013925,-0.023113,90.916805,92.817353,78.62644,92.548025,92.106834,106.771617,83.859491,0.019105,5.0,2021-07-01,3.3587499999999997,4.15625,2023-12-14,308.735,3.8,5.33,3.92,4.37,5.24,-0.45,102.6309,657243.0,20701.5,22960.6,121.602,69.7,1.62,249.866,5.0,2023-12-14,11.96,12.74,11.84,12.48,0.0,VIX,0.0237899917965547,5.0,2023-12-14,1.318933483039803,1.5932046837803626,369406.9141354621,1.419961927865263,0.8799936785419482,0.8347225188902287,1.045091978908834,5.0
2023-12-28,2023-12-28,1.1073,141.08,1.2743,1.3202,0.8396,9.9748,-0.003689,-0.006829,-0.00422,7.6e-05,-0.002495,0.004603,91.619726,93.458812,78.877233,92.374049,93.516134,109.861839,85.777158,-0.001961,5.0,2021-07-01,3.3587499999999997,4.15625,2023-12-28,308.735,3.8,5.33,3.84,4.26,5.24,-0.42,102.6309,657243.0,20701.5,22960.6,121.602,69.7,1.62,249.866,5.0,2023-12-28,12.44,12.65,12.38,12.47,0.0,VIX,0.0032180209171359,5.0,2023-12-28,1.3467862104845367,1.6401931071085103,2848536.595852371,1.4558823731290869,0.909655145741821,0.8663894960479931,1.071529426623008,5.0
2023-12-29,2023-12-29,1.1062,140.92,1.2743,1.3202,0.8405,10.0506,-0.000993,-0.001134,0.0,0.0,0.001072,0.007599,91.547023,93.365969,78.96679,92.374049,93.516134,109.7442,85.130241,-0.000794,6.0,2021-07-01,3.3587499999999997,4.15625,2023-12-29,308.735,3.8,5.33,3.88,4.23,5.24,-0.35,102.6309,657243.0,20701.5,22960.6,121.602,69.7,1.62,249.866,6.0,2023-12-29,12.55,13.19,12.36,12.45,0.0,VIX,-0.0016038492381716,6.0,2023-12-29,1.3447609552704751,1.6367188327142723,2442324.525718783,1.453245716259182,0.9074489685606948,0.8640222824173431,1.069588847166758,6.0
2024-01-02,2024-01-02,1.0957,141.89,1.2632,1.331,0.8483,10.1963,-0.009492,0.006883,-0.008711,0.008181,0.00928,0.014497,90.710916,92.479743,78.42695,91.569409,92.757325,108.735117,83.913773,-0.009133,3.0,2021-07-01,3.3587499999999997,4.15625,2024-01-02,309.794,3.7,5.33,3.95,4.33,5.22,-0.38,101.483,539834.0,20773.1,23053.545,122.115,79.0,1.62,251.306,3.0,2024-01-02,13.22,14.23,13.1,13.2,0.0,VIX,0.0602409638554217,3.0,2024-01-02,1.3581258386840789,1.659446860413584,6478131.380554369,1.470554576222049,0.921846595661408,0.8794447532059387,1.0823281680994283,3.0
2024-01-16,2024-01-16,1.0882,147.01,1.2657,1.3472,0.8604,10.4211,-0.007026,0.014842,-0.006983,0.005448,0.009504,0.014031,89.763813,91.846725,75.695531,91.750634,91.641924,107.205951,82.103617,-0.008115,3.0,2021-07-01,3.3587499999999997,4.15625,2024-01-16,309.794,3.7,5.33,4.07,4.22,5.22,-0.15,101.483,539834.0,20773.1,23053.545,122.115,79.0,1.62,251.306,3.0,2024-01-16,14.12,14.35,13.52,13.84,0.0,VIX,0.0445283018867923,3.0,2024-01-16,1.3680216833210102,1.6760803716800574,12772817.528582286,1.4832808055662965,0.9323509273878444,0.8906735876055608,1.0916946728967944,3.0
2024-01-24,2024-01-24,1.0901,147.31,1.2754,1.3479,0.8631,10.4145,0.006649,-0.008347,0.007345,-0.000519,-0.009979,-0.008332,89.904674,92.00709,75.541375,92.453788,91.594332,106.870583,82.155648,0.006578,4.0,2021-07-01,3.3587499999999997,4.15625,2024-01-24,309.794,3.7,5.33,4.18,4.34,5.22,-0.16,101.483,539834.0,20773.1,23053.545,122.115,79.0,1.62,251.306,4.0,2024-01-24,12.66,13.18,12.41,13.14,0.0,VIX,0.0470119521912351,4.0,2024-01-24,1.3448576452411567,1.6363050522709426,2253869.738551621,1.453114243968199,0.9070722615360608,0.8635233806557443,1.0694920835605946,4.0
2024-02-05,2024-02-05,1.0736,148.79,1.2532,1.3533,0.8711,10.6173,-0.004728,0.001683,-0.007524,0.005573,0.004034,0.011653,88.674318,90.61445,74.789972,90.844509,91.228848,105.889106,80.586401,-0.005028,2.0,2021-07-01,3.3587499999999997,4.15625,2024-02-05,311.022,3.9,5.33,4.17,4.46,5.24,-0.29,102.7267,544169.0,20861.2,23053.545,122.494,76.9,1.56,254.926,2.0,2024-02-05,14.37,14.53,13.58,13.67,0.0,VIX,-0.0129963898916967,2.0,2024-02-05,1.3389958963720672,1.6260635550131128,1398571.532564439,1.4453993238003224,0.9005343610554992,0.8564808570805662,1.0638139023170372,2.0
2024-02-08,2024-02-08,1.0774,149.25,1.262,1.3463,0.8736,10.4771,0.000464,0.008173,-0.000713,-0.00052,0.000573,0.000688,88.981168,90.935179,74.559464,91.482421,91.703187,105.586081,81.664774,-0.000747,5.0,2021-07-01,3.3587499999999997,4.15625,2024-02-08,311.022,3.9,5.33,4.15,4.46,5.24,-0.31,102.7267,544169.0,20861.2,23053.545,122.494,76.9,1.56,254.926,5.0,2024-02-08,12.95,13.17,12.74,12.79,0.0,VIX,-0.0031176929072487,5.0,2024-02-08,1.3415058711046397,1.63026598102516,1669681.262246273,1.448621705166075,0.9031815302512208,0.8593028043871976,1.066185575002231,5.0
2024-02-09,2024-02-09,1.0782,149.38,1.2628,1.3478,0.875,10.4703,0.000743,0.000871,0.000634,0.001114,0.001603,-0.000649,89.004995,91.002701,74.494578,91.540413,91.601128,105.417143,81.717811,0.000268,6.0,2021-07-01,3.3587499999999997,4.15625,2024-02-09,311.022,3.9,5.33,4.17,4.48,5.24,-0.31,102.7267,544169.0,20861.2,23053.545,122.494,76.9,1.56,254.926,6.0,2024-02-09,12.79,13.01,12.69,12.93,0.0,VIX,0.0109460516028148,6.0,2024-02-09,1.3331826595890106,1.6161008972434785,893058.693259918,1.4378332747918017,0.8942141058309419,0.8497069314909012,1.058245290246766,6.0
2024-02-20,2024-02-20,1.0814,149.87,1.2645,1.3517,0.8807,10.3512,0.004179,-0.003126,0.004369,0.002522,-0.000681,-0.009502,89.132984,91.272789,74.251018,91.663646,91.336835,104.73487,82.658049,0.003517,3.0,2021-07-01,3.3587499999999997,4.15625,2024-02-20,311.022,3.9,5.33,4.27,4.59,5.24,-0.32,102.7267,544169.0,20861.2,23053.545,122.494,76.9,1.56,254.926,3.0,2024-02-20,15.09,15.91,15.07,15.42,0.0,VIX,0.0482664853840923,3.0,2024-02-20,1.3823836275061343,1.6999573066891775,32262412.765671156,1.5016294052985468,0.94738470372822,0.9067119133282572,1.1051992422997303,3.0
2024-02-27,2024-02-27,1.0857,150.46,1.2693,1.3522,0.8792,10.2961,0.000184,-0.002188,0.000946,0.000666,-0.001023,0.001206,89.365778,91.635719,73.959856,92.011598,91.303062,104.913558,83.100397,0.000405,3.0,2021-07-01,3.3587499999999997,4.15625,2024-02-27,311.022,3.9,5.33,4.31,4.7,5.24,-0.39,102.7267,544169.0,20861.2,23053.545,122.494,76.9,1.56,254.926,3.0,2024-02-27,13.63,13.75,13.41,13.43,0.0,VIX,-0.0225618631732169,3.0,2024-02-27,1.3905616272501478,1.7138902343900997,56837214.81613165,1.5122238688503018,0.9562314500621668,0.9162155158284772,1.112996767473822,3.0
2024-03-04,2024-03-04,1.0862,150.44,1.2701,1.3563,0.8841,10.3494,0.00277,0.001598,0.003873,0.000738,-0.000339,0.002596,89.3343,91.67792,73.969689,92.06959,91.027059,104.332089,82.672425,0.001774,2.0,2021-07-01,3.3587499999999997,4.15625,2024-03-04,312.107,3.9,5.33,4.22,4.61,5.24,-0.39,102.5186,597695.0,20901.4,23053.545,122.912,79.4,1.54,255.095,2.0,2024-03-04,13.49,13.58,13.32,13.49,0.0,VIX,0.0289855072463769,2.0,2024-03-04,1.3682141426279224,1.675316801152977,11021676.877660582,1.4830472083774526,0.9316483425754176,0.8897370734979895,1.0915227453658052,2.0
2024-03-06,2024-03-06,1.0913,149.17,1.2757,1.3509,0.8812,10.271,0.004788,-0.006461,0.00354,-0.005155,-0.002829,-0.009633,89.788173,92.108373,74.59945,92.475535,91.390925,104.675443,83.303476,0.004974,4.0,2021-07-01,3.3587499999999997,4.15625,2024-03-06,312.107,3.9,5.33,4.11,4.55,5.24,-0.44,102.5186,597695.0,20901.4,23053.545,122.912,79.4,1.54,255.095,4.0,2024-03-06,14.27,14.93,13.89,14.5,0.0,VIX,0.0027662517289073,4.0,2024-03-06,1.3411606746655778,1.6290805702221922,1485930.038564502,1.447908619279469,0.9023127165781024,0.8582744650402099,1.0656607437896892,4.0
2024-03-12,2024-03-12,1.0918,147.69,1.2786,1.3495,0.8782,10.2388,-0.000915,0.005652,-0.00164,0.000742,-0.000114,-0.000166,89.971669,92.150574,75.347011,92.685756,91.485735,105.033022,83.565457,-0.001441,3.0,2021-07-01,3.3587499999999997,4.15625,2024-03-12,312.107,3.9,5.33,4.16,4.58,5.24,-0.42,102.5186,597695.0,20901.4,23053.545,122.912,79.4,1.54,255.095,3.0,2024-03-12,14.97,15.2,13.81,13.84,0.0,VIX,-0.0906701708278581,3.0,2024-03-12,1.347843986481139,1.640323383712161,2393929.066071535,1.4565118315582608,0.909406468245482,0.8658470891906478,1.07199270802688,3.0
2024-03-19,2024-03-19,1.0859,150.73,1.2713,1.3578,0.8882,10.4367,-0.00248,0.010729,-0.001806,0.002806,0.002257,0.001122,89.255179,91.6526,73.827373,92.156578,90.926499,103.850484,81.980894,-0.003287,3.0,2021-07-01,3.3587499999999997,4.15625,2024-03-19,312.107,3.9,5.33,4.3,4.68,5.24,-0.38,102.5186,597695.0,20901.4,23053.545,122.912,79.4,1.54,255.095,3.0,2024-03-19,14.5,14.86,13.8,13.82,0.0,VIX,-0.0355896720167481,3.0,2024-03-19,1.3427490330520828,1.631493902231672,1601045.1970310456,1.4498384654527947,0.9037834736994994,0.8598009805899985,1.067081110573257,3.0
2024-03-20,2024-03-20,1.0856,151.66,1.2713,1.3562,0.8911,10.4746,-0.000276,0.00617,0.0,-0.001178,0.003265,0.003631,89.164161,91.627279,73.374654,92.156578,91.033771,103.512513,81.684265,-0.00102,4.0,2021-07-01,3.3587499999999997,4.15625,2024-03-20,312.107,3.9,5.33,4.27,4.59,5.24,-0.32,102.5186,597695.0,20901.4,23053.545,122.912,79.4,1.54,255.095,4.0,2024-03-20,13.83,14.17,13.01,13.04,0.0,VIX,-0.0564399421128799,4.0,2024-03-20,1.3411361572319571,1.6287288245465632,1414960.992162391,1.447739063961436,0.9020287407202384,0.8579195569188145,1.0655359510756168,4.0
2024-04-10,2024-04-10,1.0737,152.9,1.2544,1.3688,0.9127,10.7254,-0.010962,0.007711,-0.010413,0.00773,0.010518,0.014875,88.11425,90.62289,72.779595,90.931497,90.195792,101.062781,79.774181,-0.010336,4.0,2021-07-01,3.3587499999999997,4.15625,2024-04-10,313.016,3.9,5.33,4.55,4.97,5.24,-0.42,102.3568,593774.0,20932.5,23223.906,123.234,77.2,1.46,256.978,4.0,2024-04-10,15.24,16.62,14.59,15.8,0.0,VIX,0.0547396528704939,4.0,2024-04-10,1.3986084525296296,1.726781434916001,87575423.81031008,1.522285903675449,0.964254377944802,0.924699169388556,1.1204024251051306,4.0
2024-04-12,2024-04-12,1.0647,153.12,1.2457,1.3756,0.912,10.8792,-0.006995,-0.000457,-0.006223,0.003721,0.001427,0.011247,87.50229,89.863268,72.675026,90.300834,89.749927,101.140351,78.646408,-0.005683,6.0,2021-07-01,3.3587499999999997,4.15625,2024-04-12,313.016,3.9,5.33,4.5,4.88,5.24,-0.38,102.3568,593774.0,20932.5,23223.906,123.234,77.2,1.46,256.978,6.0,2024-04-12,14.91,19.2,14.91,17.31,0.0,VIX,0.1609657947686116,6.0,2024-04-12,1.4122937190069926,1.750435014159156,230328300.06368884,1.5401569358649343,0.979354924864532,0.94099828267012,1.1335555047965915,6.0
2024-04-22,2024-04-22,1.0655,154.77,1.2341,1.3721,0.9119,10.9248,0.0,0.001423,-0.004517,-0.001528,0.00297,0.00033,87.343192,89.93079,71.900239,89.459949,89.978865,101.151442,78.318139,-0.000705,2.0,2021-07-01,3.3587499999999997,4.15625,2024-04-22,313.016,3.9,5.33,4.62,4.97,5.24,-0.35,102.3568,593774.0,20932.5,23223.906,123.234,77.2,1.46,256.978,2.0,2024-04-22,18.59,18.72,16.69,16.94,0.0,VIX,-0.0946018172100481,2.0,2024-04-22,1.4355559603747916,1.7906886591130224,1140887825.9254727,1.5705420582608631,1.0050870995413606,0.9688173641354422,1.1559189548799953,2.0
2024-04-23,2024-04-23,1.0695,154.81,1.2434,1.3676,0.9117,10.828,0.003754,0.000258,0.007536,-0.00328,-0.000219,-0.008861,87.672501,90.2684,71.881661,90.134107,90.274934,101.173632,79.018286,0.00377,3.0,2021-07-01,3.3587499999999997,4.15625,2024-04-23,313.016,3.9,5.33,4.61,4.86,5.24,-0.25,102.3568,593774.0,20932.5,23223.906,123.234,77.2,1.46,256.978,3.0,2024-04-23,16.72,16.76,15.69,15.69,0.0,VIX,-0.0737898465171194,3.0,2024-04-23,1.435877572233223,1.7912259728634028,1162813481.3939545,1.570953612021933,1.005426894807426,0.969181729071469,1.1562218584481427,3.0
2024-04-24,2024-04-24,1.0687,155.11,1.2434,1.3721,0.9141,10.8853,-0.000748,0.001938,0.0,0.00329,0.002632,0.005292,87.560725,90.200878,71.742634,90.134107,89.978865,100.907997,78.602335,-0.001275,4.0,2021-07-01,3.3587499999999997,4.15625,2024-04-24,313.016,3.9,5.33,4.65,4.89,5.24,-0.24,102.3568,593774.0,20932.5,23223.906,123.234,77.2,1.46,256.978,4.0,2024-04-24,15.76,16.38,15.58,15.97,0.0,VIX,0.0178457616316125,4.0,2024-04-24,1.4367884186297353,1.7927925647738123,1234779161.3667214,1.5721388382508903,1.0064270286503771,0.9702622634381982,1.1570941849526557,4.0
2024-05-06,2024-05-06,1.0779,153.85,1.2575,1.3655,0.9052,10.7976,0.000836,0.006542,0.001992,-0.002046,0.000553,-0.000231,88.311636,90.97738,72.330192,91.156216,90.413768,101.900133,79.240757,0.000187,2.0,2021-07-01,3.3587499999999997,4.15625,2024-05-06,313.14,4.0,5.33,4.49,4.82,5.25,-0.33,102.9797,631832.0,20997.0,23223.906,123.224,69.1,1.47,255.313,2.0,2024-05-06,13.98,14.02,13.44,13.49,0.0,VIX,0.0,2.0,2024-05-06,1.425803069438195,1.7733424190204488,550458832.2534622,1.557598571286079,0.9939001789721296,0.9566377939219484,1.1463925484665545,2.0
2024-05-07,2024-05-07,1.0767,154.59,1.2535,1.3712,0.9072,10.829,-0.001113,0.00481,-0.003181,0.004174,0.002209,0.002908,88.119765,90.876097,71.983958,90.866256,90.037923,101.675485,79.010989,-0.002173,3.0,2021-07-01,3.3587499999999997,4.15625,2024-05-07,313.14,4.0,5.33,4.47,4.82,5.25,-0.35,102.9797,631832.0,20997.0,23223.906,123.224,69.1,1.47,255.313,3.0,2024-05-07,13.52,13.64,13.16,13.23,0.0,VIX,-0.0192735359525574,3.0,2024-05-07,1.4379073700768612,1.7944303584168195,1277614577.7712867,1.5734691234040392,1.0074142616081598,0.9712794070636456,1.158073274825373,3.0
2024-05-09,2024-05-09,1.0771,155.68,1.2505,1.369,0.9072,10.8739,0.001488,0.001673,0.00016,-0.002114,-0.000441,-0.001827,88.044253,90.909858,71.479959,90.648786,90.182615,101.675485,78.684741,0.001003,5.0,2021-07-01,3.3587499999999997,4.15625,2024-05-09,313.14,4.0,5.33,4.45,4.8,5.25,-0.35,102.9797,631832.0,20997.0,23223.906,123.224,69.1,1.47,255.313,5.0,2024-05-09,13.08,13.29,12.68,12.69,0.0,VIX,-0.0238461538461538,5.0,2024-05-09,1.442468389170834,1.802355065513901,1741873040.607872,1.5794387696298218,1.0124906289589315,0.9767789072773092,1.162466934447549,5.0
2024-05-16,2024-05-16,1.0875,155.25,1.2682,1.3606,0.9044,10.6933,0.001381,0.001484,0.001896,-0.000441,0.000332,-0.000318,88.84728,91.787643,71.677939,91.931859,90.73938,101.99027,80.013653,0.000931,5.0,2021-07-01,3.3587499999999997,4.15625,2024-05-16,313.14,4.0,5.33,4.38,4.78,5.25,-0.4,102.9797,631832.0,20997.0,23223.906,123.224,69.1,1.47,255.313,5.0,2024-05-16,12.52,12.67,12.33,12.42,0.0,VIX,-0.0024096385542168,5.0,2024-05-16,1.461727815937084,1.835960392024721,6409249775.829039,1.604701932954897,1.0340590582302045,1.0001887804203264,1.1810606226548042,5.0
2024-05-17,2024-05-17,1.0869,155.57,1.2703,1.3615,0.9079,10.7141,-0.000552,0.002061,0.001656,0.000661,0.00387,0.001945,88.790038,91.737002,71.530501,92.084088,90.679398,101.597092,79.858318,-0.000644,6.0,2021-07-01,3.3587499999999997,4.15625,2024-05-17,313.14,4.0,5.33,4.42,4.83,5.25,-0.41,102.9797,631832.0,20997.0,23223.906,123.224,69.1,1.47,255.313,6.0,2024-05-17,12.28,12.48,11.91,11.99,0.0,VIX,-0.0346215780998389,6.0,2024-05-17,1.457212477195146,1.8280005438930624,4687947550.404824,1.598744513328938,1.0289320087567648,0.9946072819648204,1.1766759618100984,6.0
2024-05-21,2024-05-21,1.0855,156.08,1.271,1.3644,0.9108,10.7009,-0.000552,-6.4e-05,0.000157,0.002425,0.001209,0.000393,88.671179,91.618839,71.296771,92.134831,90.486661,101.273606,79.956826,-0.000592,3.0,2021-07-01,3.3587499999999997,4.15625,2024-05-21,313.14,4.0,5.33,4.41,4.82,5.25,-0.41,102.9797,631832.0,20997.0,23223.906,123.224,69.1,1.47,255.313,3.0,2024-05-21,12.3,12.56,11.84,11.86,0.0,VIX,-0.0238683127572016,3.0,2024-05-21,1.4617908916780178,1.835946493535221,6329568028.842764,1.6047304811682714,1.0340250066623575,1.0001304802003723,1.1810816341398478,3.0
2024-05-24,2024-05-24,1.0852,156.9,1.2746,1.3665,0.9143,10.6566,0.002309,-0.000955,0.00228,-0.002263,-0.000109,-0.006526,88.624323,91.593518,70.924156,92.395796,90.347603,100.885924,80.28921,0.002225,6.0,2021-07-01,3.3587499999999997,4.15625,2024-05-24,313.14,4.0,5.33,4.46,4.93,5.25,-0.47,102.9797,631832.0,20997.0,23223.906,123.224,69.1,1.47,255.313,6.0,2024-05-24,12.86,12.89,11.89,12.36,0.0,VIX,-0.0321064996084573,6.0,2024-05-24,1.4654202354905863,1.842256135926514,8029399583.958184,1.6094799250708336,1.0380722053072684,1.004522603600386,1.1845772248521336,6.0
2024-05-31,2024-05-31,1.0846,157.19,1.2738,1.3646,0.9034,10.5396,0.00083,0.003575,-7.8e-05,-0.00161,-0.000221,-0.004994,88.66316,91.542876,70.793307,92.337804,90.473399,102.103166,81.1805,0.000446,6.0,2021-07-01,3.3587499999999997,4.15625,2024-05-31,313.14,4.0,5.33,4.51,4.89,5.25,-0.38,102.9797,631832.0,20997.0,23223.906,123.224,69.1,1.47,255.313,6.0,2024-05-31,14.5,14.87,12.84,12.92,0.0,VIX,-0.1071181755355908,6.0,2024-05-31,1.4449774983136263,1.8062054079919396,1924611507.888863,1.5824994850610232,1.014854549051293,0.9792533521829966,1.164719621004913,6.0
2024-06-05,2024-06-05,1.0865,156.21,1.2771,1.3705,0.894,10.4209,-0.001195,0.008652,-0.001095,0.001535,0.004043,-0.003319,88.88644,91.703241,71.237437,92.577021,90.083911,103.176734,82.105192,-0.001968,4.0,2021-07-01,3.3587499999999997,4.15625,2024-06-05,313.131,4.1,5.33,4.29,4.72,5.24,-0.43,103.2534,592999.0,21065.4,23223.906,123.369,68.2,1.51,255.914,4.0,2024-06-05,13.14,13.25,12.6,12.63,0.0,VIX,-0.040273556231003,4.0,2024-06-05,1.4353232601539423,1.7892116145863104,968054525.2322012,1.569766952804781,1.0039251613374909,0.9673765801643732,1.155348477264319,4.0
2024-06-07,2024-06-07,1.0807,156.58,1.2727,1.3747,0.896,10.5347,-0.006983,0.003847,-0.004614,0.004604,0.004822,0.012037,88.473031,91.213707,71.069102,92.258065,89.808686,102.946429,81.21826,-0.006224,6.0,2021-07-01,3.3587499999999997,4.15625,2024-06-07,313.131,4.1,5.33,4.43,4.87,5.24,-0.44,103.2534,592999.0,21065.4,23223.906,123.369,68.2,1.51,255.914,6.0,2024-06-07,12.69,13.08,12.11,12.22,0.0,VIX,-0.0286168521462638,6.0,2024-06-07,1.4385111778213853,1.7947287687386615,1200407688.5632515,1.5739303096998405,1.0074540651970916,0.971194652529591,1.158412707939083,6.0
2024-06-14,2024-06-14,1.0699,157.28,1.2685,1.3735,0.8907,10.5315,-0.005299,0.003253,-0.006189,-0.0008,-0.003134,0.005499,87.898962,90.302161,70.752798,91.953606,89.88715,103.558999,81.242938,-0.004272,6.0,2021-07-01,3.3587499999999997,4.15625,2024-06-14,313.131,4.1,5.33,4.2,4.67,5.24,-0.47,103.2534,592999.0,21065.4,23223.906,123.369,68.2,1.51,255.914,6.0,2024-06-14,12.22,13.45,12.12,12.66,0.0,VIX,0.0603015075376884,6.0,2024-06-14,1.4303349119325788,1.780294248118656,663053558.5225636,1.5631268751689968,0.9981652605907424,0.9610980869347528,1.1504613801243817,6.0
2024-06-25,2024-06-25,1.0705,159.68,1.2677,1.3658,0.8944,10.5071,-0.002051,-0.000188,-0.000552,0.0,0.000559,0.003735,87.815222,90.352802,69.689379,91.895614,90.393908,103.13059,81.431603,-0.001434,3.0,2021-07-01,3.3587499999999997,4.15625,2024-06-25,313.131,4.1,5.33,4.23,4.65,5.24,-0.42,103.2534,592999.0,21065.4,23223.906,123.369,68.2,1.51,255.914,3.0,2024-06-25,13.48,13.52,12.84,12.84,0.0,VIX,-0.0367591897974494,3.0,2024-06-25,1.456371297195791,1.8255551485360697,3880700435.626752,1.597213602930453,1.027164538768344,0.9925209390523856,1.1755492117568134,3.0
2024-07-10,2024-07-10,1.0823,161.73,1.2842,1.3608,0.8992,10.5459,0.000925,0.002045,0.004301,-0.002053,0.001559,-0.000692,88.40891,91.348751,68.806035,93.0917,90.726044,102.580071,81.132004,0.001024,4.0,2021-07-01,3.3587499999999997,4.15625,2024-07-10,313.566,4.2,5.33,4.28,4.62,5.2,-0.34,102.5192,618432.0,21098.0,23400.294,123.575,66.4,1.59,257.321,4.0,2024-07-10,12.51,12.92,12.39,12.85,0.0,VIX,0.0271782573940846,4.0,2024-07-10,1.470468459382405,1.849964648485107,9668274695.060986,1.6156193189943342,1.042799765359249,1.0094690769812813,1.18909581877983,4.0
2024-07-16,2024-07-16,1.0885,158.57,1.2958,1.3686,0.8953,10.6196,-0.002474,0.004307,-0.002156,0.001757,0.000447,0.004199,88.942258,91.872046,70.177209,93.932584,90.208973,103.026918,80.568948,-0.002544,3.0,2021-07-01,3.3587499999999997,4.15625,2024-07-16,313.566,4.2,5.33,4.17,4.43,5.2,-0.26,102.5192,618432.0,21098.0,23400.294,123.575,66.4,1.59,257.321,3.0,2024-07-16,13.38,13.47,12.95,13.19,0.0,VIX,0.0053353658536585,3.0,2024-07-16,1.467969472691505,1.8454141054879365,7993030877.711285,1.6122593202013302,1.0398384662957052,1.0062190191431886,1.1866228596681792,3.0
2024-07-30,2024-07-30,1.0809,153.72,1.2828,1.3848,0.8852,10.7899,-0.000924,-0.001559,-0.001945,-0.000361,-0.000903,-0.00362,88.654637,91.230587,72.391361,92.990214,89.153668,104.20244,79.297306,-0.000411,3.0,2021-07-01,3.3587499999999997,4.15625,2024-07-30,313.566,4.2,5.33,4.15,4.35,5.2,-0.2,102.5192,618432.0,21098.0,23400.294,123.575,66.4,1.59,257.321,3.0,2024-07-30,16.64,18.32,16.26,17.69,0.0,VIX,0.0656626506024096,3.0,2024-07-30,1.5371731767213053,1.967973526302768,763534830959.9951,1.7037289021674142,1.1190541870201445,1.092792185595364,1.253944471995217,3.0
2024-08-01,2024-08-01,1.0789,150.06,1.2772,1.3845,0.8744,10.7027,-0.003141,-0.002128,-0.005296,0.002825,-0.006025,-0.000672,88.824452,91.061783,74.157004,92.58427,89.172987,105.489478,79.943379,-0.00225,5.0,2024-08-01,5.33,5.0,2024-08-01,314.131,4.2,5.33,3.99,4.16,5.05,-0.17,103.0196,622421.0,21185.0,23400.294,123.727,67.9,1.73,255.463,5.0,2024-08-01,16.2,19.48,15.95,18.59,0.0,VIX,0.1363080684596578,5.0,2024-08-01,1.5308062561989486,1.9565179906092889,500782442773.3944,1.6952412179408982,1.111601928981597,1.084599344023053,1.247697536404501,5.0
2024-08-06,2024-08-06,1.0926,145.11,1.2695,1.3791,0.8533,10.527,-0.002829,0.008058,-0.005484,-0.002098,0.000586,-0.003389,89.949818,92.218096,76.686652,92.026096,89.522152,108.097973,81.277667,-0.002979,3.0,2021-07-01,3.3587499999999997,4.15625,2024-08-06,314.131,4.2,5.33,3.9,3.99,5.05,-0.09,103.0196,622421.0,21185.0,23400.294,123.727,67.9,1.73,255.463,3.0,2024-08-06,33.71,34.77,24.02,27.71,0.0,VIX,-0.2815659839253305,3.0,2024-08-06,1.533009266834534,1.9603277793557323,568587266741.4736,1.6981115007949807,1.1140489887590728,1.087262684131155,1.2498100645851058,3.0
2024-08-14,2024-08-14,1.1024,146.86,1.2849,1.3696,0.8638,10.4438,0.00639,-0.000748,0.001637,-0.001967,-0.001849,-0.005684,90.471218,93.04524,75.772845,93.142443,90.143107,106.783978,81.925161,0.004541,4.0,2021-07-01,3.3587499999999997,4.15625,2024-08-14,314.131,4.2,5.33,3.83,3.94,5.05,-0.11,103.0196,622421.0,21185.0,23400.294,123.727,67.9,1.73,255.463,4.0,2024-08-14,18.41,18.49,16.12,16.19,0.0,VIX,-0.1065121412803531,4.0,2024-08-14,1.564775912098217,2.0172130864116173,4303709152790.98,1.7403292945958149,1.1510262464632326,1.1279069593692843,1.2808823608225195,4.0
2024-08-26,2024-08-26,1.1164,144.51,1.3185,1.3485,0.8479,10.2112,-0.001074,-0.002416,-0.000909,-0.002146,-0.001531,0.0027,91.888083,94.226874,77.005052,95.578108,91.553578,108.786413,83.791327,-0.000316,2.0,2021-07-01,3.3587499999999997,4.15625,2024-08-26,314.131,4.2,5.33,3.82,3.91,5.05,-0.09,103.0196,622421.0,21185.0,23400.294,123.727,67.9,1.73,255.463,2.0,2024-08-26,16.27,16.67,15.81,16.15,0.0,VIX,0.0182849936948297,2.0,2024-08-26,1.5341301544367572,1.9618012006840693,571888333031.4515,1.699370470438078,1.1148977223947023,1.088102129197121,1.2507366662424255,2.0
2024-09-13,2024-09-13,1.1085,140.66,1.314,1.3581,0.8479,10.2093,0.003985,-0.011108,0.00451,-0.00103,-0.005629,-0.010851,91.693611,93.560095,79.112754,95.251903,90.906413,108.786413,83.806921,0.004966,6.0,2021-07-01,3.3587499999999997,4.15625,2024-09-13,314.851,4.1,5.13,3.66,3.57,4.72,0.09,102.5954,579083.0,21272.0,23400.294,123.939,70.1,1.7,252.682,6.0,2024-09-13,17.03,17.18,16.23,16.56,0.0,VIX,-0.0298769771528999,6.0,2024-09-13,1.5859864464613198,2.054758954568496,14953129316278.152,1.7683150485488497,1.1753716851306444,1.154633533718863,1.3014798757319532,6.0
2024-09-18,2024-09-18,1.1116,141.93,1.3199,1.3607,0.8459,10.2063,-0.00018,0.001129,0.002659,0.000662,-0.001299,0.001688,91.793427,93.821742,78.404847,95.679594,90.732711,109.043622,83.831555,2.3e-05,4.0,2021-07-01,3.3587499999999997,4.15625,2024-09-18,314.851,4.1,5.13,3.7,3.61,4.72,0.09,102.5954,579083.0,21272.0,23400.294,123.939,70.1,1.7,252.682,4.0,2024-09-18,17.58,19.39,17.11,18.23,0.0,VIX,0.0352072685973878,4.0,2024-09-18,1.5888577262017691,2.059828733445914,17618901059424.785,1.772097150538171,1.178657978580936,1.1582414110420909,1.304263502796094,4.0
2024-09-19,2024-09-19,1.1147,142.88,1.3279,1.356,0.8478,10.171,0.002789,0.006693,0.006061,-0.003454,0.002246,-0.003459,91.974289,94.08339,77.883539,96.259514,91.047198,108.799245,84.122505,0.00197,5.0,2021-07-01,3.3587499999999997,4.15625,2024-09-19,314.851,4.1,5.13,3.73,3.59,4.72,0.14,102.5954,579083.0,21272.0,23400.294,123.939,70.1,1.7,252.682,5.0,2024-09-19,17.21,17.27,16.21,16.33,0.0,VIX,-0.1042238069116842,5.0,2024-09-19,1.5866834574657669,2.0558555866832293,15312487954820.48,1.7691754950682703,1.1760543622774056,1.1553585683897791,1.3021131643702473,5.0
2024-09-30,2024-09-30,1.1145,143.25,1.3399,1.3511,0.8444,10.1427,-0.001255,0.004558,0.000373,0.000518,0.002374,0.004049,92.0964,94.066509,77.682373,97.129395,91.377396,109.237328,84.357222,-0.001517,2.0,2021-07-01,3.3587499999999997,4.15625,2024-09-30,314.851,4.1,5.13,3.81,3.66,4.72,0.15,102.5954,579083.0,21272.0,23400.294,123.939,70.1,1.7,252.682,2.0,2024-09-30,17.01,17.79,16.47,16.73,0.0,VIX,-0.013561320754717,2.0,2024-09-30,1.5558846854888475,1.9999061193276295,2078171069067.0107,1.7279173835016994,1.1394869303510085,1.1149712959272708,1.271747194257251,2.0
2024-10-08,2024-10-08,1.097,148.22,1.3093,1.3662,0.8576,10.3588,-0.000547,0.000608,0.000994,0.003968,0.002455,-9.7e-05,90.401061,92.589467,75.077587,94.9112,90.367443,107.55597,82.597405,-0.000729,3.0,2021-07-01,3.3587499999999997,4.15625,2024-10-08,315.564,4.1,4.83,4.04,3.98,4.51,0.06,102.2138,622738.0,21323.2,23542.349,124.265,70.5,1.53,253.081,3.0,2024-10-08,22.92,23.14,21.14,21.42,0.0,VIX,-0.0538869257950529,3.0,2024-10-08,1.5274282863755433,1.9486738775198311,319397991388.56085,1.689971817903138,1.106144764147354,1.0782994215262969,1.2438192579767098,3.0
2024-10-09,2024-10-09,1.0951,149.2,1.308,1.3682,0.8595,10.3847,-0.001732,0.006612,-0.000993,0.001464,0.002215,0.0025,90.201177,92.429102,74.58445,94.816963,90.235346,107.318208,82.391403,-0.002211,4.0,2021-07-01,3.3587499999999997,4.15625,2024-10-09,315.564,4.1,4.83,4.06,3.99,4.51,0.07,102.2138,622738.0,21323.2,23542.349,124.265,70.5,1.53,253.081,4.0,2024-10-09,21.98,22.01,20.71,20.86,0.0,VIX,-0.0261437908496733,4.0,2024-10-09,1.5308479947025415,1.9547579833005435,398102419068.23645,1.6945016603472138,1.1100872021643848,1.082619376744234,1.2471532220155497,4.0
2024-10-11,2024-10-11,1.0942,149.12,1.307,1.3768,0.8574,10.3658,0.001556,0.00377,0.001302,0.001163,0.000117,-0.003327,90.118719,92.35314,74.624464,94.744473,89.671702,107.581059,82.541627,0.000673,6.0,2021-07-01,3.3587499999999997,4.15625,2024-10-11,315.564,4.1,4.83,4.08,3.95,4.51,0.13,102.2138,622738.0,21323.2,23542.349,124.265,70.5,1.53,253.081,6.0,2024-10-11,20.87,21.16,20.14,20.46,0.0,VIX,-0.0224558050645006,6.0,2024-10-11,1.535036360704171,1.962196164634067,519674869588.0669,1.70004340962159,1.1149051911702736,1.0878976843873602,1.2512319494814903,6.0
2024-10-14,2024-10-14,1.0942,149.12,1.307,1.3768,0.8574,10.3658,0.0,0.0,0.0,0.0,0.0,0.0,90.118719,92.35314,74.624464,94.744473,89.671702,107.581059,82.541627,0.0,2.0,2021-07-01,3.3587499999999997,4.15625,2024-10-14,315.564,4.1,4.83,4.08,3.95,4.51,0.13,102.2138,622738.0,21323.2,23542.349,124.265,70.5,1.53,253.081,2.0,2024-10-14,20.86,20.86,19.69,19.7,0.0,VIX,-0.0371456500488759,2.0,2024-10-14,1.5484004576666028,1.986072882396877,1224080060726.7878,1.7177845902106306,1.130406807910502,1.104915196719823,1.2642894583950242,2.0
2024-10-17,2024-10-17,1.0837,150.12,1.3008,1.3791,0.8654,10.5231,-0.003311,0.002739,0.000615,0.00138,0.001389,0.002248,89.385932,91.466914,74.127365,94.295034,89.522152,106.58655,81.30779,-0.002455,5.0,2021-07-01,3.3587499999999997,4.15625,2024-10-17,315.564,4.1,4.83,4.09,3.96,4.51,0.13,102.2138,622738.0,21323.2,23542.349,124.265,70.5,1.53,253.081,5.0,2024-10-17,19.55,19.65,18.88,19.11,0.0,VIX,-0.0240040858018385,5.0,2024-10-17,1.55038820854515,1.9895621002958856,1377660206940.2815,1.7203960794227622,1.1326602464262254,1.1073793393583835,1.266211514455153,5.0
2024-10-22,2024-10-22,1.0805,151.11,1.2969,1.383,0.8654,10.5418,-0.001386,0.004253,-0.000847,-0.001228,-0.000462,-0.001941,89.10164,91.196826,73.641718,94.012323,89.269704,106.58655,81.163558,-0.001196,3.0,2021-07-01,3.3587499999999997,4.15625,2024-10-22,315.564,4.1,4.83,4.2,4.03,4.51,0.17,102.2138,622738.0,21323.2,23542.349,124.265,70.5,1.53,253.081,3.0,2024-10-22,18.79,19.44,18.05,18.2,0.0,VIX,-0.0092542188350572,3.0,2024-10-22,1.5300265352170883,1.9529444225680503,361148319589.56055,1.693260937848068,1.1088402505564832,1.081191642673885,1.246240050256178,3.0
2024-11-04,2024-11-04,1.0884,152.02,1.2942,1.3898,0.8632,10.7068,0.003319,-0.006015,-0.001312,-0.001939,-0.008272,-0.001976,89.319962,91.863606,73.200895,93.8166,88.832926,106.858202,79.912766,0.003081,2.0,2021-07-01,3.3587499999999997,4.15625,2024-11-04,316.449,4.2,4.64,4.31,4.17,4.42,0.14,101.9503,630399.0,21424.2,23542.349,124.399,71.8,1.42,253.211,2.0,2024-11-04,22.5,23.07,21.73,21.98,0.0,VIX,0.0045703839122486,2.0,2024-11-04,1.5382188919256428,1.9672518923006648,589664344593.1963,1.703995809789423,1.1180584920466052,1.0912485435007442,1.2541409160050154,2.0
2024-11-06,2024-11-06,1.0732,154.58,1.2897,1.3929,0.8761,10.85,-0.017216,0.017241,-0.009066,0.005704,0.014592,0.013602,88.258381,90.580689,71.988614,93.490395,88.635221,105.284785,78.858065,-0.014856,4.0,2021-07-01,3.3587499999999997,4.15625,2024-11-06,316.449,4.2,4.64,4.42,4.27,4.42,0.15,101.9503,630399.0,21424.2,23542.349,124.399,71.8,1.42,253.211,4.0,2024-11-06,16.06,16.82,15.44,16.27,0.0,VIX,-0.2059541239629087,4.0,2024-11-06,1.5464021577711156,1.9818655600298067,995663588219.9148,1.7148565043699184,1.1275445238578314,1.101660578431506,1.26213438721626,4.0
2024-11-22,2024-11-22,1.0399,154.73,1.2516,1.3985,0.8946,11.0672,-0.007255,0.000453,-0.005562,0.001791,0.009023,-0.00102,86.125642,87.770088,71.918826,90.728525,88.2803,103.107534,77.310431,-0.005529,6.0,2021-07-01,3.3587499999999997,4.15625,2024-11-22,316.449,4.2,4.64,4.41,4.37,4.42,0.04,101.9503,630399.0,21424.2,23542.349,124.399,71.8,1.42,253.211,6.0,2024-11-22,16.67,17.56,15.24,15.24,0.0,VIX,-0.0966212211025489,6.0,2024-11-22,1.606183299698822,2.08949548633754,41878942708181.36,1.794517664992539,1.197700526403028,1.1789887014669205,1.3207650014345087,6.0
2024-11-27,2024-11-27,1.0575,150.69,1.2678,1.4028,0.8806,10.9031,0.008969,-0.018242,0.010441,-0.002134,-0.007886,-0.008701,87.466512,89.255571,73.846971,91.902863,88.009695,104.746764,78.474012,0.009565,4.0,2021-07-01,3.3587499999999997,4.15625,2024-11-27,316.449,4.2,4.64,4.25,4.19,4.42,0.06,101.9503,630399.0,21424.2,23542.349,124.399,71.8,1.42,253.211,4.0,2024-11-27,14.28,15.13,13.9,13.9,0.0,VIX,-0.0141843971631204,4.0,2024-11-27,1.583897496161698,2.0488806755759272,10183221826478.158,1.7646205619153112,1.1711030196896997,1.1495507123859066,1.2987607335696691,4.0
2024-11-29,2024-11-29,1.0547,150.41,1.2699,1.4014,0.8822,10.9241,-0.002648,-0.001858,0.001656,-0.000998,0.001817,0.001926,87.362025,89.019244,73.984443,92.055092,88.097617,104.55679,78.323157,-0.001195,6.0,2021-07-01,3.3587499999999997,4.15625,2024-11-29,316.449,4.2,4.64,4.18,4.13,4.42,0.05,101.9503,630399.0,21424.2,23542.349,124.399,71.8,1.42,253.211,6.0,2024-11-29,14.0,14.15,13.49,13.52,0.0,VIX,-0.0273381294964029,6.0,2024-11-29,1.5746094546885383,2.032024558447105,5617468000504.221,1.7521866607507344,1.160087209791488,1.1373835021831018,1.2896093823125403,6.0
2024-12-04,2024-12-04,1.0527,150.18,1.2712,1.4069,0.8835,10.9245,0.000856,0.007108,0.002761,0.000284,-0.00192,-0.007017,87.254418,88.850439,74.097749,92.149329,87.753216,104.402943,78.320289,0.000348,4.0,2021-07-01,3.3587499999999997,4.15625,2024-12-04,317.603,4.1,4.48,4.19,4.13,4.27,0.06,103.0447,691312.0,21441.9,23542.349,124.769,74.0,1.41,253.423,4.0,2024-12-04,13.16,13.61,12.89,13.45,0.0,VIX,0.0112781954887217,4.0,2024-12-04,1.5675891404317892,2.0192150595328204,3533235753928.7207,1.7427571675316047,1.1517053366382966,1.1281186564178756,1.2826692753032611,4.0
2024-12-05,2024-12-05,1.0571,150.19,1.2754,1.4035,0.8794,10.8769,0.00418,6.7e-05,0.003304,-0.002417,-0.004641,-0.004357,87.55515,89.22181,74.092816,92.453788,87.9658,104.889698,78.663038,0.003447,5.0,2021-07-01,3.3587499999999997,4.15625,2024-12-05,317.603,4.1,4.48,4.17,4.15,4.27,0.02,103.0447,691312.0,21441.9,23542.349,124.769,74.0,1.41,253.423,5.0,2024-12-05,13.46,13.7,13.26,13.54,0.0,VIX,0.0066914498141263,5.0,2024-12-05,1.552092735260683,1.991298010109072,1303926718495.918,1.7220923167739648,1.1335200175190772,1.1080943178359934,1.2674599451456383,5.0
2024-12-06,2024-12-06,1.0563,149.78,1.2744,1.4144,0.8776,10.9343,-0.000757,-0.00273,-0.000784,0.007766,-0.002047,0.005277,87.463927,89.154288,74.295634,92.381298,87.287896,105.104831,78.250094,-0.001042,6.0,2021-07-01,3.3587499999999997,4.15625,2024-12-06,317.603,4.1,4.48,4.15,4.1,4.27,0.05,103.0447,691312.0,21441.9,23542.349,124.769,74.0,1.41,253.423,6.0,2024-12-06,13.62,13.74,12.7,12.77,0.0,VIX,-0.0568685376661742,6.0,2024-12-06,1.5550511599957426,1.996586712753108,1572147532602.381,1.7260202840964438,1.136955747686843,1.1118688060687965,1.2703509290949828,6.0
2024-12-16,2024-12-16,1.0512,154.18,1.269,1.423,0.8934,10.8905,0.001334,0.002862,0.00483,-0.000702,0.00056,-0.007989,86.779345,88.723835,72.175379,91.989851,86.760365,103.246026,78.564804,0.001413,2.0,2021-07-01,3.3587499999999997,4.15625,2024-12-16,317.603,4.1,4.48,4.39,4.25,4.27,0.14,103.0447,691312.0,21441.9,23542.349,124.769,74.0,1.41,253.423,2.0,2024-12-16,14.37,14.69,13.99,14.69,0.0,VIX,0.0637219406227371,2.0,2024-12-16,1.568084194462676,2.0197783057610685,3502261892005.7,1.743275418901893,1.1520053699944592,1.1283917532925165,1.2830507083117937,2.0
2024-12-20,2024-12-20,1.043,156.11,1.2587,1.4354,0.8928,11.0018,0.007048,-0.010271,0.004549,-0.000835,-0.007338,-0.003749,86.071402,88.031735,71.28307,91.243204,86.010868,103.315412,77.770001,0.006428,6.0,2021-07-01,3.3587499999999997,4.15625,2024-12-20,317.603,4.1,4.48,4.52,4.3,4.27,0.22,103.0447,691312.0,21441.9,23542.349,124.769,74.0,1.41,253.423,6.0,2024-12-20,24.14,26.51,17.82,18.36,0.0,VIX,-0.2378580323785804,6.0,2024-12-20,1.5506793744301184,1.9883542888587145,1131790949014.1245,1.720035286493819,1.1315227440010254,1.1058275485055151,1.265945970859451,6.0
2024-12-26,2024-12-26,1.0423,158.01,1.2522,1.4404,0.9,11.0394,0.003369,0.004578,-0.000479,0.00146,-0.000999,-0.007052,85.796679,87.972654,70.425922,90.772019,85.712302,102.488889,77.505118,0.001592,5.0,2021-07-01,3.3587499999999997,4.15625,2024-12-26,317.603,4.1,4.48,4.58,4.3,4.27,0.28,103.0447,691312.0,21441.9,23542.349,124.769,74.0,1.41,253.423,5.0,2024-12-26,14.99,15.93,14.55,14.73,0.0,VIX,0.0315126050420169,5.0,2024-12-26,1.5571520365302138,1.999820208526046,1682280580887.859,1.7285838517300498,1.1389497337936696,1.1139681189770037,1.2722377148733166,5.0
2025-01-03,2025-01-03,1.0292,157.2,1.2419,1.4455,0.9096,11.1216,0.003021,-0.002854,0.003474,0.002288,-0.003069,-0.002037,85.029794,86.866982,70.788804,90.025372,85.409893,101.407212,76.932276,0.002538,6.0,2021-07-01,3.3587499999999997,4.15625,2025-01-03,319.086,4.0,4.33,4.6,4.28,4.21,0.32,102.9343,566662.0,21519.8,23512.717,125.239,71.7,1.45,257.36,6.0,2025-01-03,17.66,17.94,16.11,16.13,0.0,VIX,-0.1003904071388734,6.0,2025-01-03,1.58849620807095,2.0561791204492925,12014991265089.82,1.770325111648425,1.175660598597069,1.1544033586046616,1.3029592821732412,6.0
2025-01-07,2025-01-07,1.0369,157.82,1.2499,1.4341,0.9076,11.0883,-0.002693,0.001777,-0.002474,-0.001254,0.003649,0.004448,85.514857,87.51688,70.510708,90.605292,86.088836,101.630674,77.163316,-0.002308,3.0,2021-07-01,3.3587499999999997,4.15625,2025-01-07,319.086,4.0,4.33,4.67,4.3,4.21,0.37,102.9343,566662.0,21519.8,23512.717,125.239,71.7,1.45,257.36,3.0,2025-01-07,16.48,18.9,15.79,17.82,0.0,VIX,0.1109725685785536,3.0,2025-01-07,1.585122501633154,2.0499564450874286,9583907538365.389,1.7657661967984783,1.171572509643468,1.149868855311773,1.29960392084368,3.0
2025-01-13,2025-01-13,1.0209,157.51,1.2158,1.4411,0.9192,11.2786,-0.002833,-0.001078,-0.004666,-0.001801,0.002181,0.004999,84.322813,86.166442,70.649483,88.133382,85.670668,100.348129,75.861366,-0.002243,2.0,2021-07-01,3.3587499999999997,4.15625,2025-01-13,319.086,4.0,4.33,4.79,4.4,4.21,0.39,102.9343,566662.0,21519.8,23512.717,125.239,71.7,1.45,257.36,2.0,2025-01-13,21.18,22.04,19.15,19.19,0.0,VIX,-0.017911975435005,2.0,2025-01-13,1.5720038918233077,2.0260786748188004,4091218203800.731,1.7481730762054069,1.155955956558573,1.1326112434905669,1.2866553840871795,2.0
2025-01-15,2025-01-15,1.0282,156.6,1.2214,1.434,0.9129,11.1612,-0.000972,-0.008547,0.002133,-0.002018,-0.001094,-0.002663,84.878894,86.782579,71.060026,88.539326,86.09484,101.04064,76.65932,0.001,4.0,2021-07-01,3.3587499999999997,4.15625,2025-01-15,319.086,4.0,4.33,4.66,4.27,4.21,0.39,102.9343,566662.0,21519.8,23512.717,125.239,71.7,1.45,257.36,4.0,2025-01-15,19.08,19.14,15.96,16.12,0.0,VIX,-0.1384286477819347,4.0,2025-01-15,1.5786676787262206,2.038057519007465,6203543663903.091,1.7570456423876113,1.1637586815154748,1.1412059584182308,1.293185592797282,4.0
2025-01-16,2025-01-16,1.0303,155.44,1.2246,1.4377,0.911,11.1388,0.002042,-0.007407,0.00262,0.00258,-0.002081,-0.002007,85.07461,86.959824,71.590324,88.771294,85.87327,101.251372,76.813481,0.002306,5.0,2021-07-01,3.3587499999999997,4.15625,2025-01-16,319.086,4.0,4.33,4.61,4.23,4.21,0.38,102.9343,566662.0,21519.8,23512.717,125.239,71.7,1.45,257.36,5.0,2025-01-16,15.87,16.6,15.64,16.6,0.0,VIX,0.0297766749379653,5.0,2025-01-16,1.579367400245031,2.0392945794261736,6462843280246.875,1.7579682748786405,1.1645603512394334,1.142085544720704,1.2938646503106792,5.0
2025-01-24,2025-01-24,1.0515,155.58,1.2496,1.4331,0.9044,10.9069,0.009117,-0.002692,0.012068,-0.00195,-0.003086,-0.008157,86.432439,88.749156,71.525903,90.583545,86.148908,101.99027,78.446671,0.007813,6.0,2021-07-01,3.3587499999999997,4.15625,2025-01-24,319.086,4.0,4.33,4.63,4.27,4.21,0.36,102.9343,566662.0,21519.8,23512.717,125.239,71.7,1.45,257.36,6.0,2025-01-24,15.02,15.16,14.58,14.85,0.0,VIX,-0.0113182423435419,6.0,2025-01-24,1.5898446131223836,2.0580354018589357,12186619086412.31,1.7718755956226429,1.1767536641745693,1.1555077884134666,1.3041004383782653,6.0
2025-01-29,2025-01-29,1.0416,155.22,1.2435,1.4432,0.9077,11.0019,-0.001055,-0.002763,0.000161,0.002779,0.002873,-0.000563,85.824421,87.913572,71.691792,90.141356,85.546009,101.619478,77.769294,-0.000642,4.0,2021-07-01,3.3587499999999997,4.15625,2025-01-29,319.086,4.0,4.33,4.55,4.21,4.21,0.34,102.9343,566662.0,21519.8,23512.717,125.239,71.7,1.45,257.36,4.0,2025-01-29,16.42,18.08,16.17,16.56,0.0,VIX,0.0091407678244972,4.0,2025-01-29,1.581403953400876,2.0426159274927627,7037042183824.197,1.7605332562756837,1.1666546017545425,1.1443331586849754,1.2957524766189032,4.0
2025-02-04,2025-02-04,1.0379,154.56,1.2487,1.4318,0.9058,10.9666,0.009925,-0.000776,0.00791,-0.019382,-0.008863,-0.016986,85.811203,87.601283,71.99793,90.518304,86.227127,101.832634,78.019623,0.009746,3.0,2021-07-01,3.3587499999999997,4.15625,2025-02-04,319.775,4.1,4.33,4.52,4.21,4.22,0.31,104.0003,543970.0,21613.5,23512.717,125.772,64.7,1.47,259.529,3.0,2025-02-04,18.78,19.11,16.78,17.21,0.0,VIX,-0.0757250268528464,3.0,2025-02-04,1.6161127496007073,2.105482598168433,60465162800303.24,1.806929143375931,1.2077451265217114,1.189744020349354,1.3298998495246852,3.0
2025-02-07,2025-02-07,1.0329,151.3,1.2396,1.4311,0.9101,10.9414,-0.003762,-0.004867,-0.003136,-0.00021,0.00508,0.002887,85.694667,87.179271,73.54924,89.858644,86.269303,101.3515,78.199316,-0.002339,6.0,2021-07-01,3.3587499999999997,4.15625,2025-02-07,319.775,4.1,4.33,4.49,4.29,4.22,0.2,104.0003,543970.0,21613.5,23512.717,125.772,64.7,1.47,259.529,6.0,2025-02-07,15.38,16.66,14.79,16.54,0.0,VIX,0.0670967741935484,6.0,2025-02-07,1.597264875302154,2.0711012987135966,18520360812825.824,1.781634473181573,1.1852151064171004,1.1647899507797324,1.311282972261638,6.0
2025-02-18,2025-02-18,1.0457,151.79,1.2614,1.4189,0.9023,10.7087,-0.003906,-0.003021,0.000397,0.001341,0.004453,0.001187,86.643124,88.259622,73.311812,91.438927,87.011065,102.22764,79.898587,-0.002256,3.0,2021-07-01,3.3587499999999997,4.15625,2025-02-18,319.775,4.1,4.33,4.55,4.29,4.22,0.26,104.0003,543970.0,21613.5,23512.717,125.772,64.7,1.47,259.529,3.0,2025-02-18,15.57,16.03,15.35,15.35,0.0,VIX,-0.0013012361743656,3.0,2025-02-18,1.573335235620007,2.027488723294045,3944632223186.5103,1.7495216628406507,1.156673202326384,1.1332285314419408,1.287647943850719,3.0
2025-03-10,2025-03-10,1.0837,147.15,1.2909,1.4431,0.8813,10.1221,-0.002026,0.000136,-0.000697,0.003198,0.004445,0.006153,89.208778,91.466914,75.623513,93.577383,85.551937,104.663565,84.528902,-0.002009,2.0,2021-07-01,3.3587499999999997,4.15625,2025-03-10,319.615,4.2,4.33,4.22,3.89,4.2,0.33,103.7483,624954.0,21706.4,23512.717,125.791,57.0,1.65,258.573,2.0,2025-03-10,24.7,29.56,24.68,27.86,0.0,VIX,0.1921266581086862,2.0,2025-03-10,1.5880926722985014,2.0536042494280853,9380700745570.027,1.7689915737864177,1.1736020191056422,1.1518065431393336,1.3019777983068035,2.0
2025-03-12,2025-03-12,1.0925,148.32,1.297,1.4397,0.8827,10.0466,-0.000183,0.005696,0.001699,-0.004495,0.003068,0.002725,89.647176,92.209656,75.026969,94.019572,85.753977,104.497564,85.164135,-0.000391,4.0,2021-07-01,3.3587499999999997,4.15625,2025-03-12,319.615,4.2,4.33,4.32,4.01,4.2,0.31,103.7483,624954.0,21706.4,23512.717,125.791,57.0,1.65,258.573,4.0,2025-03-12,26.88,26.91,23.89,24.23,0.0,VIX,-0.099925705794948,4.0,2025-03-12,1.5756115450022858,2.030989051914885,4232955282193.462,1.7522974723682896,1.1588318784848852,1.1355019512086293,1.2896909396630611,4.0
2025-03-20,2025-03-20,1.0848,148.84,1.2973,1.4326,0.8826,10.1427,-0.002666,-0.007866,0.000308,-0.00014,0.002955,0.000967,89.244985,91.559757,74.764848,94.041319,86.178975,104.509404,84.357222,-0.000795,5.0,2021-07-01,3.3587499999999997,4.15625,2025-03-20,319.615,4.2,4.33,4.24,3.95,4.2,0.29,103.7483,624954.0,21706.4,23512.717,125.791,57.0,1.65,258.573,5.0,2025-03-20,19.52,21.17,19.3,19.8,0.0,VIX,-0.0050251256281406,5.0,2025-03-20,1.5371776801026975,1.961757068107065,348693476276.2701,1.7010383859620193,1.11375442250654,1.085896058357897,1.2519642520680463,5.0
2025-03-25,2025-03-25,1.0804,149.77,1.2948,1.4307,0.8819,10.0296,0.000926,-0.006435,0.00271,0.00105,-0.002601,-0.008325,88.999725,91.188386,74.300594,93.860094,86.293423,104.592357,85.308487,0.001973,3.0,2021-07-01,3.3587499999999997,4.15625,2025-03-25,319.615,4.2,4.33,4.31,3.96,4.2,0.35,103.7483,624954.0,21706.4,23512.717,125.791,57.0,1.65,258.573,3.0,2025-03-25,17.58,17.77,17.02,17.15,0.0,VIX,-0.0188787185354691,3.0,2025-03-25,1.5327416562919662,1.953703026998509,256818184735.9633,1.695091792942906,1.1085032766399987,1.080115038007392,1.247587559605979,3.0
2025-03-26,2025-03-26,1.0781,150.69,1.2889,1.4254,0.8839,10.0318,-0.002129,0.006143,-0.004557,-0.003704,0.002268,0.000219,88.795214,90.994261,73.846971,93.432403,86.614284,104.355696,85.289779,-0.002298,4.0,2021-07-01,3.3587499999999997,4.15625,2025-03-26,319.615,4.2,4.33,4.35,3.98,4.2,0.37,103.7483,624954.0,21706.4,23512.717,125.791,57.0,1.65,258.573,4.0,2025-03-26,17.23,19.07,16.97,18.33,0.0,VIX,0.068804664723032,4.0,2025-03-26,1.52535429826133,1.940506590048205,157885155085.72162,1.6852812626559257,1.0999449630348157,1.070733494128927,1.2403670093147612,4.0
2025-03-31,2025-03-31,1.0796,149.9,1.2896,1.4379,0.8843,10.0548,-0.002771,-0.002396,-0.003554,0.006792,0.00386,0.006225,88.848693,91.120864,74.236157,93.483146,85.861326,104.308493,85.094681,-0.002819,2.0,2021-07-01,3.3587499999999997,4.15625,2025-03-31,319.615,4.2,4.33,4.23,3.89,4.2,0.34,103.7483,624954.0,21706.4,23512.717,125.791,57.0,1.65,258.573,2.0,2025-03-31,24.11,24.8,21.67,22.28,0.0,VIX,0.0290993071593534,2.0,2025-03-31,1.5228256633340154,1.9358728896825423,131516384922.91188,1.6818721480797427,1.0969170847421053,1.067395489451724,1.2378579009866908,2.0
2025-04-01,2025-04-01,1.08,149.4,1.2923,1.4316,0.8827,9.9933,0.000371,-0.003336,0.002094,-0.004381,-0.001809,-0.006116,88.988404,91.154625,74.484605,93.678869,86.239173,104.497564,85.618364,0.001572,3.0,2025-04-01,4.33,3.0,2025-04-01,320.321,4.2,4.33,4.17,3.87,4.21,0.3,103.8216,623545.0,21862.4,23512.717,125.939,52.2,1.9,258.603,3.0,2025-04-01,22.06,23.52,21.58,21.77,0.0,VIX,-0.0228904847396769,3.0,2025-04-01,1.5161550762425846,1.9239852810410556,84501059901.65445,1.6730239224186598,1.089217080690689,1.0589653274378477,1.2313456069001338,3.0
2025-04-02,2025-04-02,1.0868,149.98,1.2974,1.431,0.8819,9.8981,0.006296,0.003882,0.003946,-0.000419,-0.000906,-0.009526,89.365101,91.728562,74.19656,94.048568,86.275332,104.592357,86.441842,0.004233,4.0,2021-07-01,3.3587499999999997,4.15625,2025-04-02,320.321,4.2,4.33,4.2,3.91,4.21,0.29,103.8216,623545.0,21862.4,23512.717,125.939,52.2,1.9,258.603,4.0,2025-04-02,22.3,23.66,20.68,21.51,0.0,VIX,-0.0119430408819475,4.0,2025-04-02,1.5148960688782558,1.9217227898341849,77503650464.69525,1.6713455743440775,1.0877480887674864,1.05735425401191,1.2301103427172413,4.0
2025-04-07,2025-04-07,1.0912,147.96,1.2729,1.4224,0.8597,10.0781,-0.009261,0.013911,-0.015317,0.002114,0.00585,0.010549,89.585284,92.099932,75.209516,92.272563,86.796963,107.293242,84.897947,-0.009792,2.0,2021-07-01,3.3587499999999997,4.15625,2025-04-07,320.321,4.2,4.33,4.15,3.73,4.21,0.42,103.8216,623545.0,21862.4,23512.717,125.939,52.2,1.9,258.603,2.0,2025-04-07,60.13,60.13,38.58,46.98,0.0,VIX,0.0368572059148089,2.0,2025-04-07,1.5150633459104523,1.92188921927388,77056682335.8488,1.6715102232821366,1.087829339112068,1.0574206428445885,1.2302315243356523,2.0
2025-04-09,2025-04-09,1.104,145.09,1.2771,1.4187,0.8413,10.032,0.01173,-0.013127,0.000157,-0.000845,-0.017173,0.001938,90.567588,93.180284,76.697222,92.577021,87.023331,109.639843,85.288078,0.009232,4.0,2021-07-01,3.3587499999999997,4.15625,2025-04-09,320.321,4.2,4.33,4.34,3.91,4.21,0.43,103.8216,623545.0,21862.4,23512.717,125.939,52.2,1.9,258.603,4.0,2025-04-09,50.98,57.96,31.9,33.62,0.0,VIX,-0.357538696732276,4.0,2025-04-09,1.51797831143383,1.9270155814115433,92760902393.85924,1.6753473480511447,1.091135519781513,1.061027794073101,1.2330556481656425,4.0
2025-04-15,2025-04-15,1.129,143.1,1.3223,1.3944,0.8209,9.8589,-0.005987,0.000979,0.003567,0.003743,0.008601,0.008655,92.616933,95.290344,77.763802,95.85357,88.539874,112.364478,86.785544,-0.004267,3.0,2021-07-01,3.3587499999999997,4.15625,2025-04-15,320.321,4.2,4.33,4.35,3.84,4.21,0.51,103.8216,623545.0,21862.4,23512.717,125.939,52.2,1.9,258.603,3.0,2025-04-15,30.01,31.45,28.29,30.12,0.0,VIX,-0.024927160893493,3.0,2025-04-15,1.5409411156205164,1.967788713077415,407984893153.4078,1.705735626550432,1.1175277434667903,1.0899153314339756,1.255421421141118,3.0
2025-04-22,2025-04-22,1.1466,140.87,1.3376,1.3798,0.815,9.4871,-0.00365,0.000426,-0.000672,-0.001447,0.010038,-0.005785,94.029357,96.775827,78.994818,96.962668,89.476736,113.177914,90.186675,-0.002374,3.0,2021-07-01,3.3587499999999997,4.15625,2025-04-22,320.321,4.2,4.33,4.41,3.76,4.21,0.65,103.8216,623545.0,21862.4,23512.717,125.939,52.2,1.9,258.603,3.0,2025-04-22,32.61,32.68,30.08,30.57,0.0,VIX,-0.0960969840331165,3.0,2025-04-22,1.5696415347732446,2.0190977576920495,2522655790336.399,1.7438470077917902,1.150851839104192,1.1265126820628169,1.2834713977347578,3.0
2025-04-24,2025-04-24,1.1363,142.64,1.3309,1.3889,0.8271,9.6129,0.001145,0.0,0.003998,-0.00036,0.0,-0.004144,93.174982,95.906482,78.014582,96.476984,88.890489,111.522186,89.006439,0.001368,5.0,2021-07-01,3.3587499999999997,4.15625,2025-04-24,320.321,4.2,4.33,4.32,3.77,4.21,0.55,103.8216,623545.0,21862.4,23512.717,125.939,52.2,1.9,258.603,5.0,2025-04-24,28.69,29.66,26.36,26.47,0.0,VIX,-0.0695957820738136,5.0,2025-04-24,1.5802666708946596,2.0382028039997935,4919545516208.608,1.757997907484958,1.1632941369514913,1.1402137748518295,1.2938864599089293,5.0
2025-04-25,2025-04-25,1.1381,143.75,1.3331,1.3858,0.8285,9.6739,0.001584,0.007782,0.001653,-0.002232,0.001693,0.006346,93.187279,96.058406,77.412174,96.636462,89.089335,111.333736,88.445198,0.000132,6.0,2021-07-01,3.3587499999999997,4.15625,2025-04-25,320.321,4.2,4.33,4.29,3.74,4.21,0.55,103.8216,623545.0,21862.4,23512.717,125.939,52.2,1.9,258.603,6.0,2025-04-25,26.22,27.2,24.84,24.84,0.0,VIX,-0.0615791462032488,6.0,2025-04-25,1.5813996020058485,2.0402210889811885,5267299527036.298,1.7594984756936265,1.1646050619730093,1.1416545559795026,1.294990878110509,6.0
2025-04-28,2025-04-28,1.1387,142.7,1.3395,1.3857,0.8254,9.6203,0.000527,-0.007304,0.004801,-7.2e-05,-0.003742,-0.005541,93.385458,96.109048,77.98178,97.100399,89.095764,111.751878,88.937975,0.002127,2.0,2021-07-01,3.3587499999999997,4.15625,2025-04-28,320.321,4.2,4.33,4.23,3.67,4.21,0.56,103.8216,623545.0,21862.4,23512.717,125.939,52.2,1.9,258.603,2.0,2025-04-28,25.75,26.93,24.7,25.15,0.0,VIX,0.0124798711755234,2.0,2025-04-28,1.5695256073168766,2.0187243007688256,2454040896687.392,1.74362133535346,1.1505750468242473,1.1261791709923823,1.2833053028201469,2.0
2025-04-30,2025-04-30,1.1349,142.63,1.3344,1.3807,0.8227,9.6581,-0.004124,0.002389,-0.003956,-0.003321,-0.001699,0.004315,93.189873,95.788319,78.020052,96.7307,89.418411,112.118634,88.589888,-0.003014,4.0,2021-07-01,3.3587499999999997,4.15625,2025-04-30,320.321,4.2,4.33,4.17,3.6,4.21,0.57,103.8216,623545.0,21862.4,23512.717,125.939,52.2,1.9,258.603,4.0,2025-04-30,24.35,28.17,24.23,24.7,0.0,VIX,0.0219280099296648,4.0,2025-04-30,1.571428994653907,2.022097537751611,2751658792632.0796,1.746135321033717,1.1527613499508986,1.1285773062932971,1.2851555962808157,4.0
2025-05-01,2025-05-01,1.1279,145.48,1.3273,1.3847,0.8321,9.7704,-0.006168,0.019982,-0.005321,0.002897,0.011426,0.011628,92.46858,95.197502,76.491614,96.21602,89.160107,110.852061,87.571645,-0.00774,5.0,2025-05-01,4.33,5.0,2025-05-01,320.58,4.2,4.33,4.25,3.7,4.25,0.55,103.5948,648397.0,21942.0,23512.717,126.11,52.2,1.87,259.033,5.0,2025-05-01,23.94,25.18,23.3,24.6,0.0,VIX,-0.0040485829959513,5.0,2025-05-01,1.5663293872801778,2.0128891704155136,1981374465048.4512,1.739325827486676,1.1467582793237796,1.12196292230894,1.2801438090301935,5.0
2025-05-05,2025-05-05,1.1315,143.98,1.3284,1.381,0.8239,9.6644,-0.001324,-0.003737,7.5e-05,0.00145,-0.002784,0.004177,92.86326,95.50135,77.288512,96.295759,89.398986,111.955334,88.532139,-0.000526,2.0,2021-07-01,3.3587499999999997,4.15625,2025-05-05,320.58,4.2,4.33,4.36,3.83,4.25,0.53,103.5948,648397.0,21942.0,23512.717,126.11,52.2,1.87,259.033,2.0,2025-05-05,24.25,24.63,22.81,23.64,0.0,VIX,0.0423280423280423,2.0,2025-05-05,1.5775024527451869,2.0329091475658316,3979381310792.52,1.75417724376232,1.159779881862374,1.1362863026557937,1.2910744514090675,2.0
2025-05-07,2025-05-07,1.1348,143.47,1.3344,1.3773,0.8215,9.601,0.000264,0.004973,-0.00187,-7.3e-05,-0.003276,0.002307,93.170999,95.779878,77.563254,96.7307,89.639149,112.28241,89.116759,-0.000582,4.0,2021-07-01,3.3587499999999997,4.15625,2025-05-07,320.58,4.2,4.33,4.26,3.78,4.25,0.48,103.5948,648397.0,21942.0,23512.717,126.11,52.2,1.87,259.033,4.0,2025-05-07,24.56,25.62,23.29,23.55,0.0,VIX,-0.0488691437802908,4.0,2025-05-07,1.5794980618821544,2.036455087190772,4485368420816.851,1.756816626848695,1.162080847115302,1.1388130888160084,1.2930170373606396,4.0
2025-05-08,2025-05-08,1.1249,145.46,1.3287,1.3914,0.8291,9.7039,-0.008724,0.01387,-0.004272,0.010237,0.009251,0.010718,92.336815,94.944294,76.502131,96.317506,88.730775,111.253166,88.171766,-0.008953,5.0,2021-07-01,3.3587499999999997,4.15625,2025-05-08,320.58,4.2,4.33,4.37,3.9,4.25,0.47,103.5948,648397.0,21942.0,23512.717,126.11,52.2,1.87,259.033,5.0,2025-05-08,22.84,23.61,21.88,22.48,0.0,VIX,-0.0454352441613588,5.0,2025-05-08,1.568362452838944,2.016355975475143,2203284704459.026,1.741952417259824,1.1489767193383438,1.1243715578785134,1.2820769791032305,5.0
2025-05-12,2025-05-12,1.1106,148.09,1.3194,1.4003,0.8427,9.8121,-0.014552,0.020255,-0.009311,0.005601,0.015546,0.01139,91.219817,93.73734,75.143494,95.643349,88.166821,109.457696,87.199478,-0.013616,2.0,2021-07-01,3.3587499999999997,4.15625,2025-05-12,320.58,4.2,4.33,4.45,3.98,4.25,0.47,103.5948,648397.0,21942.0,23512.717,126.11,52.2,1.87,259.033,2.0,2025-05-12,19.84,20.44,18.14,18.39,0.0,VIX,-0.1602739726027396,2.0,2025-05-12,1.5863695251723942,2.04872976906724,6807961427831.08,1.765932032261717,1.1700609230390984,1.147590309254162,1.2997259757446238,2.0
2025-05-21,2025-05-21,1.1343,143.68,1.3447,1.3822,0.8251,9.5515,0.007908,-0.007186,0.005684,-0.008536,-0.008412,-0.012019,93.192968,95.737677,77.449889,97.477347,89.321372,111.79251,89.5786,0.007812,4.0,2021-07-01,3.3587499999999997,4.15625,2025-05-21,320.58,4.2,4.33,4.58,4.0,4.25,0.58,103.5948,648397.0,21942.0,23512.717,126.11,52.2,1.87,259.033,4.0,2025-05-21,18.77,21.05,17.77,20.87,0.0,VIX,0.1536760641238252,4.0,2025-05-21,1.633738195262197,2.134621509145578,125220282351767.64,1.8292840094364944,1.2262350567124494,1.2097097315749958,1.34635303094526,4.0
2025-05-22,2025-05-22,1.1281,143.89,1.3426,1.3856,0.8291,9.6262,-0.005466,0.001462,-0.001562,0.00246,0.004848,0.007821,92.789504,95.214382,77.336855,97.325118,89.102194,111.253166,88.883464,-0.004329,5.0,2021-07-01,3.3587499999999997,4.15625,2025-05-22,320.58,4.2,4.33,4.54,4.0,4.25,0.54,103.5948,648397.0,21942.0,23512.717,126.11,52.2,1.87,259.033,5.0,2025-05-22,20.62,22.07,19.64,20.28,0.0,VIX,-0.0282702443699089,5.0,2025-05-22,1.6381969745119611,2.1427529229598976,163899998265599.2,1.8352641196760624,1.2315689242948504,1.2156259079983558,1.350754392081582,5.0
2025-05-28,2025-05-28,1.1286,145.04,1.3462,1.3819,0.8276,9.6523,-0.003532,0.004641,-0.003184,0.003121,-0.000242,0.002659,92.780348,95.256583,76.723662,97.586082,89.340763,111.454809,88.643121,-0.003376,4.0,2021-07-01,3.3587499999999997,4.15625,2025-05-28,320.58,4.2,4.33,4.47,3.96,4.25,0.51,103.5948,648397.0,21942.0,23512.717,126.11,52.2,1.87,259.033,4.0,2025-05-28,19.21,19.43,18.68,19.31,0.0,VIX,0.0184599156118141,4.0,2025-05-28,1.6296529949016558,2.1269500705346185,95216530035317.08,1.8237095958869387,1.2211584262776969,1.2040411381994325,1.342250262572787,4.0
2025-05-29,2025-05-29,1.137,144.09,1.3489,1.3809,0.8227,9.553,0.007443,-0.00655,0.002006,-0.000724,-0.005921,-0.010288,93.349291,95.965564,77.229509,97.781805,89.40546,112.118634,89.564535,0.006132,5.0,2021-07-01,3.3587499999999997,4.15625,2025-05-29,320.58,4.2,4.33,4.43,3.92,4.25,0.51,103.5948,648397.0,21942.0,23512.717,126.11,52.2,1.87,259.033,5.0,2025-05-29,18.25,20.2,18.11,19.18,0.0,VIX,-0.0067322630761262,5.0,2025-05-29,1.62074359670946,2.110659786725231,54848967867087.2,1.8117394510732825,1.2104694523571913,1.1921860389787815,1.333440235989936,5.0
2025-06-06,2025-06-06,1.1397,144.87,1.3532,1.3686,0.822,9.64,-0.003759,0.006951,-0.003828,0.00139,0.001218,0.007072,93.503704,96.19345,76.813695,98.093512,90.208973,112.214112,88.756224,-0.003933,6.0,2021-07-01,3.3587499999999997,4.15625,2025-06-06,320.58,4.1,4.33,4.51,4.04,4.23,0.47,103.5948,648397.0,21942.0,23512.717,126.11,52.2,1.77,259.033,6.0,2025-06-06,18.16,18.35,16.65,16.77,0.0,VIX,-0.0925324675324675,6.0,2025-06-06,1.6294566806090844,2.1263311643099856,91269888941531.58,1.8233344095000423,1.2206989878866914,1.2034855057524128,1.3419741253920314,6.0
2025-06-09,2025-06-09,1.1425,144.37,1.3563,1.3675,0.8205,9.5876,0.002457,-0.003451,0.002291,-0.000804,-0.001825,-0.005436,93.737112,96.429777,77.079726,98.318231,90.281536,112.419257,89.241312,0.002496,2.0,2021-07-01,3.3587499999999997,4.15625,2025-06-09,320.58,4.1,4.33,4.49,4.01,4.23,0.48,103.5948,648397.0,21942.0,23512.717,126.11,52.2,1.77,259.033,2.0,2025-06-09,17.69,17.72,16.82,17.16,0.0,VIX,0.0232558139534884,2.0,2025-06-09,1.6447637434984748,2.1542602943989273,230151457231037.16,1.8438700776417072,1.2390223512421088,1.2238119917939632,1.3570883771442968,2.0
2025-06-12,2025-06-12,1.1578,143.64,1.3589,1.3615,0.8125,9.4358,0.007659,-0.005814,0.002434,-0.00344,-0.008542,-0.011772,94.69299,97.721134,77.471456,98.506705,90.679398,113.526154,90.676996,0.006651,5.0,2021-07-01,3.3587499999999997,4.15625,2025-06-12,320.58,4.1,4.33,4.36,3.9,4.23,0.46,103.5948,648397.0,21942.0,23512.717,126.11,52.2,1.77,259.033,5.0,2025-06-12,17.87,18.87,17.43,18.02,0.0,VIX,0.0440324449594435,5.0,2025-06-12,1.666215503029445,2.1936087432248357,832518987539913.1,1.8727277067616368,1.264901782627326,1.2525902890874694,1.3783275921765643,5.0
2025-06-13,2025-06-13,1.1557,144.04,1.3594,1.3575,0.8116,9.4896,-0.001814,0.002785,0.000368,-0.002938,-0.001108,0.005702,94.573207,97.543889,77.256318,98.54295,90.946593,113.652045,90.162915,-0.001265,6.0,2021-07-01,3.3587499999999997,4.15625,2025-06-13,320.58,4.1,4.33,4.41,3.96,4.23,0.45,103.5948,648397.0,21942.0,23512.717,126.11,52.2,1.77,259.033,6.0,2025-06-13,21.76,22.0,18.88,20.82,0.0,VIX,0.1553829078801332,6.0,2025-06-13,1.6677809780885045,2.1964647960233132,911417244265810.8,1.8748265614762736,1.2667779632470637,1.2546753112625704,1.3798723492465377,6.0
2025-06-16,2025-06-16,1.1581,144.14,1.36,1.3556,0.8115,9.4633,0.002077,0.000694,0.000441,-0.0014,-0.000123,-0.002771,94.710399,97.746455,77.20272,98.586444,91.074063,113.666051,90.413492,0.001451,2.0,2021-07-01,3.3587499999999997,4.15625,2025-06-16,320.58,4.1,4.33,4.46,3.97,4.23,0.49,103.5948,648397.0,21942.0,23512.717,126.11,52.2,1.77,259.033,2.0,2025-06-16,19.78,20.22,18.67,19.11,0.0,VIX,-0.0821325648414985,2.0,2025-06-16,1.655086799385733,2.173006347219331,420251073087271.06,1.8576776283937344,1.2513095016134388,1.237436976921388,1.3672507344977889,2.0
2025-06-18,2025-06-18,1.1521,144.58,1.3471,1.3683,0.8174,9.5946,-0.001214,-0.003172,-0.003329,0.007066,0.004054,0.01049,94.117046,97.240041,76.967769,97.651323,90.228751,112.845608,89.176203,-0.001988,4.0,2021-07-01,3.3587499999999997,4.15625,2025-06-18,320.58,4.1,4.33,4.38,3.94,4.23,0.44,103.5948,648397.0,21942.0,23512.717,126.11,52.2,1.77,259.033,4.0,2025-06-18,20.9,22.17,19.59,22.17,0.0,VIX,0.0263888888888887,4.0,2025-06-18,1.655677303375282,2.1740327099088996,432591547807192.56,1.858447730307625,1.2519728209238996,1.238164441039714,1.367817529506412,4.0
2025-06-27,2025-06-27,1.1724,144.74,1.372,1.3666,0.7989,9.4765,0.000597,0.002771,-0.002472,0.002715,-0.000125,-0.000707,95.458135,98.95341,76.882686,99.456325,90.340992,115.458756,90.287553,-0.000454,6.0,2021-07-01,3.3587499999999997,4.15625,2025-06-27,320.58,4.1,4.33,4.29,3.73,4.23,0.56,103.5948,648397.0,21942.0,23512.717,126.11,52.2,1.77,259.033,6.0,2025-06-27,16.31,16.58,16.12,16.46,0.0,VIX,-0.0078360458107292,6.0,2025-06-27,1.7038181840959112,2.2627652804193064,7373616665787806.0,1.9233611692174943,1.3104826408793442,1.3033997647489002,1.415593820544076,6.0
